Nama Pemilik,Jenis Pemilik,Nomor Polisi,Provinsi,Alamat Pemilik,Nomor HP,Golongan,Jenis Plat,Tgl Transaksi Terakhir,Tgl Jatuh Tempo,Status Kendaraan,Status Kunjungan
UNIVERSITAS MALIKUSSALEH LHOKSEUMAW,Pemerintahan,BL-7015-N,ACEH,JL. TGK CHIK DITIRO NO. 26 KEL. LANCANG GARAM KEC. BANDA SAKTI KO,82267871544,EP,Merah - Kendaraan Pemerintah,2025-09-23,2026-07-12,BELUM LUNAS,BELUM DIKUNJUNGI
UNIVERSITAS MALIKUSSALEH,Pemerintahan,BL-1074-NJ,ACEH,JL. MEDAN-BANDA ACEH KEL. COT TENGKU NIE REULEUT KEC. BANDA SAKTI,8111111111,DP,Merah - Kendaraan Pemerintah,2025-06-13,2026-07-25,BELUM LUNAS,BELUM DIKUNJUNGI
UNIVERSITAS MALIKUSSALEH,Pemerintahan,BL-1028-NV,ACEH,JL. T. CHIK DITIRO NO. 26 KEL. LANCANG GARAM KEC. BANDA SAKTI KOT,81111111111,DP,Merah - Kendaraan Pemerintah,2025-05-22,2026-05-18,BELUM LUNAS,BELUM DIKUNJUNGI
SEKRETARIAT DPRK ACEH UTARA,Pemerintahan,BL-2588-ND,ACEH,JL. MAYJEN NYAK ADAM KAMIL NO. 1 KEL. SIMPANG EMPAT,8123242526,C1,Merah - Kendaraan Pemerintah,2024-09-13,2025-09-20,BELUM LUNAS,BELUM DIKUNJUNGI
SATKER INFRASTRUKTUR LINGPEMELIHAR,Pemerintahan,BL-1033-NJ,ACEH,JL. KOPERASI NO. 82 KEC. BANDA SAKTI KOTA LHOKSEUMAWE,85262182926,DP,Merah - Kendaraan Pemerintah,2024-07-31,2025-09-12,BELUM LUNAS,BELUM DIKUNJUNGI
PT YAKULT INDONESIA PERSADA,Perusahaan,BL-4648-NAI,ACEH,JL MEDAN-BANDA ACEH KM 270.5 DSN I LOSKALA KEL.BLANG PANYANG KEC.,0,C1,Hitam - Kendaraan Pribadi,2025-08-11,2026-02-20,BELUM LUNAS,BELUM DIKUNJUNGI
PT WAHYU JAYA PRATAMA,Perusahaan,BL-8657-NP,ACEH,KEL. UTEUNKOT KEC. MUARA DUA KOTA LHOKSEUMAWE,0,F,Kuning - Kendaraan Umum,2025-07-09,2026-06-10,BELUM LUNAS,BELUM DIKUNJUNGI
PT VARUNA TIRTA PRAKASYA,Perusahaan,BL-6155-NS,ACEH,JL. NYAK ADAM KAMIL NO. 12 KEL. KEUDE ACEH KEC. BANDA SAKTI KOTA,0,C1,Hitam - Kendaraan Pribadi,2024-12-05,2025-12-06,BELUM LUNAS,BELUM DIKUNJUNGI
PT USAHA JAYA SAMUDRA,Perusahaan,BL-8557-KS,ACEH,JL. MEDAN - BANDA ACEH KEL. KRUENG GEUKUEH KEC. DEWANTARA KAB. AC,85225218550,F,Kuning - Kendaraan Umum,2025-05-28,2026-05-25,BELUM LUNAS,BELUM DIKUNJUNGI
PT USAHA JAYA SAMUDRA,Perusahaan,BL-8609-NH,ACEH,JL. MEDAN-BANDA ACEH KEL.TAMBON BAROH KEC. DEWANTARA KAB. ACEH UT,8527878000,F,Kuning - Kendaraan Umum,2025-08-27,2026-06-08,BELUM LUNAS,BELUM DIKUNJUNGI
PT TUAH BINTANG JASA,Perusahaan,BL-8636-NP,ACEH,JL. MERDEKA BARAT (DEPAN POLRES) NO. 98 KEL. MEUNASAH MESJID KEC.,0,F,Kuning - Kendaraan Umum,2025-09-11,2026-06-14,BELUM LUNAS,BELUM DIKUNJUNGI
PT TUAH BINTANG JASA,Perusahaan,BL-8910-NP,ACEH,JL MERDEKA BARAT (DEPAN POLRES) NO 98 KEL MNS MESJID KEC MUARA DU,85260121700,F,Kuning - Kendaraan Umum,2025-12-19,2026-06-09,BELUM LUNAS,BELUM DIKUNJUNGI
PT TUAH BINTANG JASA,Perusahaan,BL-8716-NP,ACEH,JL. MERDEKA BARAT (DPN POLRES) NO. 98 KEL. MEUNASAH MESJID KEC. M,0,F,Kuning - Kendaraan Umum,2025-06-17,2026-06-17,BELUM LUNAS,BELUM DIKUNJUNGI
PT TUAH BINTANG JASA,Perusahaan,BL-8794-NP,ACEH,JL. MERDEKA BARAT (DEPAN POLRES) NO. 98 KEL. MNS MESJID KEC. MUAR,85324226452,F,Kuning - Kendaraan Umum,2025-06-10,2026-07-20,LUNAS,BELUM DIKUNJUNGI
PT TUAH BINTANG JASA,Perusahaan,BL-8871-NP,ACEH,JL. MERDEKA BARAT ( DEPAN POLRES) NO. 98 KEL. MEUNASAH MESJID KEC,8527878000,F,Kuning - Kendaraan Umum,2024-10-25,2025-10-23,BELUM LUNAS,BELUM DIKUNJUNGI
PT TUAH BINTANG JASA,Perusahaan,BL-8735-NP,ACEH,JL. MERDEKA BARAT KEL. MEUNASAH MESJID KEC. MUARA DUA KOTA LHOKSE,8527878000,F,Kuning - Kendaraan Umum,2025-05-09,2026-04-22,BELUM LUNAS,BELUM DIKUNJUNGI
PT TUAH BINTANG JASA,Perusahaan,BL-8760-NL,ACEH,JL.MERDEKA BARAT (DEPAN POLRES) NO.98 KEL.MNS MESJID KEC. MUARA D,8111111111,F,Kuning - Kendaraan Umum,2025-02-12,2026-02-04,BELUM LUNAS,BELUM DIKUNJUNGI
PT TUAH BINTANG JASA,Perusahaan,BL-8956-NP,ACEH,JL. MERDEKA BARAT NO 98 KEL. MEUNASAH MESJID KEC. MUARA DUA KOTA,81111111111,F,Kuning - Kendaraan Umum,2025-09-22,2026-06-09,BELUM LUNAS,BELUM DIKUNJUNGI
PT TUAH BINTANG JASA,Perusahaan,BL-8723-NH,ACEH,JL. MERDEKA BARAT (DEPAN POLRES) NO. 98 KEL. MEUNASAH MESJID,85211081020,F,Kuning - Kendaraan Umum,2025-04-08,2026-03-20,BELUM LUNAS,BELUM DIKUNJUNGI
PT TUAH BINTANG JASA,Perusahaan,BL-8566-NW,ACEH,JL. MERDEKA BARAT NO. 98 KEL. MEUNASAH MESJID KEC. MUARA DUA KOTA,8527878000,F,Kuning - Kendaraan Umum,2026-03-09,2026-08-01,BELUM LUNAS,BELUM DIKUNJUNGI
PT TUAH BINTANG JASA,Perusahaan,BL-8888-NP,ACEH,JL. MERDEKA BARAT NO 98 KEL. MEUNASAH MESJID KEC. MUARA DUA KOTA,81111111111,F,Kuning - Kendaraan Umum,2025-06-10,2026-04-28,BELUM LUNAS,BELUM DIKUNJUNGI
PT TUAH BINTANG JASA,Perusahaan,BL-8503-NN,ACEH,JL. MERDEKA BARAT (DEPAN POLRES) NO. 98 KEL. MEUNASAH MESJID KEC.,81111111111,F,Kuning - Kendaraan Umum,2024-09-30,2025-09-28,BELUM LUNAS,BELUM DIKUNJUNGI
PT TRANSYSKA KAYRA TRAVELO,Perusahaan,BL-7364-NB,ACEH,JL MEDAN-BANDA ACEH KEL. MEUNASAH MEE KEC. MUARA DUA KOTA LHOKSEU,81111111111,EU,Kuning - Kendaraan Umum,2024-12-12,2025-12-06,BELUM LUNAS,BELUM DIKUNJUNGI
PT TRANSYSKA KAYRA TRAVELO,Perusahaan,BL-7367-N,ACEH,JL MEDAN-BANDA ACEH DESA MEUNASAH MEE KEC MUARA DUA KOTA LHOKSEUM,8,EU,Kuning - Kendaraan Umum,2025-07-11,2026-06-26,BELUM LUNAS,BELUM DIKUNJUNGI
PT TIA JAYA BERSAUDARA,Perusahaan,BL-8911-N,ACEH,JALAN STASIUN CUNDA KEL KEUDE CUNDA KEC MUARA DUA KOTA LHOKSEUMAW,8,F,Kuning - Kendaraan Umum,2025-06-25,2026-06-19,BELUM LUNAS,BELUM DIKUNJUNGI
PT TIA JAYA BERSAUDARA,Perusahaan,BL-8644-N,ACEH,JL. STASIUN CUNDA KEL. KEUDE CUNDA KEC. MUARA DUA KOTA LHOKSEUMAW,811687014,F,Kuning - Kendaraan Umum,2025-07-07,2026-06-25,BELUM LUNAS,BELUM DIKUNJUNGI
PT TASPEN PERSERO LSW,Perusahaan,BL-6882-NY,ACEH,JL. MERDEKA KEL. LANCANG GARAM KEC. BANDA SAKTI KOTA LHOKSEUMAWE,85361914073,C1,Hitam - Kendaraan Pribadi,2024-11-21,2025-12-04,BELUM LUNAS,BELUM DIKUNJUNGI
PT TASPEN PERSERO LHOKSEUMAWE,Perusahaan,BL-8205-NF,ACEH,JL. MERDEKA KOTA LHOKSEUMAWE KEC. BANDA SAKTI KOTA LHOKSEUMAWE,85200000000,F,Hitam - Kendaraan Pribadi,2024-10-22,2025-11-02,BELUM LUNAS,BELUM DIKUNJUNGI
PTSURYA MADISTRINDO,Perusahaan,BL-1245-NY,ACEH,JLN.T MAHARAJA NO.42 C.SP ASMI KEL.KUTA BLANG KEC.BANDA SAKTI KOT,85267604710,DP,Hitam - Kendaraan Pribadi,2025-07-03,2026-05-18,BELUM LUNAS,BELUM DIKUNJUNGI
PT SURYA MADISTRINDO,Perusahaan,BL-8345-NF,ACEH,JL. T. MAHARAJA NO. 42 C SIMPANG ASMI DUSUN III KEL. KUTA BLANG K,0,F,Hitam - Kendaraan Pribadi,2024-08-08,2025-08-21,LUNAS,BELUM DIKUNJUNGI
PT SURYA MADISTRINDO,Perusahaan,BL-1415-NF,ACEH,JL. T. MAHARAJA NO. 42 C SP. ASMI DUSUN III KEL. KUTA BLANG KEC.,8111009019,DP,Hitam - Kendaraan Pribadi,2026-04-30,2026-07-15,BELUM LUNAS,BELUM DIKUNJUNGI
PT SURYA MADISTRINDO,Perusahaan,BL-8168-NG,ACEH,JL. MEDAN-B.ACEH DSN. TGK. DI BANGKA GP. MNS. MESJID KEC. MUARA D,81251111149,DP,Hitam - Kendaraan Pribadi,2025-10-14,2026-07-31,BELUM LUNAS,BELUM DIKUNJUNGI
PT SURYA MADISTRINDO,Perusahaan,BL-8104-NG,ACEH,JL. MEDAN B. ACEH DSN TGK DI BANGKA GP. MNS MESJID KEC. MUARA DUA,81263251487,DP,Hitam - Kendaraan Pribadi,2025-01-06,2026-01-18,BELUM LUNAS,BELUM DIKUNJUNGI
PT SURYA MADISTRINDO,Perusahaan,BL-8245-NG,ACEH,JL. MEDAN-B. ACEH DSN. TGK. DI BANGKA GP. MNS. MESJID KEC. MUARA,8111111111,F,Hitam - Kendaraan Pribadi,2025-07-07,2026-07-13,BELUM LUNAS,BELUM DIKUNJUNGI
PT SURYA MADISTRINDO,Perusahaan,BL-8432-NF,ACEH,JL. MEDAN - BANDA ACEH DUSUN TGK. DI BANGKA KEL. MNS MESJID KEC.,8111111111,DP,Hitam - Kendaraan Pribadi,2025-04-11,2026-05-02,LUNAS,BELUM DIKUNJUNGI
PT SURYA MADISTRINDO,Perusahaan,BL-8116-NF,ACEH,JL.T. MAHARAJA NO.42 C SP.ASMI DSN III GMPG KUTA BLG,0,DP,Hitam - Kendaraan Pribadi,2024-12-09,2025-12-01,BELUM LUNAS,BELUM DIKUNJUNGI
PT SURYA MADISTRINDO,Perusahaan,BL-8250-NS,ACEH,JL. MEDAN-BANDA ACEH KEL. MEUNASAH MESJID KEC. MUARA DUA KOTA LHO,81363636363,DP,Hitam - Kendaraan Pribadi,2025-01-15,2025-12-10,BELUM LUNAS,BELUM DIKUNJUNGI
PT SURYA MADISTRINDO,Perusahaan,BL-8431-NF,ACEH,JL. MEDAN - BANDA ACEH DSN. TGK. DI BANGKA KEL. MNS. MESJID KEC.,0,DP,Hitam - Kendaraan Pribadi,2025-04-11,2026-05-02,BELUM LUNAS,BELUM DIKUNJUNGI
PT SURYA MADISTRINDO,Perusahaan,BL-1746-NG,ACEH,JL. MEDAN - BANDA ACEH DUSUN TGK. DIBANGKA KEL. GAMPONG MEUNASAH,81251111149,DP,Hitam - Kendaraan Pribadi,2025-07-07,2026-07-22,BELUM LUNAS,BELUM DIKUNJUNGI
PT SURYA MADISTRINDO,Perusahaan,BL-1745-NG,ACEH,JL. MEDAN - BANDA ACEH DUSUN TGK. DIBANGKA KEL. GAMPONG MEUNASAH,81251111149,DP,Hitam - Kendaraan Pribadi,2025-07-07,2026-07-22,BELUM LUNAS,BELUM DIKUNJUNGI
PT SURYA MADISTRINDO,Perusahaan,BL-8174-NG,ACEH,JL. MEDAN-B. ACEH DSN. TGK. DIBANGKA DS. GP. MNS. MESJID KEC. MUA,81251111149,DP,Hitam - Kendaraan Pribadi,2025-11-04,2026-07-31,BELUM LUNAS,BELUM DIKUNJUNGI
PT SURYA MADISTRINDO,Perusahaan,BL-8169-NG,ACEH,JL. MEDAN - B. ACEH DSN. TGK DI BANGKA GP. MNS MESJID KEC. MUARA,81251111149,DP,Hitam - Kendaraan Pribadi,2025-10-14,2026-07-31,BELUM LUNAS,BELUM DIKUNJUNGI
PT SURYA KANDILA,Perusahaan,BL-1712-NF,ACEH,JL. MALIKUSSALEH KEL. LANCANG GARAM KEC. BANDA SAKTI KOTA LHOKSEU,8578958553,DP,Hitam - Kendaraan Pribadi,2026-06-18,2026-07-14,BELUM LUNAS,BELUM DIKUNJUNGI
PT SURYA KANDILA,Perusahaan,BL-8329-NF,ACEH,JL. MALIKUSSALEH KEL. LANCANG GARAM KEC. BANDA SAKTI KOTA LHOKSEU,8653232756,F,Hitam - Kendaraan Pribadi,2024-10-21,2025-09-05,BELUM LUNAS,BELUM DIKUNJUNGI
PT SUMATRA TOBACCO TRADING COMPANY,Perusahaan,BL-8117-N,ACEH,JL. MERDEKA NO. 7 KEC. BANDA SAKTI KOTA LHOKSEUMAWE,0,DP,Hitam - Kendaraan Pribadi,2025-12-29,2026-06-23,BELUM LUNAS,BELUM DIKUNJUNGI
PT SUMATERA TOBACCO TRADING COMPAN,Perusahaan,BL-8125-N,ACEH,JL. MERDEKA NO. 7 KEC. BANDA SAKTI KOTA LHOKSEUMAWE,85260121700,F,Hitam - Kendaraan Pribadi,2025-05-26,2026-06-24,BELUM LUNAS,BELUM DIKUNJUNGI
PT SINAR MUTIARA JAYA,Perusahaan,BL-9211-DB,ACEH,JL. BANDA ACEH - MEDAN KEL. JULOK TUNONG KEC. JULOK KAB. ACEH TIM,82356487457,A,Hitam - Kendaraan Pribadi,2024-11-01,2025-12-10,BELUM LUNAS,BELUM DIKUNJUNGI
PT SINAR MITRA SEPADAN FINANCE,Perusahaan,BL-1261-NJ,ACEH,JL. DARUSSALAM NO. 45 KEL. HAGU SELATAN KEC. BANDA SAKTI KOTA LHO,0,DP,Hitam - Kendaraan Pribadi,2025-12-10,2026-04-16,BELUM LUNAS,BELUM DIKUNJUNGI
PTSERBA CEMERLANG,Perusahaan,BL-8732-NP,ACEH,"JL. KAMBOJA NO.101 B, KEL. KUTA BLANG KEC. BANDA SAKTI KOTA LHOKS",0,F,Kuning - Kendaraan Umum,2024-07-26,2025-10-01,BELUM LUNAS,BELUM DIKUNJUNGI
PT SERBA CEMERLANG,Perusahaan,BL-8524-NP,ACEH,JL. KAMBOJA NO. 101 B KEL. KUTA BLANG KEC. BANDA SAKTI KOTA LHOKS,81234567,F,Kuning - Kendaraan Umum,2024-12-30,2025-09-16,BELUM LUNAS,BELUM DIKUNJUNGI
PT SERBA CEMERLANG,Perusahaan,BL-8513-NP,ACEH,JL. KAMBOJA NO. 101 B KEL. KUTA BLANG KEC. BANDA SAKTI KOTA LHOKS,85260121700,F,Kuning - Kendaraan Umum,2025-08-13,2026-08-01,LUNAS,BELUM DIKUNJUNGI
PT SERBA CEMERLANG,Perusahaan,BL-8985-NH,ACEH,JL. KAMBOJA NO. 101 B KEL. KUTA BLANG KEC. BANDA SAKTI KOTA LHOKS,0,F,Kuning - Kendaraan Umum,2025-08-08,2026-07-18,BELUM LUNAS,BELUM DIKUNJUNGI
PTSASTRA TRANSPORT BERSAMA,Perusahaan,BL-7455-NL,ACEH,JL. MERDEKA NO. 129 KEL. MON GEUDONG,81261403143,EU,Kuning - Kendaraan Umum,2025-01-02,2025-09-13,BELUM LUNAS,BELUM DIKUNJUNGI
PTSASTRA TRANSPORT BERSAMA,Perusahaan,BL-1303-NB,ACEH,JL.MERDEKA NO.14 LHOKSEUMAWE,85370137722,DU,Kuning - Kendaraan Umum,2024-08-13,2025-09-14,BELUM LUNAS,BELUM DIKUNJUNGI
PT SASTRA TRANSPORT BERSAMA,Perusahaan,BL-7466-NL,ACEH,JL. PASE NO. 5 A KEC. BANDA SAKTI KOTA LHOKSEUMAWE,8552222222,EU,Kuning - Kendaraan Umum,2025-03-21,2026-03-23,BELUM LUNAS,BELUM DIKUNJUNGI
PT SASTRA TRANSPORT BERSAMA,Perusahaan,BL-7353-NL,ACEH,JL. PASE NO. 3 A KEL. KOTA LHOKSEUMAWE,85211080268,EU,Kuning - Kendaraan Umum,2024-11-18,2025-11-16,BELUM LUNAS,BELUM DIKUNJUNGI
PT SASTRA TRANSPORT BERSAMA,Perusahaan,BL-1452-NL,ACEH,"JLN PASE NO,03 A TELP 46704 LHOKSEUMAWE",85260121700,EU,Kuning - Kendaraan Umum,2025-01-16,2026-01-18,BELUM LUNAS,BELUM DIKUNJUNGI
PT SASTRA TRANSPORT BERSAMA,Perusahaan,BL-1863-NB,ACEH,JL. PASE NO. 3 A LHOKSEUMAWE,85231108080,EU,Kuning - Kendaraan Umum,2024-11-13,2026-01-22,BELUM LUNAS,BELUM DIKUNJUNGI
PT SASTRA TRANSPORT BERSAMA,Perusahaan,BL-7812-NB,ACEH,JL. PASE NO. 5A KEL. KOTA LHOKSEUMAWE,85231108140,EU,Kuning - Kendaraan Umum,2025-03-06,2026-01-23,BELUM LUNAS,BELUM DIKUNJUNGI
PT SASTRA TRANPORT BERSAMA,Perusahaan,BL-1952-NB,ACEH,JL. RAJAWALI NO. 83 KEL. PANGGOI KEC. MUARA DUA KOTA LHOKSEUMAWE,85260121700,EU,Kuning - Kendaraan Umum,2025-05-22,2026-05-23,BELUM LUNAS,BELUM DIKUNJUNGI
PT SARANG MAS MURNI,Perusahaan,BL-9540-KI,ACEH,DS. TAMBON BAROH,81260087882,F,Kuning - Kendaraan Umum,2025-04-08,2025-08-30,BELUM LUNAS,BELUM DIKUNJUNGI
PTSAMUDRA PUSAKA JAYA,Perusahaan,BL-1903-NB,ACEH,JLN.CUT MUTIA NO.8 KOTA LHOKSEUMAWE,85261447720,EU,Kuning - Kendaraan Umum,2026-04-30,2026-07-17,BELUM LUNAS,BELUM DIKUNJUNGI
PTSAMUDRA PUSAKA JAYA,Perusahaan,BL-1946-NB,ACEH,JL. CUT MEUTIA NO. 8 KEC. BANDA SAKTI KOTA LHOKSEUMAWE,85270720786,EU,Kuning - Kendaraan Umum,2025-11-21,2026-07-20,BELUM LUNAS,BELUM DIKUNJUNGI
PTSAMUDRA PUSAKA JAYA,Perusahaan,BL-7322-NB,ACEH,JL. CUT MEUTIA NO. 08 KEC. BANDA SAKTI KOTA LHOKSEUMAWE,85555522555,EU,Kuning - Kendaraan Umum,2024-10-16,2025-10-30,BELUM LUNAS,BELUM DIKUNJUNGI
PTSAMUDRA PUSAKA JAYA,Perusahaan,BL-7630-NB,ACEH,JL. CUT MEUTIA NO. 8 KEL. PUSONG BARU KEC. BANDA SAKTI KOTA LHOKS,85260121700,EU,Kuning - Kendaraan Umum,2025-03-18,2026-03-20,BELUM LUNAS,BELUM DIKUNJUNGI
PTSAMUDRA PUSAKA JAYA,Perusahaan,BL-1889-NB,ACEH,JLN CUT MUTIA NO 8 KEC. BANDA SAKTI KOTA LHOKSEUMAWE,811111111,EU,Kuning - Kendaraan Umum,2025-06-02,2026-05-30,BELUM LUNAS,BELUM DIKUNJUNGI
PT SAMUDRA PUSAKA JAYA,Perusahaan,BL-1210-N,ACEH,JL. CUT MUTIA NO.8 KEL. PUSONG BARO KEC. BANDA SAKTI KOTA LHOKSEM,82325655650,EU,Kuning - Kendaraan Umum,2025-05-19,2025-09-05,BELUM LUNAS,BELUM DIKUNJUNGI
PT SAMUDRA PUSAKA JAYA,Perusahaan,BL-1654-NW,ACEH,JL. CUT MEUTIA NO. 8 DUSUN I KEL. PUSONG BARU KEC. BANDA SAKTI KO,81111111111,EU,Kuning - Kendaraan Umum,2024-09-26,2025-09-14,BELUM LUNAS,BELUM DIKUNJUNGI
PT SAMUDRA PUSAKA JAYA,Perusahaan,BL-1375-NL,ACEH,JL.CUT MEUTIA NO.8 LHOKSEUMAWE,85260121700,DU,Kuning - Kendaraan Umum,2025-05-07,2026-04-06,BELUM LUNAS,BELUM DIKUNJUNGI
PT SAMUDRA PUSAKA JAYA,Perusahaan,BL-1654-NB,ACEH,JL. CUT MUTIA NO. 8 LHOKSEUMAWE KEC. BANDA SAKTI KOTA LHOKSEUMAWE,82525212521,EU,Kuning - Kendaraan Umum,2024-10-08,2025-10-18,BELUM LUNAS,BELUM DIKUNJUNGI
PT SAMUDRA PUSAKA JAYA,Perusahaan,BL-1206-N,ACEH,JL. CUT MUTIA NO. 8 KEL. PUSONG BARU,85260477955,EU,Kuning - Kendaraan Umum,2025-01-06,2026-01-07,BELUM LUNAS,BELUM DIKUNJUNGI
PT SAMUDRA PUSAKA JAYA,Perusahaan,BL-1318-N,ACEH,JL. CUT MEUTIA NO. 08 DUSUN I KEL. PUSONG BARU KEC. BANDA SAKTI K,85277073060,EU,Kuning - Kendaraan Umum,2025-07-18,2026-07-20,BELUM LUNAS,BELUM DIKUNJUNGI
PT SAMUDRA PUSAKA JAYA,Perusahaan,BL-1923-NB,ACEH,JL. CUT MEUTIA NO. 8 KEL. LHOKSEUMAWE KEC. BANDA SAKTI KOTA LHOKS,85260121700,EU,Kuning - Kendaraan Umum,2025-07-08,2026-07-06,BELUM LUNAS,BELUM DIKUNJUNGI
PT SAMUDRA PUSAKA JAYA,Perusahaan,BL-1709-NB,ACEH,JL. CUT MEUTIA NO. 8 KEL. LHOKSEUMAWE KEC. BANDA SAKTI KOTA LHOKS,0,EU,Kuning - Kendaraan Umum,2026-04-06,2026-07-27,BELUM LUNAS,BELUM DIKUNJUNGI
PT SAMUDRA PUSAKA JAYA,Perusahaan,BL-1317-N,ACEH,JL. CUT MEUTIA NO. 8 DUSUN I KEL. PUSONG BARU KEC. BANDA SAKTI KO,811111111,EU,Kuning - Kendaraan Umum,2025-07-28,2026-07-26,BELUM LUNAS,BELUM DIKUNJUNGI
PT SAMUDRA PUSAKA JAYA,Perusahaan,BL-1325-N,ACEH,JL. CUT MEUTIA NO.8 DSN. I KEL. GP PUSONG BARU KOTA LHOKSEUMAWE,85278780000,EU,Kuning - Kendaraan Umum,2024-10-10,2025-10-10,BELUM LUNAS,BELUM DIKUNJUNGI
PT SAMUDRA PUSAKA JAYA,Perusahaan,BL-1318-NB,ACEH,JL. CUT MUTIA NO. 08 KEL. PUSONG BARU KEC. BANDA SAKTI KOTA LHOKS,80000000000,EU,Kuning - Kendaraan Umum,2025-03-10,2025-11-24,BELUM LUNAS,BELUM DIKUNJUNGI
PT SAMUDRA PUSAKA JAYA,Perusahaan,BL-1314-N,ACEH,JL. CUT MEUTIA NO.8 DSN. I KEL. GP PUSONG BARU KEC. BANDA SAKTI K,812345678,EU,Kuning - Kendaraan Umum,2024-12-03,2025-08-30,BELUM LUNAS,BELUM DIKUNJUNGI
PT SAMUDRA PUSAKA JAYA,Perusahaan,BL-7326-N,ACEH,JL. CUT MUTIA NO. 08 KOTA LHOKSEUMAWE KEC. BANDA SAKTI KOTA LHOKS,81363636336,EU,Kuning - Kendaraan Umum,2025-04-09,2026-03-09,BELUM LUNAS,BELUM DIKUNJUNGI
PT SAMUDRA PUSAKA JAYA,Perusahaan,BL-1972-NB,ACEH,JL. CUT MEUTIA NO. 8 KOTA LHOKSEUMAWE KEC. BANDA SAKTI KOTA LHOKS,81354888545,EU,Kuning - Kendaraan Umum,2024-12-23,2025-09-07,BELUM LUNAS,BELUM DIKUNJUNGI
PT SAMUDRA PUSAKA JAYA,Perusahaan,BL-1833-NB,ACEH,JL. CUT MUTIA NO. 8 KEL. PUSONG BARU KEC. BANDA SAKTI KOTA LHOKSE,85277401605,EU,Kuning - Kendaraan Umum,2025-07-28,2026-07-27,BELUM LUNAS,BELUM DIKUNJUNGI
PT SAMUDRA PUSAKA JAYA,Perusahaan,BL-1936-NB,ACEH,JL. CUT MEUTIA 8 DUSUN I KEL. PUSONG BARU KEC. BANDA SAKTI KOTA L,8,EU,Kuning - Kendaraan Umum,2024-10-21,2025-10-18,BELUM LUNAS,BELUM DIKUNJUNGI
PT SAMUDRA PUSAKA JAYA,Perusahaan,BL-1443-NV,ACEH,KOMP. TERMINAL BUS LR. I KEL. MON GEUDONG KEC. BANDA SAKTI KOTA L,8527878000,EU,Kuning - Kendaraan Umum,2025-10-13,2026-07-31,LUNAS,BELUM DIKUNJUNGI
PT SAMUDRA PUSAKA JAYA,Perusahaan,BL-1985-NL,ACEH,JL. CUT MEUTIA NO. 8 KEL. KOTA LHOKSEUMAWE KEC. BANDA SAKTI KOTA,82256545870,EU,Kuning - Kendaraan Umum,2025-06-02,2026-06-03,BELUM LUNAS,BELUM DIKUNJUNGI
PT SAMUDRA PUSAKA JAYA,Perusahaan,BL-1859-NB,ACEH,JL. CUT MEUTIA NO.8 KOTA LHOKSEUMAWE,85371079107,EU,Kuning - Kendaraan Umum,2024-11-20,2025-10-29,BELUM LUNAS,BELUM DIKUNJUNGI
PT SAMUDRA PUSAKA JAYA,Perusahaan,BL-7653-NB,ACEH,JL. CUT MUTIA KEC. BANDA SAKTI KOTA LHOKSEUMAWE,85675425874,EU,Kuning - Kendaraan Umum,2024-08-30,2025-09-04,BELUM LUNAS,BELUM DIKUNJUNGI
PT SAMUDRA PUSAKA JAYA,Perusahaan,BL-1856-NB,ACEH,JL. CUT MEUTIA NO.8 KOTA LHOKSEUMAWE,85260121700,EU,Kuning - Kendaraan Umum,2024-12-12,2025-11-25,BELUM LUNAS,BELUM DIKUNJUNGI
PT SAMUDRA PUSAKA JAYA,Perusahaan,BL-7641-NB,ACEH,JL. CUT MUTIA NO. 08 KEL. KOTA LHOKSEUMAWE KEC. BANDA SAKTI KOTA,85260121700,EU,Kuning - Kendaraan Umum,2025-08-21,2026-04-21,BELUM LUNAS,BELUM DIKUNJUNGI
PT SAMUDRA PUSAKA JAYA,Perusahaan,BL-7305-NB,ACEH,JL. CUT MUTIA NO. 8 KEL. PUSONG BARU KEC. BANDA SAKTI KOTA LHOKSE,0,EU,Kuning - Kendaraan Umum,2025-04-15,2026-02-22,BELUM LUNAS,BELUM DIKUNJUNGI
PT SAMUDRA PUSAKA JAYA,Perusahaan,BL-7518-NB,ACEH,JL. CUT MEUTIA NO. 8 KEC. BANDA SAKTI KOTA LHOKSEUMAWE,81111111111,EU,Kuning - Kendaraan Umum,2024-07-17,2025-09-03,BELUM LUNAS,BELUM DIKUNJUNGI
PT SAMUDERA PUSAKA JAYA,Perusahaan,BL-7650-NB,ACEH,JL. CUT MUTIA NO. 08 KEL. PUSONG BARU KEC. BANDA SAKTI KOTA LHOKS,85260054555,EU,Kuning - Kendaraan Umum,2025-06-11,2026-05-08,BELUM LUNAS,BELUM DIKUNJUNGI
PT SAMUDERA PUSAKA JAYA,Perusahaan,BL-1965-NB,ACEH,JL.CUT MEUTIA NO.8,0,EU,Kuning - Kendaraan Umum,2025-06-10,2026-04-30,BELUM LUNAS,BELUM DIKUNJUNGI
PT SAMUDERA PUSAKA JAYA,Perusahaan,BL-1819-NB,ACEH,JL CUT MEUTIA NO.8  LHOKSEUMAWE KEC. BANDA SAKTI KOTA LHOKSEUMAWE,85296005252,EU,Kuning - Kendaraan Umum,2025-02-11,2026-01-16,BELUM LUNAS,BELUM DIKUNJUNGI
PT SAMUDERA  PUSAKA JAYA,Perusahaan,BL-1484-NL,ACEH,JL. CUT MUTIA NO. 8 KEL. KOTA LHOKSEUMAWE KEC. BANDA SAKTI KOTA L,8528787800,EU,Kuning - Kendaraan Umum,2025-06-13,2026-04-05,BELUM LUNAS,BELUM DIKUNJUNGI
PT SALAM TRANSPORT,Perusahaan,BL-1877-NB,ACEH,JL. MERDEKA NO. 9 KEL. KEUDE CUNDA KEC. MUARA DUA KOTA LHOKSEUMAW,81111111111,EU,Kuning - Kendaraan Umum,2025-05-15,2026-03-18,BELUM LUNAS,BELUM DIKUNJUNGI
PTSALAM PUSAKA FAMILINDO,Perusahaan,BL-1217-NB,ACEH,JL. MERDEKA NO. 9 CUNDA KEC. MUARA DUA KOTA LHOKSEUMAWE,0,EU,Kuning - Kendaraan Umum,2024-12-27,2025-12-17,BELUM LUNAS,BELUM DIKUNJUNGI
PTSALAM PUSAKA FAMILINDO,Perusahaan,BL-1837-NB,ACEH,JL. MERDEKA NO. 09 CUNDA KEC. MUARA DUA KOTA LHOKSEUMAWE,85260103652,DU,Kuning - Kendaraan Umum,2026-04-17,2026-07-01,BELUM LUNAS,BELUM DIKUNJUNGI
PT SALAM PUSAKA FAMILINDO,Perusahaan,BL-7591-NB,ACEH,JL. MERDEKA NO.9 CUNDA LHOKSEUMAWE,85200000000,EU,Kuning - Kendaraan Umum,2025-01-15,2025-09-07,BELUM LUNAS,BELUM DIKUNJUNGI
PT SALAM PUSAKA FAMILINDO,Perusahaan,BL-1268-NB,ACEH,JL. MERDEKA NO. 09 KEL. KEUDE CUNDA KEC. MUARA DUA KOTA LHOKSEUMA,9085277842003,DU,Kuning - Kendaraan Umum,2025-04-28,2025-10-28,BELUM LUNAS,BELUM DIKUNJUNGI
PT SALAM PUSAKA FAMILINDO,Perusahaan,BL-7318-NB,ACEH,JL. MERDEKA NO. 09 KEL. KEUDE CUNDA,85131108093,EU,Kuning - Kendaraan Umum,2024-09-27,2025-09-14,BELUM LUNAS,BELUM DIKUNJUNGI
PT SALAM PUSAKA FAMILINDO,Perusahaan,BL-7302-N,ACEH,JL. MERDEKA NO.9 GMPG KEUDE CUNDA,85260121700,EU,Kuning - Kendaraan Umum,2025-06-16,2026-01-28,BELUM LUNAS,BELUM DIKUNJUNGI
PT SALAM PUSAKA FAMILINDO,Perusahaan,BL-7408-NL,ACEH,JLN. MERDEKA NO.104 KEL. KOTA LHOKSEUMAWE KEC. BANDA SAKTI KOTA L,85260121700,EU,Kuning - Kendaraan Umum,2025-08-26,2026-07-13,BELUM LUNAS,BELUM DIKUNJUNGI
PT SALAM PUSAKA FAMILINDO,Perusahaan,BL-1519-NL,ACEH,JL. MERDEKA NO. 9 KEL. KEUDE CUNDA KEC. MUARA DUA KOTA LHOKSEUMAW,81111111111,EU,Kuning - Kendaraan Umum,2025-04-17,2026-03-23,BELUM LUNAS,BELUM DIKUNJUNGI
PT SALAM PUSAKA FAMILINDO,Perusahaan,BL-7321-N,ACEH,DSN. SYAHBANDA LAMA DS. GAMPONG KEUDE CUNDA KEC. MUARA DUA KOTA L,85260121700,EU,Kuning - Kendaraan Umum,2024-10-30,2025-10-24,LUNAS,BELUM DIKUNJUNGI
PT SALAM PUSAKA FAMILINDO,Perusahaan,BL-1626-NB,ACEH,JL. MERDEKA NO. 9 KEL. KEUDE CUNDA KEC. MUARA DUA KOTA LHOKSEUMAW,85260121700,DU,Kuning - Kendaraan Umum,2024-09-20,2025-09-20,BELUM LUNAS,BELUM DIKUNJUNGI
PT SALAM PUSAKA FAMILINDO,Perusahaan,BL-7352-NL,ACEH,JL. MERDEKA NO. 9 KOTA LHOKSEUMAWE KEC BANDA SAKTI KOTA LHOKSEUMA,85215132448,EU,Kuning - Kendaraan Umum,2025-04-22,2025-10-07,BELUM LUNAS,BELUM DIKUNJUNGI
PT RASYA TAMBON PRATAMA,Perusahaan,BL-8621-KS,ACEH,JL. MEDAN - BANDA ACEH DUSUN 1 KEL. TAMBON BAROH KEC. DEWANTARA K,85261115931,F,Kuning - Kendaraan Umum,2025-08-05,2026-03-14,BELUM LUNAS,BELUM DIKUNJUNGI
PT RASYA TAMBON PRATAMA,Perusahaan,BL-8557-KU,ACEH,JLN. MEDAN B ACEH NO. 48 TAMBON BAROH KEC. DEWANTARA KAB. ACEH UT,85277324673,F,Kuning - Kendaraan Umum,2025-08-05,2026-05-02,BELUM LUNAS,BELUM DIKUNJUNGI
PT RASYA TAMBON PRATAMA,Perusahaan,BL-8559-KU,ACEH,JL. MEDAN-BANDA ACEH NO. 48 KEL. TAMBON BAROH KEC. DEWANTARA KAB.,85277324673,F,Kuning - Kendaraan Umum,2025-08-05,2026-05-02,BELUM LUNAS,BELUM DIKUNJUNGI
PT PUPUK ISKANDAR MUDA,Perusahaan,BL-8301-KE,ACEH,JL. MEDAN - BANDA ACEH,80000000000,F,Hitam - Kendaraan Pribadi,2024-12-06,2025-10-19,BELUM LUNAS,BELUM DIKUNJUNGI
PT PUPUK ISKANDAR MUDA,Perusahaan,BL-7167-KB,ACEH,JL. MEDAN - B. ACEH KRUENG GEUKEUH,80000000000,EP,Hitam - Kendaraan Pribadi,2024-11-26,2025-10-16,BELUM LUNAS,BELUM DIKUNJUNGI
PT PRO CAR INTERNASIONAL,Perusahaan,BL-1488-NP,ACEH,JL. SAMUDERA BARU NO. 09B KEL. SIMPANG EMPAT KEC. BANDA SAKTI KOT,82278540559,DP,Hitam - Kendaraan Pribadi,2025-05-09,2025-12-19,BELUM LUNAS,BELUM DIKUNJUNGI
PT PERTAMINA PATRA NIAGA,Perusahaan,BL-9206-N,ACEH,JALAN SAMUDERA NOMOR 2 KEL. HAGU TEUNGOH KEC. BANDA SAKTI KOTA LH,8,A,Hitam - Kendaraan Pribadi,2025-05-28,2026-05-23,BELUM LUNAS,BELUM DIKUNJUNGI
PTPERSEROPELABUHAN INDO I CAB LHO,Perusahaan,BL-1603-NH,ACEH,JLN. PELABUHAN UMUM KRUENG GEUKUEH KEC. MUARA SATU KOTA LHOKSEUMA,82275735127,DP,Hitam - Kendaraan Pribadi,2026-02-24,2026-07-08,BELUM LUNAS,BELUM DIKUNJUNGI
PTPELAYARAN NASIONAL INDONESIA,Perusahaan,BL-1395-NV,ACEH,JL.MERDEKA NO.72. KEC.BANDA SAKTI KOTA LHOKSEUMAWE,85277817521,DP,Hitam - Kendaraan Pribadi,2025-10-30,2026-07-11,BELUM LUNAS,BELUM DIKUNJUNGI
PTPASHA JAYA,Perusahaan,BL-8722-NB,ACEH,JL.MEDAN B.ACEH BATUPHAT,812693544,F,Kuning - Kendaraan Umum,2025-05-14,2026-05-12,LUNAS,BELUM DIKUNJUNGI
PTPANGGOI JAYA ABADI,Perusahaan,BL-8613-NP,ACEH,DUSUN A BAHAGIA KEL. PANGGOI KEC. MUARA DUA KOTA LHOKSEUMAWE,81360145337,F,Kuning - Kendaraan Umum,2025-08-25,2026-04-04,BELUM LUNAS,BELUM DIKUNJUNGI
PTPANGGOI JAYA ABADI,Perusahaan,BL-8721-N,ACEH,JL.BANDA ACEH - MEDAN NO.60 DUSUN.A BAHAGIA KEL PANGGOI KEC MUARA,823456567,F,Kuning - Kendaraan Umum,2025-07-09,2026-07-10,BELUM LUNAS,BELUM DIKUNJUNGI
PT PANGGOI JAYA ABADI,Perusahaan,BL-8861-NL,ACEH,JL. B. ACEH - MEDAN NO. 60 DSN A. BAHAGIA KEL PANGGOI,81360145337,F,Kuning - Kendaraan Umum,2024-11-12,2025-11-07,BELUM LUNAS,BELUM DIKUNJUNGI
PT PANGGOI JAYA ABADI,Perusahaan,BL-8873-NL,ACEH,"JL.B.ACEH-MDN, DSN A BAHAGIA PANGGOI KEL.PANGGOI",85260121700,F,Kuning - Kendaraan Umum,2024-12-18,2025-11-28,BELUM LUNAS,BELUM DIKUNJUNGI
PT PANGGOI JAYA ABADI,Perusahaan,BL-8563-NP,ACEH,JL MEDAN-B.ACEH KEL PANGGOI,81360145337,F,Kuning - Kendaraan Umum,2024-11-04,2025-10-13,BELUM LUNAS,BELUM DIKUNJUNGI
PT PANGGOI JAYA ABADI,Perusahaan,BL-8945-NH,ACEH,JL. BANDA ACEH - MEDAN NO.60 KEL PANGGOI KEC. MUARA DUA KOTA LHOK,81360145337,F,Kuning - Kendaraan Umum,2025-05-27,2026-05-25,BELUM LUNAS,BELUM DIKUNJUNGI
PT PANGGOI JAYA ABADI,Perusahaan,BL-8816-NH,ACEH,JL. BANDA ACEH-MEDAN NO. 60 KEL. COT PANGGOI KEC. MUARA DUA KOTA,81360145337,F,Kuning - Kendaraan Umum,2025-09-22,2026-05-25,LUNAS,BELUM DIKUNJUNGI
PT PANGGOI JAYA ABADI,Perusahaan,BL-8611-NB,ACEH,DUSUN A BAHAGIA KEL. PANGGOI,81360145337,F,Kuning - Kendaraan Umum,2025-07-16,2026-05-21,BELUM LUNAS,BELUM DIKUNJUNGI
PTPANCA KARYA PERKASA,Perusahaan,BL-8671-KS,ACEH,DUSUN TGK. DI COT KEL. MANE TUNONG KEC. MUARA BATU KAB. ACEH UTAR,8523532323,F,Kuning - Kendaraan Umum,2025-05-23,2026-05-24,BELUM LUNAS,BELUM DIKUNJUNGI
PTPANCA KARYA PERKASA,Perusahaan,BL-8723-KS,ACEH,DSN TGK.DI COT DS.MANE TUNONG,81103113112,F,Kuning - Kendaraan Umum,2025-11-22,2026-07-27,BELUM LUNAS,BELUM DIKUNJUNGI
PT PANCA KARYA PERKASA,Perusahaan,BL-8506-NH,ACEH,DUSUN TGK DI COT KEL. MANE TUNONG KEC. MUARA BATU KAB. ACEH UTARA,82367981092,F,Kuning - Kendaraan Umum,2024-11-01,2025-10-04,BELUM LUNAS,BELUM DIKUNJUNGI
PTNUSA INDAH ABADIJAYA,Perusahaan,BL-1797-NB,ACEH,JL.SYAMSYUDDIN AS SUMANTRANI NO.76,81362009595,EU,Kuning - Kendaraan Umum,2025-06-11,2025-11-15,BELUM LUNAS,BELUM DIKUNJUNGI
PTNUSA INDAH ABADI JAYA,Perusahaan,BL-1917-NB,ACEH,JL. SYEEH SYAMSUDDIN AS SUMATRANI NO. 76 KEL. MON GEUDONG KEC. BA,81361527719,EU,Kuning - Kendaraan Umum,2025-06-02,2026-05-29,BELUM LUNAS,BELUM DIKUNJUNGI
PT NUSA INDAH ABADI JAYA,Perusahaan,BL-1891-N,ACEH,JL. SYECH SYAMSUDDIN AS SUMATRANI NO.76 KEL. MON GEUDONG KEC. BAN,85260232263,EU,Kuning - Kendaraan Umum,2025-05-19,2026-05-18,BELUM LUNAS,BELUM DIKUNJUNGI
PTNURI JAYA TRANSPORT,Perusahaan,BL-1760-NB,ACEH,JL.MERDEKA 73 MON GEUDONG,85296134435,EU,Kuning - Kendaraan Umum,2025-05-16,2026-05-17,BELUM LUNAS,BELUM DIKUNJUNGI
PT NURI JAYA TRANSPORT,Perusahaan,BL-7475-NL,ACEH,JL MERDEKA BARAT NO 22 KOMP TERMINAL BUS MON GEUDONG,85260121700,EU,Kuning - Kendaraan Umum,2024-12-03,2025-10-19,BELUM LUNAS,BELUM DIKUNJUNGI
PT NURI JAYA TRANSPORT,Perusahaan,BL-1609-NB,ACEH,JL. MERDEKA BARAT NO. 22 KOMP. TERMINAL KEL. MON GEUDONG KEC. BAN,85263258526,DU,Kuning - Kendaraan Umum,2025-12-22,2026-03-31,BELUM LUNAS,BELUM DIKUNJUNGI
PT NURI JAYA TRANSPORT,Perusahaan,BL-7613-NB,ACEH,KOMPLEK TERMINAL BUS NO. 22 KEL. MON GEUDONG KEC. BANDA SAKTI KOT,0,EU,Kuning - Kendaraan Umum,2024-10-03,2025-10-03,BELUM LUNAS,BELUM DIKUNJUNGI
PT NURI JAYA TRANSPORT,Perusahaan,BL-1706-NB,ACEH,JL. MERDEKA NO. 73 KEL. MON GEUDONG KEC. BANDA SAKTI KOTA LHOKSEU,85260121700,EU,Kuning - Kendaraan Umum,2025-08-01,2026-07-23,BELUM LUNAS,BELUM DIKUNJUNGI
PT NIAGA GAS,Perusahaan,BL-8741-N,ACEH,JL. DARUSSALAM NO.06 GAMPONG UJONG BLANG,81269636363,F,Kuning - Kendaraan Umum,2025-03-11,2025-12-28,BELUM LUNAS,BELUM DIKUNJUNGI
PTMUNARA MAJU UTAMA,Perusahaan,BL-8468-NG,ACEH,JALAN DARUSSALAM GANG KENARI NOMOR 6 KEL. JAWA BARU KEC. BANDA SA,0,F,Hitam - Kendaraan Pribadi,2025-04-17,2026-07-21,BELUM LUNAS,BELUM DIKUNJUNGI
PT MUARA JAYA PERKASA,Perusahaan,BL-8932-KC,ACEH,GAMPONG MEUNASAH BARO,81269098810,F,Kuning - Kendaraan Umum,2025-12-17,2026-05-10,BELUM LUNAS,BELUM DIKUNJUNGI
PT M JUSUF  SONS,Perusahaan,BL-8908-NP,ACEH,JL. CUT MEUTIA NO. 33 LR. III KEL. PUSONG LHOKSEUMAWE KEC. BANDA,0,F,Kuning - Kendaraan Umum,2025-11-12,2026-04-10,LUNAS,BELUM DIKUNJUNGI
PT LHOKNGA SARANA ANDALAS,Perusahaan,BL-8951-NH,ACEH,JL. MERDEKA BARAT NO. 06 CUNDA,85260121700,F,Kuning - Kendaraan Umum,2025-07-15,2026-07-14,LUNAS,BELUM DIKUNJUNGI
PT KIMIA FARMA PERSERO,Perusahaan,BL-1915-NS,ACEH,JL. MERDEKA NO. 47B KEC. BANDA SAKTI KOTA LHOKSEUMAWE,8126965708,DP,Hitam - Kendaraan Pribadi,2025-05-28,2026-05-10,BELUM LUNAS,BELUM DIKUNJUNGI
PTKHARISMA TRANS PERKASA,Perusahaan,BL-8807-NH,ACEH,JL. MERDEKA TIMUR NO. 3 A KEL. UTEUNKOT KEC. MUARA DUA KOTA LHOKS,85260012700,F,Kuning - Kendaraan Umum,2025-10-01,2026-06-23,BELUM LUNAS,BELUM DIKUNJUNGI
PTKHARISMA TRANS PERKASA,Perusahaan,BL-8710-NH,ACEH,JL.MERDEKA TIMUR NO.3 A KEL UTEUNKOT,85262211285,F,Kuning - Kendaraan Umum,2024-08-09,2025-08-08,LUNAS,BELUM DIKUNJUNGI
PTKHARISMA TRANS PERKASA,Perusahaan,BL-8679-NP,ACEH,JL.MERDEKA TIMUR NO.3A KEL UTEUNKOT KEC.MUARA DUA KOTA LHOKSEUMAW,85260121700,F,Kuning - Kendaraan Umum,2025-01-15,2026-01-29,BELUM LUNAS,BELUM DIKUNJUNGI
PTKHARISMA TRANS PERKASA,Perusahaan,BL-8653-NP,ACEH,JL.MERDEKA TIMUR NO.3A KEL UTEUENKOT,81373214321,F,Kuning - Kendaraan Umum,2024-12-05,2025-11-11,BELUM LUNAS,BELUM DIKUNJUNGI
PTKHARISMA TRANS PERKASA,Perusahaan,BL-8795-NP,ACEH,JL. MERDEKA TIMUR NO. 3 A KEL. UTEUNKOT KEC. MUARA DUA KOTA LHOKS,85359138873,F,Kuning - Kendaraan Umum,2024-09-23,2025-09-23,BELUM LUNAS,BELUM DIKUNJUNGI
PTKHARISMA TRANS PERKASA,Perusahaan,BL-1930-NB,ACEH,JL. MERDEKA NO. 3A KEL. UTEUNKOT KEC. MUARA DUA KOTA LHOKSEUMAWE,85260121700,EU,Kuning - Kendaraan Umum,2025-07-22,2026-07-23,BELUM LUNAS,BELUM DIKUNJUNGI
PTKHARISMA TRANS PERKASA,Perusahaan,BL-8733-KS,ACEH,KOMPLEK TERMINAL KEUDE GEUDONG,81108116504,F,Kuning - Kendaraan Umum,2024-10-29,2025-10-29,BELUM LUNAS,BELUM DIKUNJUNGI
PTKHARISMA TRANS PERKASA,Perusahaan,BL-8704-NP,ACEH,JLN. MERDEKA TIMUR NO. 3A KEL. UTEUNKOT KEC. MUARA DUA KOTA LHOKS,0,F,Kuning - Kendaraan Umum,2025-08-13,2026-06-08,LUNAS,BELUM DIKUNJUNGI
PTKHARISMA TRANS PERKASA,Perusahaan,BL-8642-NH,ACEH,JL. MERDEKA TIMUR NO. 04 05 CUNDA KEC. MUARA DUA KOTA LHOKSEUMAWE,82293997838,F,Kuning - Kendaraan Umum,2024-08-30,2025-08-30,BELUM LUNAS,BELUM DIKUNJUNGI
PTKHARISMA TRANS PERKASA,Perusahaan,BL-8803-NH,ACEH,JL. MERDEKA TIMUR NO. 3 A KEL. UTEUNKOT KEC. MUARA DUA KOTA LHOKS,8527878000,F,Kuning - Kendaraan Umum,2025-10-09,2026-06-04,BELUM LUNAS,BELUM DIKUNJUNGI
PTKHARISMA TRANS PERKASA,Perusahaan,BL-8669-NP,ACEH,JL.MERDEKA TIMUR NO.3 A KEL UTEUNKOT,85260121700,F,Kuning - Kendaraan Umum,2024-10-31,2025-12-14,BELUM LUNAS,BELUM DIKUNJUNGI
PTKHARISMA TRANS PERKASA,Perusahaan,BL-8601-NP,ACEH,JL.MERDEKA TIMUR NO.3A KEL.UTEUNKOT KEC.MUARA DUA KOTA LHOKSEUMAW,8,F,Kuning - Kendaraan Umum,2025-04-15,2026-03-10,BELUM LUNAS,BELUM DIKUNJUNGI
PTKHARISMA TRANS PERKASA,Perusahaan,BL-7495-NL,ACEH,JLN. MERDEKA TIMUR NOMOR 3A KEL. UTEUNKOT KEC. MUARA DUA KOTA LHO,85203658458,EU,Kuning - Kendaraan Umum,2025-04-30,2026-03-13,BELUM LUNAS,BELUM DIKUNJUNGI
PTKHARISMA TRANS PERKASA,Perusahaan,BL-8864-KS,ACEH,KOMPLEK TERMINAL KEUDE GEUDONG KEC. SAMUDERA KAB. ACEH UTARA,0,F,Kuning - Kendaraan Umum,2025-11-21,2026-08-02,BELUM LUNAS,BELUM DIKUNJUNGI
PTKHARISMA TRANS PERKASA,Perusahaan,BL-8319-N,ACEH,JL.MERDEKA TIMUR NO.3A KEL UTEUENKOT,85260121700,F,Kuning - Kendaraan Umum,2025-01-15,2026-04-11,BELUM LUNAS,BELUM DIKUNJUNGI
PTKHARISMA TRANS PERKASA,Perusahaan,BL-7424-NL,ACEH,JLN. MERDEKA TIMUR NO. 3 A KEL. UTEUNKOT KEC. MUARA DUA KOTA LHOK,0,EU,Kuning - Kendaraan Umum,2025-07-04,2026-07-06,BELUM LUNAS,BELUM DIKUNJUNGI
PTKHARISMA TRANS PERKASA,Perusahaan,BL-1855-NB,ACEH,"JL.MERDEKA TIMUR NO. 03A KEL. UTEUNKOT,KEC.MUARA DUA",85260121210,EU,Kuning - Kendaraan Umum,2025-02-07,2026-02-03,BELUM LUNAS,BELUM DIKUNJUNGI
PTKHARISMA TRANS PERKASA,Perusahaan,BL-8806-NP,ACEH,JL.MERDEKA TIMUR NO.3A KEL.UTEUNKOT KEC.MUARA DUA KOTA LHOKSEUMAW,0,F,Kuning - Kendaraan Umum,2024-12-30,2025-12-15,BELUM LUNAS,BELUM DIKUNJUNGI
PT KHARISMA TRANS PERKASA,Perusahaan,BL-8747-NH,ACEH,JL. MERDEKA TIMUR NO.3A KEL UTEUNKOT,81263636363,F,Kuning - Kendaraan Umum,2024-12-31,2025-12-13,BELUM LUNAS,BELUM DIKUNJUNGI
PT KHARISMA TRANS PERKASA,Perusahaan,BL-8759-NP,ACEH,"JL. MERDEKA TIMUR NO. 3A KEL, UTEUNKOT KEC. MUARA DUA KOTA LHOKSE",8126958034,F,Kuning - Kendaraan Umum,2025-03-06,2026-02-17,BELUM LUNAS,BELUM DIKUNJUNGI
PT KHARISMA TRANS PERKASA,Perusahaan,BL-8576-NP,ACEH,JL. MERDEKA TIMUR NO. 03 A KEL. UTEUNKOT KEC. MUARA DUA KOTA LHOK,85260121700,F,Kuning - Kendaraan Umum,2024-12-19,2025-12-19,BELUM LUNAS,BELUM DIKUNJUNGI
PT KHARISMA TRANS PERKASA,Perusahaan,BL-1289-NB,ACEH,JL. MERDEKA TIMUR NO. 3A KEL. UTEUNKOT KEC. MUARA DUA KOTA LHOKSE,8111111111,EU,Kuning - Kendaraan Umum,2024-10-29,2025-09-25,BELUM LUNAS,BELUM DIKUNJUNGI
PT KHARISMA TRANS PERKASA,Perusahaan,BL-7518-NL,ACEH,JL. MERDEKA TIMUR NO. 03 A KEL. UTEUNKOT KEC. MUARA DUA KOTA LHOK,8136052452,EU,Kuning - Kendaraan Umum,2024-08-06,2025-08-21,LUNAS,BELUM DIKUNJUNGI
PT KHARISMA TRANS PERKASA,Perusahaan,BL-8924-NP,ACEH,JL. MERDEKA TIMUR NO. 3A KEL. UTEUNKOT KEC. MUARA DUA KOTA LHOKSE,85262521214,F,Kuning - Kendaraan Umum,2025-01-02,2025-11-27,BELUM LUNAS,BELUM DIKUNJUNGI
PT KHARISMA TRANS PERKASA,Perusahaan,BL-7493-NL,ACEH,JL. MERDEKA TIMUR NO. 3-A KEL. UTEUNKOT KEC. MUARA DUA KOTA LHOKS,85277774086,EU,Kuning - Kendaraan Umum,2024-11-11,2025-11-08,BELUM LUNAS,BELUM DIKUNJUNGI
PT KHARISMA TRANS PERKASA,Perusahaan,BL-1808-NB,ACEH,JL. MERDEKA TIMUR NO. 3A KEL. UTEUNKOT KEC. MUARA DUA KOTA LHOKSE,85278780000,EU,Kuning - Kendaraan Umum,2024-10-25,2025-10-25,BELUM LUNAS,BELUM DIKUNJUNGI
PT KHARISMA TRANS PERKASA,Perusahaan,BL-1891-NB,ACEH,JLN.MERDEKA TIMUR NO.3A KEL. UTEUNKOT KEC. MUARA DUA KOTA LHOKSEU,811111111,EU,Kuning - Kendaraan Umum,2025-05-28,2026-03-29,BELUM LUNAS,BELUM DIKUNJUNGI
PT KHARISMA TRANS PERKASA,Perusahaan,BL-8726-N,ACEH,JL. MERDEKA TIMUR NO.03 A KEL. UTEUNKOT,85260121700,F,Kuning - Kendaraan Umum,2024-10-17,2025-10-09,BELUM LUNAS,BELUM DIKUNJUNGI
PT KHARISMA TRANS PERKASA,Perusahaan,BL-8637-N,ACEH,JL. MERDEKA TIMUR NO. 3A KEL. UTEUNKOT,85236991935,F,Kuning - Kendaraan Umum,2025-05-19,2026-05-11,BELUM LUNAS,BELUM DIKUNJUNGI
PT KHARISMA TRANS PERKASA,Perusahaan,BL-8540-NP,ACEH,JL. MERDEKA TIMUR NO. 3A KEL. UTEUNKOT KEC. MUARA DUA KOTA LHOKSE,85260121700,F,Kuning - Kendaraan Umum,2025-05-27,2025-09-28,BELUM LUNAS,BELUM DIKUNJUNGI
PT KHARISMA TRANS PERKASA,Perusahaan,BL-8805-N,ACEH,JL. MERDEKA TIMUR NO.03 A KEL. GAMPONG UTEUNKOT,80000000000,F,Kuning - Kendaraan Umum,2024-10-11,2025-10-12,BELUM LUNAS,BELUM DIKUNJUNGI
PT KHARISMA TRANS PERKASA,Perusahaan,BL-8857-NH,ACEH,JL. MERDEKA TIMUR NO. 3A KEL. UTEUNKOT KEC. MUARA DUA KOTA LHOKSE,81365245264,F,Kuning - Kendaraan Umum,2024-12-23,2025-12-28,BELUM LUNAS,BELUM DIKUNJUNGI
PT KHARISMA TRANS PERKASA,Perusahaan,BL-9402-NP,ACEH,JL.MERDEKA TIMUR NO.3A KEL.UTEUNKOT K,85213541108,F,Kuning - Kendaraan Umum,2025-04-22,2026-04-23,BELUM LUNAS,BELUM DIKUNJUNGI
PT KHARISMA TRANS PERKASA,Perusahaan,BL-1411-NL,ACEH,JL. MERDEKA TIMUR NO. 3 A KEL. UTEUNKOT KEC. MUARA DUA KOTA LHOKS,82166268034,DU,Kuning - Kendaraan Umum,2025-04-11,2026-03-31,BELUM LUNAS,BELUM DIKUNJUNGI
PT KHARISMA TRANS PERKASA,Perusahaan,BL-8741-NL,ACEH,JL. MERDEKA TIMUR NO.3A KEL. UTEUNKOT KEC. MUARA DUA KOTA LHOKSEU,85260121700,F,Kuning - Kendaraan Umum,2024-10-08,2025-10-19,BELUM LUNAS,BELUM DIKUNJUNGI
PT KHARISMA TRANS PERKASA,Perusahaan,BL-8801-NP,ACEH,JL. MERDEKA TIMUR NO. 3 A KEL. UTEUNKOT KEC. MUARA DUA KOTA LHOKS,80000000,F,Kuning - Kendaraan Umum,2025-09-18,2026-06-30,BELUM LUNAS,BELUM DIKUNJUNGI
PT KHARISMA TRANS PERKASA,Perusahaan,BL-8927-NP,ACEH,JL.MERDEKA TIMUR NO.3A KEL. UTEUNKOT KEC. MUARA DUA KOTA LHOKSEUM,8527878000,F,Kuning - Kendaraan Umum,2025-04-16,2025-12-04,BELUM LUNAS,BELUM DIKUNJUNGI
PT KHARISMA TRANS PERKASA,Perusahaan,BL-8685-NP,ACEH,JL. MERDEKA NO. 3A KEL. UTEUNKOT KEC. MUARA DUA KOTA LHOKSEUMAWE,86740766746,F,Kuning - Kendaraan Umum,2025-03-27,2026-03-22,BELUM LUNAS,BELUM DIKUNJUNGI
PT KHARISMA TRANS PERKASA,Perusahaan,BL-8690-NH,ACEH,JL.MERDEKA TIMUR NO. 3A KEL. UTEUNKOT KEC MUARA DUA KOTA LHOKSEUM,85260121700,F,Kuning - Kendaraan Umum,2025-11-19,2026-03-04,BELUM LUNAS,BELUM DIKUNJUNGI
PT KHARISMA TRANS PERKASA,Perusahaan,BL-8570-NP,ACEH,JL. MERDEKA TIMUR NO. 03 A KEL. UTEUNKOT KEC. MUARA DUA KOTA LHOK,85212521252,F,Kuning - Kendaraan Umum,2024-10-25,2025-10-26,BELUM LUNAS,BELUM DIKUNJUNGI
PT KHARISMA TRANS PERKASA,Perusahaan,BL-7614-NB,ACEH,JL. MERDEKA TIMUR NO. 3A KEL. UTEUNKOT KEC. MURA DUA KOTA LHOKSEU,8526371458,EU,Kuning - Kendaraan Umum,2025-01-03,2026-01-07,BELUM LUNAS,BELUM DIKUNJUNGI
PT KHARISMA TRANS PERKASA,Perusahaan,BL-8512-NP,ACEH,JL. MERDEKA TIMUR NO. 3A KEL. UTEUNKOT KEC. MUARA DUA KOTA LHOKSE,80000000000,F,Kuning - Kendaraan Umum,2025-12-22,2026-08-03,BELUM LUNAS,BELUM DIKUNJUNGI
PT KHARISMA TRANS PERKASA,Perusahaan,BL-8735-N,ACEH,JL. MERDEKA TIMUR NO.03 A GAMPONG UTEUNKOT,85261354170,F,Kuning - Kendaraan Umum,2024-11-28,2025-11-30,BELUM LUNAS,BELUM DIKUNJUNGI
PT KHARISMA TRANS PERKASA,Perusahaan,BL-1866-NB,ACEH,JL. MERDEKA TIMUR NO. 3A KEL. UTEUNKOT KEC. MUARA DUA KOTA LHOKSE,81263636363,EU,Kuning - Kendaraan Umum,2025-01-02,2026-01-02,BELUM LUNAS,BELUM DIKUNJUNGI
PT KHARISMA TRANS PERKASA,Perusahaan,BL-8530-NP,ACEH,JL. MERDEKA TIMUR NO. 03A KEL. UTEUNKOT KEC. MUARA DUA KOTA LHOKS,8527878000,F,Kuning - Kendaraan Umum,2025-07-21,2026-01-17,BELUM LUNAS,BELUM DIKUNJUNGI
PT KHARISMA TRANS PERKASA,Perusahaan,BL-9509-NP,ACEH,JL. MERDEKA TIMUR NO. 3A KEL. UTEUNKOT KEC. MUARA DUA KOTA LHOKSE,823444555,F,Kuning - Kendaraan Umum,2025-04-30,2026-03-25,BELUM LUNAS,BELUM DIKUNJUNGI
PT KHARISMA TRANS PERKASA,Perusahaan,BL-8655-N,ACEH,JL. MERDEKA TIMUR NO.3A KEL UTEUNKOT,82532532532,F,Kuning - Kendaraan Umum,2025-02-12,2025-11-02,BELUM LUNAS,BELUM DIKUNJUNGI
PT KHARISMA TRANS PERKASA,Perusahaan,BL-8875-NH,ACEH,JL. MERDEKA TIMUR NO. 3-A KEL. UTEUENKOT KEC. MUARA DUA KOTA LHOK,0,F,Kuning - Kendaraan Umum,2025-04-22,2026-03-26,BELUM LUNAS,BELUM DIKUNJUNGI
PT KHARISMA TRANS PERKASA,Perusahaan,BL-8764-NP,ACEH,JL. MERDEKA TIMUR NO. 3 A KEL. UTEUNKOT,85206518303,F,Kuning - Kendaraan Umum,2025-07-25,2026-07-14,BELUM LUNAS,BELUM DIKUNJUNGI
PT KHARISMA TRANS PERKASA,Perusahaan,BL-8679-N,ACEH,JL. MERDEKA TIMUR NO. 03A KEL. UTEUNKOT KEC. MUARA DUA KOTA LHOKS,85270150530,F,Kuning - Kendaraan Umum,2025-06-17,2026-05-24,BELUM LUNAS,BELUM DIKUNJUNGI
PT KHARISMA TRANS PERKASA,Perusahaan,BL-8736-N,ACEH,JL. MERDEKA TIMUR NO.03 A KEL. UTEUNKOT KEC. BANDA SAKTI KOTA LHO,82137998789,F,Kuning - Kendaraan Umum,2024-12-02,2025-11-30,BELUM LUNAS,BELUM DIKUNJUNGI
PT KHARISMA TRANS PERKASA,Perusahaan,BL-1773-NB,ACEH,JL. MERDEKA TIMUR NO. 3A KEL. UTEUNKOT KEC. MUARA DUA KOTA LHOKSE,8116565465,EU,Kuning - Kendaraan Umum,2025-04-23,2026-04-22,BELUM LUNAS,BELUM DIKUNJUNGI
PT KHARISMA TRANS PERKASA,Perusahaan,BL-8694-N,ACEH,JL. MERDEKA TIMUR NO. 03 A KEL. UTEUNKOT KEC. MUARA DUA KOTA LHOK,80000000000,F,Kuning - Kendaraan Umum,2024-11-25,2025-12-05,BELUM LUNAS,BELUM DIKUNJUNGI
PT KHARISMA TRANS PERKASA,Perusahaan,BL-7460-NL,ACEH,JL. MERDEKA TIMUR NO. 3A KEL. UTEUNKOT KEC. MUARA DUA KOTA LHOKSE,8527878000,EU,Kuning - Kendaraan Umum,2025-07-09,2026-07-06,BELUM LUNAS,BELUM DIKUNJUNGI
PT KHARISMA TRANS PERKASA,Perusahaan,BL-8947-N,ACEH,JALAN MERDEKA TIMUR NO. 03 A GAMPONG UTEUNKOT KEC. MUARA DUA KOTA,85362853905,F,Kuning - Kendaraan Umum,2025-04-29,2026-03-17,BELUM LUNAS,BELUM DIKUNJUNGI
PT KHARISMA TRANS PERKASA,Perusahaan,BL-8569-NP,ACEH,JL MERDEKA TIMUR NO 3A KEL UTEUNKOT,85260121700,F,Kuning - Kendaraan Umum,2025-01-15,2025-12-19,BELUM LUNAS,BELUM DIKUNJUNGI
PT KHARISMA TRANS PERKASA,Perusahaan,BL-8964-N,ACEH,JALAN MERDEKA TIMUR NO. 3A KEL. UTEUNKOT KEC. MUARA DUA KOTA LHOK,81111111111,F,Kuning - Kendaraan Umum,2025-09-10,2026-04-28,BELUM LUNAS,BELUM DIKUNJUNGI
PT KHARISMA TRANS PERKASA,Perusahaan,BL-1948-NB,ACEH,JL MERDEKA TIMUR NO 3A KEL UTEUNKOT,85200000000,EU,Kuning - Kendaraan Umum,2024-09-17,2025-10-10,BELUM LUNAS,BELUM DIKUNJUNGI
PT KHARISMA TRANS PERKASA,Perusahaan,BL-8622-NP,ACEH,JL. MERDEKA TIMUR NO. 3 A KEL. UTEUNKOT KEC. MUARA DUA KOTA LHOKS,81111111111,F,Kuning - Kendaraan Umum,2025-02-10,2025-12-14,BELUM LUNAS,BELUM DIKUNJUNGI
PT KHARISMA TRANS PERKASA,Perusahaan,BL-8841-NP,ACEH,JL. MERDEKA TIMUR NO. 3 A KEL. UTEUNKOT KEC. MUARA DUA KOTA LHOKS,85278780000,F,Kuning - Kendaraan Umum,2025-04-29,2026-06-15,BELUM LUNAS,BELUM DIKUNJUNGI
PT KHARISMA TRANS PERKASA,Perusahaan,BL-8681-NP,ACEH,JL MERDEKA TIMUR NO 3 A KEL. UTEUNKOT,80000000000,F,Kuning - Kendaraan Umum,2024-12-23,2026-02-14,BELUM LUNAS,BELUM DIKUNJUNGI
PT KHARISMA TRANS PERKASA,Perusahaan,BL-8799-N,ACEH,JL. MERDEKA TIMUR NO. 03 A GP. UTEUNKOT KEC. MUARA DUA KOTA LHOKS,85206506333,F,Kuning - Kendaraan Umum,2024-06-26,2025-09-25,BELUM LUNAS,BELUM DIKUNJUNGI
PT KHARISMA TRANS PERKASA,Perusahaan,BL-1774-NB,ACEH,JL. MERDEKA TIMUR NO. 3A KEL. UTEUNKOT KEC. MUARA DUA KOTA LHOKSE,8136542542,EU,Kuning - Kendaraan Umum,2025-06-12,2026-04-22,BELUM LUNAS,BELUM DIKUNJUNGI
PT KHARISMA TRANS PERKASA,Perusahaan,BL-8757-NP,ACEH,JL. MERDEKA TIMUR NO. 03 A KEL. UTEUNKOT KEC. MUARA DUA KOTA LHOK,81212111111,F,Kuning - Kendaraan Umum,2024-12-16,2025-12-12,BELUM LUNAS,BELUM DIKUNJUNGI
PT KHARISMA TRANS PERKASA,Perusahaan,BL-7616-NB,ACEH,JLN.MERDEKA TIMUR NO.04-ACUNDAKEC. MUARA DUA KOTA LHOKSEUMAWE,85275570541,EU,Kuning - Kendaraan Umum,2025-09-03,2026-05-20,BELUM LUNAS,BELUM DIKUNJUNGI
PT KHARISMA TRANS PERKASA,Perusahaan,BL-7560-NB,ACEH,JL. MERDEKA TIMUR NO. 3A KEL. UTEUNKOT KEC. MUARA DUA KOTA LHOKSE,8126958035,F,Kuning - Kendaraan Umum,2025-04-30,2026-04-04,BELUM LUNAS,BELUM DIKUNJUNGI
PT KHARISMA TRANS PERKASA,Perusahaan,BL-8812-NP,ACEH,JL. MERDEKA TIMUR NO. 3 A KEL. UTENKOT KEC. MUARA DUA KOTA LHOKSE,8527878000,F,Kuning - Kendaraan Umum,2025-05-20,2026-01-11,BELUM LUNAS,BELUM DIKUNJUNGI
PT KHARISMA TRANS PERKASA,Perusahaan,BL-8863-NB,ACEH,JL. MERDEKA TIMUR NO. 3 A KEL. UTEUNKOT KEC. MUARA DUA KOTA LHOKS,85260012700,F,Kuning - Kendaraan Umum,2025-11-25,2026-06-26,BELUM LUNAS,BELUM DIKUNJUNGI
PT KHARISMA TRANS PERKASA,Perusahaan,BL-8783-NH,ACEH,JL. MERDEKA TIMUR NO. 3-A KEL. UTEUNKOT KEC. MUARA DUA KOTA LHOKS,8527878000,F,Kuning - Kendaraan Umum,2025-04-09,2026-03-31,BELUM LUNAS,BELUM DIKUNJUNGI
PT KHARISMA TRANS PERKASA,Perusahaan,BL-8859-N,ACEH,JALAN MERDEKA TIMUR NO.3A KEL. GP UTEUNKOT KEC. MUARA DUA KOTA LH,80000000000,F,Kuning - Kendaraan Umum,2024-10-24,2025-10-11,BELUM LUNAS,BELUM DIKUNJUNGI
PT KHARISMA TRANS PERKASA,Perusahaan,BL-7524-NL,ACEH,JL. MERDEKA TIMUR NO. 3A KEL. UTEUNKOT KEC. MUARA DUA KOTA LHOKSE,81111111111,EU,Kuning - Kendaraan Umum,2025-01-15,2026-01-18,BELUM LUNAS,BELUM DIKUNJUNGI
PT KHARISMA TRANS PERKASA,Perusahaan,BL-8921-NH,ACEH,JL. MERDEKA TIMUR NO. 3A KEL. UTEUNKOT KEC. MUARA DUA KOTA LHOKSE,82368585210,F,Kuning - Kendaraan Umum,2025-11-25,2026-04-20,BELUM LUNAS,BELUM DIKUNJUNGI
PT KHARISMA TRANS PERKASA,Perusahaan,BL-8720-N,ACEH,JL. MERDEKA TIMUR NO. 03 A KEL. UTEUNKOT KEC. MUARA DUA KOTA LHOK,8256565000,F,Kuning - Kendaraan Umum,2025-09-12,2026-04-24,BELUM LUNAS,BELUM DIKUNJUNGI
PT KHARISMA TRANS PERKASA,Perusahaan,BL-8940-NP,ACEH,JL. MERDEKA TIMUR NO. 3 A KEL. UTEUNKOT KEC. MUARA DUA KOTA LHOKS,82396939010,F,Kuning - Kendaraan Umum,2025-01-21,2026-01-21,BELUM LUNAS,BELUM DIKUNJUNGI
PT KHARISMA TRANS PERKASA,Perusahaan,BL-7509-NL,ACEH,JL. MERDEKA TIMUR NO. 03 A KEL. UTEUNKOT KEC. MUARA DUA KOTA LHOK,8136005245,EU,Kuning - Kendaraan Umum,2025-03-27,2026-03-27,BELUM LUNAS,BELUM DIKUNJUNGI
PT KHARISMA TRANS PERKASA,Perusahaan,BL-8737-N,ACEH,JL. MERDEKA TIMUR NO.03 A KEL. UTEUNKOT KEC. MUARA DUA KOTA LHOKS,80000000000,F,Kuning - Kendaraan Umum,2024-12-02,2025-11-30,BELUM LUNAS,BELUM DIKUNJUNGI
PT KHARISMA TRANS PERKASA,Perusahaan,BL-8533-NP,ACEH,JL. MERDEKA TIMUR NO. 03A KEL. UTEUNKOT KEC. MUARA DUA KOTA LHOKS,82275350558,F,Kuning - Kendaraan Umum,2025-02-14,2026-02-16,BELUM LUNAS,BELUM DIKUNJUNGI
PT KHARISMA TRANS PERKASA,Perusahaan,BL-8649-N,ACEH,JL. MERDEKA TIMUR NO. 3A KEL. UTEUNKOT KEC. MUARA DUA KOTA LHOKSE,85215452527,F,Kuning - Kendaraan Umum,2024-07-01,2025-08-11,LUNAS,BELUM DIKUNJUNGI
PT KHARISMA TRANS PERKASA,Perusahaan,BL-8621-N,ACEH,JL. MERDEKA TIMUR NO. 3 A KEL. UTEUNKOT KEC. MUARA DUA KOTA LHOKS,81265487445,F,Kuning - Kendaraan Umum,2024-10-30,2025-09-18,BELUM LUNAS,BELUM DIKUNJUNGI
PT KHARISMA TRANS PERKASA,Perusahaan,BL-1845-NB,ACEH,JL. MERDEKA TIMUR NO. 3 A KEL. UTEUNKOT KEC. MUARA DUA KOTA LHOKS,8126958034,DU,Kuning - Kendaraan Umum,2025-07-10,2026-02-19,BELUM LUNAS,BELUM DIKUNJUNGI
PT KHARISMA TRANS PERKASA,Perusahaan,BL-8572-NL,ACEH,JL. MERDEKA TIMUR NO. 3A KEL. UTEUNKOT KEC. MUARA DUA KOTA LHOKSE,81108075606,F,Kuning - Kendaraan Umum,2024-09-24,2025-09-25,BELUM LUNAS,BELUM DIKUNJUNGI
PT KHARISMA TRANS PERKASA,Perusahaan,BL-1368-NL,ACEH,JL. MERDEKA TIMUR NO. 3A KEL.UTEUNKOT KEC. MUARA DUA KOTA LHOKSEU,85278780000,DU,Kuning - Kendaraan Umum,2025-04-08,2026-03-16,BELUM LUNAS,BELUM DIKUNJUNGI
PT KHARISMA TRANS PERKASA,Perusahaan,BL-8723-N,ACEH,JL. MERDEKA TIMUR NO. 03 A KEL. UTEUNKOT KEC. MUARA DUA KOTA LHOK,81235144746,F,Kuning - Kendaraan Umum,2025-01-20,2025-09-05,BELUM LUNAS,BELUM DIKUNJUNGI
PT KHARISMA TRANS PERKASA,Perusahaan,BL-7632-NL,ACEH,JL. MERDEKA TIMUR NO. 3A KEL. UTEUNKOT KEC. MUARA DUA KOTA LHOKSE,85260121700,EU,Kuning - Kendaraan Umum,2025-05-23,2026-01-24,BELUM LUNAS,BELUM DIKUNJUNGI
PT KHARISMA TRANS PERKASA,Perusahaan,BL-8714-KC,ACEH,TERMINAL KEUDE GEUDONG KEC. SAMUDERA KAB.ACEH UTARA,8527878000,F,Kuning - Kendaraan Umum,2025-12-30,2026-04-01,BELUM LUNAS,BELUM DIKUNJUNGI
PT KHARISMA TRANS PERKASA,Perusahaan,BL-8529-NL,ACEH,JL. MERDEKA TIMUR NO. 3A KEL. UTEUNKOT KEC. MUARA DUA KOTA LHOKSE,80000000000,F,Kuning - Kendaraan Umum,2025-01-03,2025-08-21,LUNAS,BELUM DIKUNJUNGI
PT KHARISMA TRANS PERKASA,Perusahaan,BL-8636-N,ACEH,JL. MUTIARA XIII NO. 17C GP. ALUE AWE,82364088637,F,Kuning - Kendaraan Umum,2025-06-04,2026-05-04,BELUM LUNAS,BELUM DIKUNJUNGI
PT KHARISMA TRANS PERKASA,Perusahaan,BL-8518-NP,ACEH,JL. MERDEKA TIMUR NO. 3A KEL. UTEUNKOT KEC. MUARA DUA KOTA LHOKSE,85260121700,F,Kuning - Kendaraan Umum,2025-11-24,2026-06-18,BELUM LUNAS,BELUM DIKUNJUNGI
PT KHARISMA TRANS PERKASA,Perusahaan,BL-8736-NP,ACEH,JL. MERDEKA BARAT NO.3A KEL. UTEUNKOT KEC. MUARA DUA KOTA LHOKSEU,85260121700,F,Kuning - Kendaraan Umum,2024-11-18,2026-01-02,BELUM LUNAS,BELUM DIKUNJUNGI
PT KHARISMA TRANS PERKASA,Perusahaan,BL-8746-N,ACEH,JL. MERDEKA TIMUR NO.03 A KEL. GAMPONG UTEUNKOT,85270041848,F,Kuning - Kendaraan Umum,2025-01-30,2026-01-12,BELUM LUNAS,BELUM DIKUNJUNGI
PT KHARISMA TRANS PERKASA,Perusahaan,BL-7573-NB,ACEH,JL. MERDEKA TIMUR NO. 3A KEL. UTEUNKOT KEC. MUARA DUA KOTA LHOKSE,85260121700,EU,Kuning - Kendaraan Umum,2025-07-08,2026-07-28,BELUM LUNAS,BELUM DIKUNJUNGI
PT KHARISMA TRANS PERKASA,Perusahaan,BL-7379-NB,ACEH,JL. MERDEKA TIMUR NO. 3 A KEL. UTEUNKOT KEC. MUARA DUA KOTA LHOKS,811111111111,EU,Kuning - Kendaraan Umum,2025-05-08,2026-05-02,BELUM LUNAS,BELUM DIKUNJUNGI
PT KHARISMA TRANS PERKASA,Perusahaan,BL-8730-N,ACEH,JL. MERDEKA TIMUR NO.03 A KEL. GMPG UETUNKOT,85260121700,F,Kuning - Kendaraan Umum,2024-11-04,2025-11-01,BELUM LUNAS,BELUM DIKUNJUNGI
PT KHARISMA TRANS PERKASA,Perusahaan,BL-8783-N,ACEH,JL. MERDEKA TIMUR NO. 03A GAMPONG KEL. UTEUNKOT KEC. MUARA DUA KO,8126958034,F,Kuning - Kendaraan Umum,2025-10-22,2026-07-10,LUNAS,BELUM DIKUNJUNGI
PT KHARISMA TRANS PERKASA,Perusahaan,BL-1470-NL,ACEH,JL. MERDEKA TIMUR NO. 3A KEL UTEUNKOT,85262121241,DU,Kuning - Kendaraan Umum,2024-11-08,2025-11-08,BELUM LUNAS,BELUM DIKUNJUNGI
PT KHARISMA TRANS PERKASA,Perusahaan,BL-8908-N,ACEH,JL. MERDEKA TIMUR NO. 03 A KEL. GAMPONG UTEUNKOT KEC. MUARA DUA K,85229381867,F,Kuning - Kendaraan Umum,2025-03-17,2026-01-20,BELUM LUNAS,BELUM DIKUNJUNGI
PT KHARISMA TRANS PERKASA,Perusahaan,BL-8638-N,ACEH,JL. MERDEKA TIMUR NO. 3 A KEL. UTEUNKOT KEC. MUARA DUA KOTA LHOKS,8129077772,F,Kuning - Kendaraan Umum,2025-05-22,2026-05-22,BELUM LUNAS,BELUM DIKUNJUNGI
PT KHARISMA TRANS PERKASA,Perusahaan,BL-8721-NP,ACEH,JL. MERDEKA TIMUR NO. 3A KEL UTEUNKOT KEC. MUARA DUA KOTA LHOKSEU,8526415326541,F,Kuning - Kendaraan Umum,2025-08-14,2026-07-14,BELUM LUNAS,BELUM DIKUNJUNGI
PT KHARISMA TRANS PERKASA,Perusahaan,BL-7306-N,ACEH,JL.MERDEKA TIMUR NO.03-A KEL. UTEUNKOT KEC. MUARA DUA KOTA LHOKSE,81111111111,EU,Kuning - Kendaraan Umum,2025-07-28,2026-07-25,BELUM LUNAS,BELUM DIKUNJUNGI
PT KHARISMA TRANS PERKASA,Perusahaan,BL-8961-NH,ACEH,JL. MERDEKA TIMUR NO. 3A KEL. UTEUNKOT,85314456465,F,Kuning - Kendaraan Umum,2025-06-02,2026-06-04,BELUM LUNAS,BELUM DIKUNJUNGI
PT KHARISMA TRANS PERKASA,Perusahaan,BL-8609-NP,ACEH,JL MERDEKA TIMUR NO 3 A,8126021245,F,Kuning - Kendaraan Umum,2025-12-11,2026-04-05,BELUM LUNAS,BELUM DIKUNJUNGI
PT KHARISMA TRANS PERKASA,Perusahaan,BL-8968-NH,ACEH,JL. MERDEKA TIMUR NO. 3A KEL. UTEUNKOT KEC. MUARA DUA KOTA LHOKSE,8126958034,F,Kuning - Kendaraan Umum,2025-07-16,2026-04-16,BELUM LUNAS,BELUM DIKUNJUNGI
PT KHARISMA TRANS PERKASA,Perusahaan,BL-8971-N,ACEH,JL. MERDEKA TIMUR NO.3A DESA UTEUNKOT KEC. MUARA DUA KOTA LHOKSEU,81222221111,F,Kuning - Kendaraan Umum,2024-10-16,2025-08-15,LUNAS,BELUM DIKUNJUNGI
PT KHARISMA TRANS PERKASA,Perusahaan,BL-8865-N,ACEH,"JL. MERDEKA TIMUR NO. 3 A, KEL. UTEUENKOT, KEC. MUARA DUA KOTA LH",8,F,Kuning - Kendaraan Umum,2025-06-12,2026-06-09,BELUM LUNAS,BELUM DIKUNJUNGI
PT KHARISMA TRANS PERKASA,Perusahaan,BL-8735-NH,ACEH,JL. MERDEKA TIMUR NO. 3A KEL. UTEUNKOT KEC. MUARA DUA KOTA LHOKSE,8,F,Kuning - Kendaraan Umum,2025-07-23,2026-07-19,BELUM LUNAS,BELUM DIKUNJUNGI
PT KHARISMA TRANS PERKASA,Perusahaan,BL-8535-NP,ACEH,JL. MERDEKA TIMUR NO. 3A KEL. UTEUNKOT KEC. MUARA DUA KOTA LHOKSE,81360096004,F,Kuning - Kendaraan Umum,2025-07-31,2026-08-01,BELUM LUNAS,BELUM DIKUNJUNGI
PT KHARISMA TRANS PERKASA,Perusahaan,BL-8674-N,ACEH,JL. MERDEKA TIMUR NO. 3A KEL. UTEUNKOT KEC. MUARA DUA KOTA LHOKSE,8136532546,F,Kuning - Kendaraan Umum,2025-05-19,2026-04-05,BELUM LUNAS,BELUM DIKUNJUNGI
PT KHARISMA TRANS PERKASA,Perusahaan,BL-8650-N,ACEH,JL.MERDEKA TIMUR NO.3A KEL.UTEUNKOT KEC.MUARA DUA KOTA LHOKSEUMAW,8121211111,F,Kuning - Kendaraan Umum,2024-07-22,2025-08-27,BELUM LUNAS,BELUM DIKUNJUNGI
PT KHARISMA TRANS PERKASA,Perusahaan,BL-8838-NL,ACEH,JL. MERDEKA TIMUR NO. 3A KEL. UTEUNKOT KEC. MUARA DUA KOTA LHOKSE,8234567890,F,Kuning - Kendaraan Umum,2024-08-05,2025-08-15,LUNAS,BELUM DIKUNJUNGI
PT KHARISMA TRANS PERKASA,Perusahaan,BL-8733-NP,ACEH,JL. MERDEKA TIMUR NO. 3A KEL. UTEUNKOT KEC. MUARA DUA KOTA LHOKSE,8234567890,F,Kuning - Kendaraan Umum,2024-08-27,2025-08-09,LUNAS,BELUM DIKUNJUNGI
PT KHARISMA,Perusahaan,BL-8659-N,ACEH,JL. MUTIARA XIII NO. 17 C KEL. ALUE AWE KEC. MUARA DUA KOTA LHOKS,85260109693,F,Kuning - Kendaraan Umum,2025-04-16,2025-12-12,BELUM LUNAS,BELUM DIKUNJUNGI
PTKARINSA MAPERLINDO,Perusahaan,BL-6566-NAH,ACEH,JL.MEDAN-B.ACEH NO.65 MNS MESJID KEL.PANGGOI KEC. MUARA DUA KOTA,85278787000,C1,Hitam - Kendaraan Pribadi,2025-12-09,2026-04-07,BELUM LUNAS,BELUM DIKUNJUNGI
PT KARINSA MAPERLINDO,Perusahaan,BL-6858-NAH,ACEH,JL. MEDAN-B. ACEH NO. 65 KEL. MEUNASAH MESJID KEC. MUARA DUA KOTA,85360069530,C1,Hitam - Kendaraan Pribadi,2025-07-01,2026-07-01,BELUM LUNAS,BELUM DIKUNJUNGI
PT KANEUBI RAHMAT RASEUKI,Perusahaan,BL-8635-N,ACEH,JL.PANGLIMA KAOM LR SAKTI DSN JEULEUPE UTEUN BAYI,85260121700,F,Hitam - Kendaraan Pribadi,2025-03-24,2026-03-31,BELUM LUNAS,BELUM DIKUNJUNGI
PTKANA INSANIMITRA,Perusahaan,BL-1582-NG,ACEH,JL.MERDEKA NO.10 GAMPONG KEUDE CUNDA KEC. MUARA DUA KOTA LHOKSEUM,0,DP,Hitam - Kendaraan Pribadi,2025-03-17,2026-04-05,BELUM LUNAS,BELUM DIKUNJUNGI
PT KANA INSANIMITRA,Perusahaan,BL-1799-NU,ACEH,JLN MERDEKA NO. 10 KEL KEUDE CUNDA KEC MUARA DUA KOTA LHOKSEUMAWE,8116702041,DP,Hitam - Kendaraan Pribadi,2025-08-04,2026-07-22,BELUM LUNAS,BELUM DIKUNJUNGI
PT KANA INSANIMITRA,Perusahaan,BL-1920-NR,ACEH,JLN MERDEKA NO. 10 KEL KEUDE CUNDA KEC MUARA DUA KOTA LHOKSEUMAWE,8116702041,DP,Hitam - Kendaraan Pribadi,2025-08-06,2026-07-22,BELUM LUNAS,BELUM DIKUNJUNGI
PT KANA INSANIMITRA,Perusahaan,BL-1942-NU,ACEH,JLN MERDEKA NO.10 KEL KEUDE CUNDA KEC MUARA DUA KOTA LHOKSEUMAWE,8111111111,DP,Hitam - Kendaraan Pribadi,2025-08-25,2026-07-31,BELUM LUNAS,BELUM DIKUNJUNGI
PT KANA INSANIMITRA,Perusahaan,BL-1583-NG,ACEH,JL.MERDEKA NO.10 GAMPONG KEUDE CUNDA KEC. MUARA DUA KOTA LHOKSEUM,811111111,DP,Hitam - Kendaraan Pribadi,2025-10-15,2026-04-05,BELUM LUNAS,BELUM DIKUNJUNGI
PT IRHAM JAYA,Perusahaan,BL-8463-NT,ACEH,JL. MAHARAJA NO. 74 DUSUN I KEL. KUTA BLANG KEC. BANDA SAKTI KOTA,85278780000,F,Hitam - Kendaraan Pribadi,2025-01-23,2026-01-19,BELUM LUNAS,BELUM DIKUNJUNGI
PT INDRA UTAMA ACEH,Perusahaan,BL-8267-KC,ACEH,JL. CUT MEUTIA NO. 10 LHOKSEUMAWE KEC. BANDA SAKTI KOTA LHOKSEUMA,0,DP,Hitam - Kendaraan Pribadi,2024-12-23,2025-09-11,BELUM LUNAS,BELUM DIKUNJUNGI
PT IMA MEUKAT RAYA,Perusahaan,BL-6828-KW,ACEH,JL. GEUREUDONG NO. 37 KOMPLEK PT. PIM KEC. DEWANTARA KAB. ACEH UT,0,C1,Hitam - Kendaraan Pribadi,2025-02-05,2026-02-27,BELUM LUNAS,BELUM DIKUNJUNGI
PT HASANUL SADRI,Perusahaan,BL-8890-KC,ACEH,KEL. MEUNASAH ARON KEC. MUARA BATU KAB. ACEH UTARA,0,F,Kuning - Kendaraan Umum,2025-07-30,2026-02-01,BELUM LUNAS,BELUM DIKUNJUNGI
PT HASANUL SADRI,Perusahaan,BL-8770-KC,ACEH,KEL. MEUNASAH ARON KEC. MUARA BATU KAB. ACEH UTARA,822344565677,F,Kuning - Kendaraan Umum,2025-12-18,2026-05-09,BELUM LUNAS,BELUM DIKUNJUNGI
PT GENERAL AGROMESIN LESTARI,Perusahaan,BL-8239-NG,ACEH,JLN.B.ACEH-MEDAN DUSUN C ALUE SERIBU GP MEUNASAH PANGGOI KEC.MUAR,8520000000,DP,Hitam - Kendaraan Pribadi,2025-06-02,2026-06-02,BELUM LUNAS,BELUM DIKUNJUNGI
PT ENSEVAL PUTERA MEGATRADING TBK,Perusahaan,BL-1543-NR,ACEH,JLN. ELAK GAMPONG DS. JEULIKAT KEC. BLANG MANGAT KOTA LHOKSEUMAWE,811111111,DP,Hitam - Kendaraan Pribadi,2025-10-30,2026-08-01,LUNAS,BELUM DIKUNJUNGI
PT ENERGY MUTU PRATAMA,Perusahaan,BL-8982-NH,ACEH,JL. RANCUNG NO. 68-B DUSUN A KEL. BATUPHAT TIMUR KEC. MUARA SATU,85265212151,F,Kuning - Kendaraan Umum,2025-10-14,2026-04-25,BELUM LUNAS,BELUM DIKUNJUNGI
PT DUNIA BARUSA,Perusahaan,BL-8154-NG,ACEH,JL MERDEKA NO.76 DESA MON GEUDONG KEC. BANDA SAKTI KOTA LHOKSEUMA,8,DP,Hitam - Kendaraan Pribadi,2025-01-03,2025-12-27,BELUM LUNAS,BELUM DIKUNJUNGI
PT DIAN PRATAMA DEWANTARA,Perusahaan,BL-8723-KU,ACEH,JL. MEDAN- BANDA ACEH KM. 225 DUSUN COT TUNONG KEC. DEWANTARA KAB,0,F,Kuning - Kendaraan Umum,2025-06-16,2026-06-16,BELUM LUNAS,BELUM DIKUNJUNGI
PT DIAN PRATAMA DEWANTARA,Perusahaan,BL-8853-NP,ACEH,DUSUN COT TUNONG KEL. ULEE REULEUNG KEC. DEWANTARA KAB. ACEH UTAR,8523658458,F,Hitam - Kendaraan Pribadi,2025-04-15,2026-03-23,BELUM LUNAS,BELUM DIKUNJUNGI
PT DARUSSALAM PERSADA,Perusahaan,BL-6935-NP,ACEH,JL. MALIKUSSALEH NO. 91A KAMPUNG JAWA KEC. BANDA SAKTI KOTA LHOKS,85655000000,C1,Kuning - Kendaraan Umum,2025-03-13,2026-03-13,BELUM LUNAS,BELUM DIKUNJUNGI
PT CITRA PASE INDAH,Perusahaan,BL-1869-NF,ACEH,JALAN MERDEKA BARAT NO. 01 DESA KUTA BLANG KEC. BANDA SAKTI KOTA,8,DP,Hitam - Kendaraan Pribadi,2024-12-18,2025-12-25,BELUM LUNAS,BELUM DIKUNJUNGI
PT CITRA BINTANG FAMILINDO,Perusahaan,BL-8264-NF,ACEH,JL. MERDEKA NO. 32 KEL. SIMPANG EMPAT KEC. BANDA SAKTI KOTA LHOKS,85260121700,F,Hitam - Kendaraan Pribadi,2024-09-20,2025-09-05,BELUM LUNAS,BELUM DIKUNJUNGI
PT CITRA BINTANG FAMILINDO,Perusahaan,BL-8570-N,ACEH,JL. MERDEKA NO. 32 KEL. SIMPANG EMPAT KEC. BANDA SAKTI KOTA LHOKS,81123467787,F,Kuning - Kendaraan Umum,2025-08-27,2026-07-15,LUNAS,BELUM DIKUNJUNGI
PT CITRA BINTANG FAMILINDO,Perusahaan,BL-8971-NP,ACEH,JL. MERDEKA NO. 32 KEL. SIMPANG EMPAT KEC. BANDA SAKTI KOTA LHOKS,85278780000,F,Kuning - Kendaraan Umum,2025-02-20,2026-01-20,LUNAS,BELUM DIKUNJUNGI
PT CITRA BINTANG FAMILINDO,Perusahaan,BL-8288-NF,ACEH,JL. MERDEKA NO. 32 KEL. SIMPANG EMPAT KEC. BANDA SAKTI KOTA LHOKS,81167542100,F,Hitam - Kendaraan Pribadi,2025-04-11,2026-01-02,BELUM LUNAS,BELUM DIKUNJUNGI
PT CITRA BINTANG FAMILINDO,Perusahaan,BL-8930-NB,ACEH,JL. MERDEKA NO. 32 KEC. BANDA SAKTI KOTA LHOKSEUMAWE,85362773716,F,Kuning - Kendaraan Umum,2026-01-07,2026-07-07,BELUM LUNAS,BELUM DIKUNJUNGI
PT CIPUGA GAS,Perusahaan,BL-8423-NF,ACEH,JL. MERDEKA NO.138A KEL. GAMPONG UTEUNKOT KEC. MUARA DUA KOTA LHO,85262121214,F,Hitam - Kendaraan Pribadi,2025-02-25,2026-01-21,BELUM LUNAS,BELUM DIKUNJUNGI
PT BUGAK BRAWANG CEMERLANG,Perusahaan,BL-8619-N,ACEH,JL. PASE NO. 6-8 GAMPONG,85261230212,F,Kuning - Kendaraan Umum,2024-08-22,2025-08-22,LUNAS,BELUM DIKUNJUNGI
PTBRI PERSERO TBK KC LHOKSEUMAWE,Perusahaan,BL-4261-NW,ACEH,JL.MERDEKA NO.01 KOTA LHOKSEUMAWE,81111111111,C1,Hitam - Kendaraan Pribadi,2024-12-17,2025-11-13,BELUM LUNAS,BELUM DIKUNJUNGI
PTBRI KANCA LHOKSEUMAWE,Perusahaan,BL-1529-NG,ACEH,JL. MERDEKA NO. 1 LHOKSEUMAWE KEC. BANDA SAKTI KOTA LHOKSEUMAWE,82367376676,DP,Hitam - Kendaraan Pribadi,2026-01-28,2026-07-16,BELUM LUNAS,BELUM DIKUNJUNGI
PT BRI KANCA LHOKSEUMAWE,Perusahaan,BL-1530-NG,ACEH,JL. MERDEKA NO. 1 KEL. LHOKSEUMAWE KEC. BANDA SAKTI KOTA LHOKSEUM,0,DP,Hitam - Kendaraan Pribadi,2025-07-11,2026-07-16,BELUM LUNAS,BELUM DIKUNJUNGI
PT BPRS RAHMAH HIJRAH AGUNG,Perusahaan,BL-1325-NS,ACEH,JL. MERDEKA NO. 1-2 KOMPLEK ACEH KONGSI LHOKSEUMAWE KEC. BANDA SA,8,DP,Hitam - Kendaraan Pribadi,2024-11-14,2025-11-10,BELUM LUNAS,BELUM DIKUNJUNGI
PT BPRS RAHMAH HIJRAH AGUNG,Perusahaan,BL-1302-NF,ACEH,JL. MERDEKA NO. 1-2 KOMPLEK ACEH KONGSI KEC. BANDA SAKTI KOTA LHO,85260771191,DP,Hitam - Kendaraan Pribadi,2025-03-18,2026-03-28,BELUM LUNAS,BELUM DIKUNJUNGI
PTBOHANA JAYA NUSANTARA,Perusahaan,BL-8657-KU,ACEH,JL.SAWANG NO.12 PASAR INPRES,85260121700,F,Kuning - Kendaraan Umum,2025-11-22,2026-06-02,BELUM LUNAS,BELUM DIKUNJUNGI
PTBOHANA JAYA NUSANTARA,Perusahaan,BL-8652-KS,ACEH,JL.SAWANG NO.12 PASAR,8232323232323,F,Kuning - Kendaraan Umum,2025-12-15,2026-07-07,BELUM LUNAS,BELUM DIKUNJUNGI
PTBOHANA JAYA NUSANTARA,Perusahaan,BL-8789-KU,ACEH,JL.SAWANG NO.12 PASAR INPRES KRUENG MANE,82344556676,F,Kuning - Kendaraan Umum,2025-01-30,2026-03-24,BELUM LUNAS,BELUM DIKUNJUNGI
PT BINTANG SEUMAWE NUSAMULIA,Perusahaan,BL-3313-N,ACEH,JL. GUDANG NO. 26 KEC. BANDA SAKTI KOTA LHOKSEUMAWE,85260121700,C1,Hitam - Kendaraan Pribadi,2024-09-09,2025-10-01,BELUM LUNAS,BELUM DIKUNJUNGI
PT BINTANG SEUMAWE NUSA MULIA,Perusahaan,BL-4701-ND,ACEH,JL. GUDANG NO. 26 KEC. BANDA SAKTI KOTA LHOKSEUMAWE,85260121700,C1,Hitam - Kendaraan Pribadi,2025-07-28,2026-07-12,BELUM LUNAS,BELUM DIKUNJUNGI
PTBINTANG BERLIAN PASEE,Perusahaan,BL-8970-N,ACEH,DUSUN C ALUE SERIBU KEL.PANGGOI,8116851886,F,Kuning - Kendaraan Umum,2025-07-28,2026-07-30,BELUM LUNAS,BELUM DIKUNJUNGI
PT BINTANG BERLIAN PASEE,Perusahaan,BL-8706-NP,ACEH,DUSUN C ALUE SERIBU KEL. PANGGOI KEC. MUARA DUA KOTA LHOKSEUMAWE,852310332001,F,Kuning - Kendaraan Umum,2025-06-16,2026-06-20,BELUM LUNAS,BELUM DIKUNJUNGI
PT BINTANG BERLIAN PASEE,Perusahaan,BL-8573-NP,ACEH,DUSUN C ALUE SERIBU KEL. PANGGOI,0,F,Kuning - Kendaraan Umum,2024-11-14,2025-10-19,BELUM LUNAS,BELUM DIKUNJUNGI
PT BINTANG BERLIAN PASE,Perusahaan,BL-8934-N,ACEH,DSN. C ALUE SERIBU KEL. PANGGOI,84522255522,F,Kuning - Kendaraan Umum,2024-10-23,2025-10-08,BELUM LUNAS,BELUM DIKUNJUNGI
PTBINA USAHA BERSAMA SEHATI,Perusahaan,BL-8257-NS,ACEH,JL. MEDAN-BANDA ACEH GG. KEUCHIK ANTARA KEL. BLANG PANYANG KEC. M,85200000000,F,Hitam - Kendaraan Pribadi,2025-11-13,2026-04-23,BELUM LUNAS,BELUM DIKUNJUNGI
PTBIMA SATRIA MANDIRI,Perusahaan,BL-8944-N,ACEH,JL MEDAN-B.ACEH SIMPANG EMPAT PALOH NO.02 KEL.MEURIA PALOH KEC.MU,0,F,Kuning - Kendaraan Umum,2025-03-03,2026-03-18,BELUM LUNAS,BELUM DIKUNJUNGI
PTBIMA SATRIA MANDIRI,Perusahaan,BL-8943-N,ACEH,JL MEDAN-B.ACEH SIMPANG EMPAT PALOH NO.02 KEL.MEURIA PALOH KEC.MU,0,F,Kuning - Kendaraan Umum,2025-11-07,2026-03-18,BELUM LUNAS,BELUM DIKUNJUNGI
PT BIMA SATRIA MANDIRI,Perusahaan,BL-8395-NG,ACEH,JL MEDAN-B.ACEH SIMPANG EMPAT PALOH KEL.MEURIA PALOH KEC.MUARA SA,81260424353,DP,Hitam - Kendaraan Pribadi,2025-03-06,2026-03-13,BELUM LUNAS,BELUM DIKUNJUNGI
PT BIMA SATRIA MANDIRI,Perusahaan,BL-8394-NG,ACEH,JL MEDAN-B.ACEH SIMPANG EMPAT PALOH KEL.MEURIA PALOH KEC.MUARA SA,81200000000,DP,Hitam - Kendaraan Pribadi,2025-03-06,2026-03-13,BELUM LUNAS,BELUM DIKUNJUNGI
PT BIMA SATRIA MANDIRI,Perusahaan,BL-8572-N,ACEH,JL MEDAN-B.ACEH SIMPANG EMPAT PALOH KEL.MEURIA PALOH KEC.MUARA SA,8,F,Kuning - Kendaraan Umum,2025-11-07,2026-05-10,BELUM LUNAS,BELUM DIKUNJUNGI
PT BIMA SATRIA MANDIRI,Perusahaan,BL-8269-NG,ACEH,JALAN MEDAN BANDA ACEH SIMPANG EMPAT NOMOR 02 KEL. MEURIA PALOH K,82370421986,F,Hitam - Kendaraan Pribadi,2024-12-03,2025-11-22,BELUM LUNAS,BELUM DIKUNJUNGI
PT BANK RAKYAT INDONESIA TBK KC LHO,Perusahaan,BL-3952-NAB,ACEH,JL. MERDEKA NO. 01 KEL. KOTA LHOKSEUMAWE KEC. BANDA SAKTI KOTA LH,85260121700,C1,Hitam - Kendaraan Pribadi,2025-04-21,2026-03-30,BELUM LUNAS,BELUM DIKUNJUNGI
PT BANK RAKYAT INDONESIAPERSERO,Perusahaan,BL-1409-NC,ACEH,JL MERDEKA NO 1 LHOKSEUMAWE,81260937657,DP,Hitam - Kendaraan Pribadi,2025-01-03,2026-03-20,BELUM LUNAS,BELUM DIKUNJUNGI
PT BANK RAKYAT INDONESIA PERSERO,Perusahaan,BL-6735-NR,ACEH,JL. MERDEKA NO. 1 KEL. SIMPANG IV KEC. BANDA SAKTI KOTA LHOKSEUMA,82364998204,C1,Hitam - Kendaraan Pribadi,2025-07-09,2026-07-04,BELUM LUNAS,BELUM DIKUNJUNGI
PTBANK RAKYAT INDONESIA CABLHOKSE,Perusahaan,BL-4356-NAF,ACEH,JL.MERDEKA NO.1 KOTA LHOKSEUMAWE,85278780000,C1,Hitam - Kendaraan Pribadi,2024-11-26,2025-11-28,BELUM LUNAS,BELUM DIKUNJUNGI
PTBANGUN MITRA BERSAMA,Perusahaan,BL-8848-N,ACEH,JL. MERDEKA NO. 2 KEL. GAMPONG KEUDE CUNDA KEC. MUARA DUA KOTA LH,0,F,Kuning - Kendaraan Umum,2025-11-12,2026-03-14,BELUM LUNAS,BELUM DIKUNJUNGI
PTBANGUN MITRA BERSAMA,Perusahaan,BL-8549-N,ACEH,JL. MERDEKA NO. 2 KEL. KEUDE CUNDA KEC. MUARA DUA KOTA LHOKSEUMAW,81360067008,F,Kuning - Kendaraan Umum,2024-12-23,2025-12-18,BELUM LUNAS,BELUM DIKUNJUNGI
PT BANGUN MITRA BERSAMA,Perusahaan,BL-8926-N,ACEH,JL.MERDEKA NO.2 GP.KEUDE CUNDA KEC.MUARA DUA KOTA LHOKSEUMAWE,811672148,F,Kuning - Kendaraan Umum,2024-09-19,2025-09-10,BELUM LUNAS,BELUM DIKUNJUNGI
PT BANGUN MITRA BERSAMA,Perusahaan,BL-8977-N,ACEH,JL MERDEKA NO. 2 KEL KEUDE CUNDA KEC MUARA DUA KOTA LHOKSEUMAWE,8,F,Kuning - Kendaraan Umum,2025-05-26,2026-05-19,BELUM LUNAS,BELUM DIKUNJUNGI
PT BANGUN MITRA BERSAMA,Perusahaan,BL-8565-NP,ACEH,JL. MERDEKA NO. 2 KEL. KEUDE CUNDA KEC. MUARA DUA KOTA LHOKSEUMAW,0,F,Kuning - Kendaraan Umum,2025-11-12,2026-05-25,BELUM LUNAS,BELUM DIKUNJUNGI
PT BANGUN MITRA BERSAMA,Perusahaan,BL-8928-NP,ACEH,JL. MERDEKA NO. 2 KEL. KEUDE CUNDA KEC. MUARA DUA KOTA LHOKSEUMAW,8527878000,F,Kuning - Kendaraan Umum,2025-11-13,2026-05-11,BELUM LUNAS,BELUM DIKUNJUNGI
PT BANGUN MITRA BERSAMA,Perusahaan,BL-8544-N,ACEH,JL. MERDEKA NO. 2 CUNDA KEC. MUARA DUA KOTA LHOKSEUMAWE,85255411768,F,Kuning - Kendaraan Umum,2024-10-17,2025-10-16,BELUM LUNAS,BELUM DIKUNJUNGI
PT BANGUN MITRA BERSAMA,Perusahaan,BL-8965-N,ACEH,JL. MERDEKA NO. 2 KEL. CUNDA KEC. MUARA DUA KOTA LHOKSEUMAWE,0,F,Kuning - Kendaraan Umum,2025-05-02,2026-04-28,BELUM LUNAS,BELUM DIKUNJUNGI
PT BANGUN MITRA BERSAMA,Perusahaan,BL-8935-N,ACEH,JL. MERDEKA NO.2 KEL. GAMPONG KEUDE CUNDA KEC. MUARA DUA KOTA LHO,81100000000,F,Kuning - Kendaraan Umum,2025-01-03,2025-11-10,BELUM LUNAS,BELUM DIKUNJUNGI
PT BANGUN MITRA BERSAMA,Perusahaan,BL-8520-N,ACEH,JL. MERDEKA NO.2 KEL KEUDE CUNDA KEC MUARA DUA - KOTA LHOKSEUMAWE,8,F,Kuning - Kendaraan Umum,2025-05-19,2026-04-30,BELUM LUNAS,BELUM DIKUNJUNGI
PT BANGUN MITRA BERSAMA,Perusahaan,BL-8919-N,ACEH,JL. MERDEKA NO.2 KEL KEUDE CUNDA KEC MUARA DUA KOTA LHOKSEUMAWE,8,F,Kuning - Kendaraan Umum,2025-05-19,2026-04-30,BELUM LUNAS,BELUM DIKUNJUNGI
PT BANGUN MITRA BERSAMA,Perusahaan,BL-8554-N,ACEH,JL. MERDEKA NO.2 KEL KEUDE CUNDA KEC MUARA DUA KOTA LHOKSEUMAWE,8,F,Kuning - Kendaraan Umum,2025-05-19,2026-04-30,BELUM LUNAS,BELUM DIKUNJUNGI
PT BANGUN MITRA BERSAMA,Perusahaan,BL-8995-N,ACEH,JL. MERDEKA NO.2 KEL KEUDE CUNDA KEC MUARA DUA KOTA LHOKSEUMAWE,8,F,Kuning - Kendaraan Umum,2025-05-19,2026-04-30,BELUM LUNAS,BELUM DIKUNJUNGI
PT BANGUN MITRA BERSAMA,Perusahaan,BL-8867-N,ACEH,JL. MERDEKA NO.2 CUNDA KECAMATAN MUARA DUA KOTA LHOKSEUMAWE,8527878000,F,Kuning - Kendaraan Umum,2025-06-13,2026-06-09,BELUM LUNAS,BELUM DIKUNJUNGI
PT BANGUN MITRA BERSAMA,Perusahaan,BL-8946-N,ACEH,JL. MERDEKA NO.2 KEL KEUDE CUNDA KEC MUARA DUA - KOTA LHOKSEUMAWE,8,F,Kuning - Kendaraan Umum,2025-05-19,2026-04-30,BELUM LUNAS,BELUM DIKUNJUNGI
PT BANGUN MITRA BERSAMA,Perusahaan,BL-8901-N,ACEH,JL. MERDEKA NO.2 GP DS. KEUDE CUNDA KEC. MUARA DUA KOTA LHOKSEUMA,82366753672,F,Kuning - Kendaraan Umum,2025-01-14,2025-11-22,BELUM LUNAS,BELUM DIKUNJUNGI
PT BANGUN MITRA BERSAMA,Perusahaan,BL-8991-N,ACEH,JL. MERDEKA NO.2 KEL KEUDE CUNDA KEC MUARA DUA KOTA LHOKSEUMAWE,8,F,Kuning - Kendaraan Umum,2025-05-19,2026-04-30,BELUM LUNAS,BELUM DIKUNJUNGI
PT BANGUN MITRA BERSAMA,Perusahaan,BL-8984-N,ACEH,JL. MERDEKA NO. 2 KEL. CUNDA KEC. MUARA DUA KOTA LHOKSEUMAWE,0,F,Kuning - Kendaraan Umum,2025-12-22,2026-03-02,BELUM LUNAS,BELUM DIKUNJUNGI
PT BANGUN MITRA BERSAMA,Perusahaan,BL-8774-N,ACEH,JL. MERDEKA NO. 2 KEL. GAMPUNG KEUDE CUNDA KEC. MUARA DUA KOTA LH,80000000000,F,Kuning - Kendaraan Umum,2025-09-04,2026-04-25,BELUM LUNAS,BELUM DIKUNJUNGI
PT BANGUN MITRA BERSAMA,Perusahaan,BL-8925-N,ACEH,JL. MERDEKA NO. 2 KEL. KEUDE CUNDA KEC. MUARA DUA KOTA LHOKSEUMAW,82360753672,F,Kuning - Kendaraan Umum,2025-08-11,2026-07-27,BELUM LUNAS,BELUM DIKUNJUNGI
PT BANGUN MITRA BERSAMA,Perusahaan,BL-8843-N,ACEH,JL. MERDEKA NO.2 KEL. GAMPONG KEUDE CUNDA KEC. MUARA DUA KOTA LHO,0,F,Kuning - Kendaraan Umum,2025-12-10,2026-03-14,BELUM LUNAS,BELUM DIKUNJUNGI
PT BANGUN MITRA BERSAMA,Perusahaan,BL-8509-N,ACEH,"JL. MERDEKA NO. 2 CUNDA KEC. MUARA DUA KOTA LHOKSEU,MAWE.",82366753672,F,Kuning - Kendaraan Umum,2025-06-24,2026-06-22,BELUM LUNAS,BELUM DIKUNJUNGI
PT BANGUN MITRA BERSAMA,Perusahaan,BL-8997-N,ACEH,JL. MERDEKA NO.2 KEL KEUDE CUNDA KEC MUARA DUA KOTA LHOKSEUMAWE,8,F,Kuning - Kendaraan Umum,2025-05-19,2026-04-30,BELUM LUNAS,BELUM DIKUNJUNGI
PT BANGUN MITRA BERSAMA,Perusahaan,BL-8847-N,ACEH,JL. MERDEKA NO. 2 GAMPONG KEUDE CUNDA KEC. MUARA DUA KOTA LHOKSEU,81111111111,F,Kuning - Kendaraan Umum,2025-11-12,2026-03-14,BELUM LUNAS,BELUM DIKUNJUNGI
PT BANGUN MITRA BERSAMA,Perusahaan,BL-8839-N,ACEH,JL. MERDEKA NO. 2 KEL. KEUDE CUNDA KEC. MUARA DUA KOTA LHOKSEUMAW,82366753672,F,Kuning - Kendaraan Umum,2025-11-12,2026-03-14,BELUM LUNAS,BELUM DIKUNJUNGI
PT BANGUN MITRA BERSAMA,Perusahaan,BL-8507-N,ACEH,JL. MERDEKA NO. 2 KEL. CUNDA KEC. MUARA DUA KOTA LHOKSEUMAWE,82366753672,F,Kuning - Kendaraan Umum,2025-06-24,2026-04-19,BELUM LUNAS,BELUM DIKUNJUNGI
PT BANGUN MITRA BERSAMA,Perusahaan,BL-8646-NP,ACEH,JL. MERDEKA NO. 2 KEL. KEUDE CUNDA KEC. MUARA DUA KOTA LHOKSEUMAW,85261616542,F,Kuning - Kendaraan Umum,2025-11-12,2026-05-25,BELUM LUNAS,BELUM DIKUNJUNGI
PT BANGUN MITRA BERSAMA,Perusahaan,BL-8951-N,ACEH,JL. MERDEKA NO.2 CUNDA KECAMATAN MUARA DUA KOTA LHOKSEUMAWE,8527878000,F,Kuning - Kendaraan Umum,2025-07-03,2026-06-09,BELUM LUNAS,BELUM DIKUNJUNGI
PT BANGUN MITRA BERSAMA,Perusahaan,BL-8750-N,ACEH,JL. MERDEKA NO.2 GP KEUDE CUNDA KEC. MUARA DUA KOTA LHOKSEUMAWE,82366753672,F,Kuning - Kendaraan Umum,2026-04-16,2026-07-27,BELUM LUNAS,BELUM DIKUNJUNGI
PT BANGUN MITRA BERSAMA,Perusahaan,BL-8583-NB,ACEH,JALAN MERDEKA NO. 2 KEL. KEUDE CUNDA KEC. MUARA DUA KOTA LHOKSEUM,8,F,Kuning - Kendaraan Umum,2025-07-07,2026-06-30,BELUM LUNAS,BELUM DIKUNJUNGI
PT BANGUN MITRA BERSAMA,Perusahaan,BL-8996-N,ACEH,JL. MERDEKA NO.2 KEL KEUDE CUNDA KEC MUARA DUA KOTA LHOKSEUMAWE,8,F,Kuning - Kendaraan Umum,2025-05-19,2026-04-30,BELUM LUNAS,BELUM DIKUNJUNGI
PT BANGUN MITRA BERSAMA,Perusahaan,BL-8799-NP,ACEH,JL.MERDEKA NO.2 KEL.CUNDA KEC.MUARA DUA KOTA LHOKSEUMAWE,8527878000,F,Kuning - Kendaraan Umum,2025-06-20,2025-10-01,BELUM LUNAS,BELUM DIKUNJUNGI
PT BANGUN MITRA BERSAMA,Perusahaan,BL-8533-N,ACEH,JL MERDEKA NO. 2 KEL KEUDE CUNDA KEC MUARA DUA KOTA KOTA LHOKSEUM,8,F,Kuning - Kendaraan Umum,2025-05-26,2026-05-19,BELUM LUNAS,BELUM DIKUNJUNGI
PT BANGUN MITRA BERSAMA,Perusahaan,BL-8918-N,ACEH,JL.MERDEKA NO.2 GP.KEUDE CUNDA KEC.MUARA DUA KOTA LHOKSEUMAWE,811672148,F,Kuning - Kendaraan Umum,2024-12-16,2025-09-14,BELUM LUNAS,BELUM DIKUNJUNGI
PTAULIA JAYA EXPRESS,Perusahaan,BL-8565-NH,ACEH,JL.MERDEKA TIMUR KEL.UTEUNKOT KEC.MUARA DUA KOTA LHOKSEUMAWE,0,F,Kuning - Kendaraan Umum,2024-11-19,2025-09-18,BELUM LUNAS,BELUM DIKUNJUNGI
PT AULIA JAYA EXPRESS,Perusahaan,BL-8603-NP,ACEH,JL. MERDEKA TIMUR NO. 2 KEL. UTEUNKOT KEC. MUARA DUA KOTA LHOKSEU,85260000100,F,Kuning - Kendaraan Umum,2025-05-07,2026-03-21,BELUM LUNAS,BELUM DIKUNJUNGI
PT AULIA JAYA EXPRESS,Perusahaan,BL-8604-NP,ACEH,JL. MERDEKA TIMUR NO. 2 KEC. MUARA DUA KOTA LHOKSEUMAWE,85262002200,F,Kuning - Kendaraan Umum,2025-11-19,2026-03-21,BELUM LUNAS,BELUM DIKUNJUNGI
PT AULIA JAYA EXPRESS,Perusahaan,BL-8602-NP,ACEH,JL. MERDEKA TIMUR NO. 02 KEL. UTEUNKOT KEC. MUARA DUA KOTA LHOKSE,85260020200,F,Kuning - Kendaraan Umum,2025-11-19,2026-03-21,BELUM LUNAS,BELUM DIKUNJUNGI
PT AULIA JAYA EXPRESS,Perusahaan,BL-8738-NP,ACEH,JL. MERDEKA TIMUR KEL. UTEUNKOT KEC. MUARA DUA KOTA LHOKSEUMAWE,85207372440,F,Kuning - Kendaraan Umum,2025-07-28,2026-07-26,LUNAS,BELUM DIKUNJUNGI
PT AULIA JAYA EXPRES,Perusahaan,BL-8743-NH,ACEH,JL. MERDEKA TIMUR NO. 2 KEL. UTEUNKOT KEC. MUARA DUA KOTA LHOKSEU,81222111111,F,Kuning - Kendaraan Umum,2024-10-29,2025-08-18,LUNAS,BELUM DIKUNJUNGI
PT ATLANTIC ALAM INDUSTRI,Perusahaan,BL-1655-NR,ACEH,JLN. KENARI NO. 129A DUSUN C ALUE SERIBU BTN LAMA DESA PANGGOI KE,85278780000,DP,Hitam - Kendaraan Pribadi,2025-01-13,2025-12-30,BELUM LUNAS,BELUM DIKUNJUNGI
PT ATA GEUTANYOE,Perusahaan,BL-8953-KY,ACEH,JL. MESJID NO. 18 KEL. KEUDE KRUENG GEUKUEH KEC. DEWANTARA KAB. A,8527878000,F,Kuning - Kendaraan Umum,2025-07-11,2026-07-04,BELUM LUNAS,BELUM DIKUNJUNGI
PTARUN NGLCO,Perusahaan,BL-8356-ND,ACEH,BLANG LANCANG,8526555555,DP,Hitam - Kendaraan Pribadi,2025-11-25,2026-06-25,BELUM LUNAS,BELUM DIKUNJUNGI
PTARUN NGL CO,Perusahaan,BL-8121-ND,ACEH,BLANG LANCANG,81111111,DP,Hitam - Kendaraan Pribadi,2024-12-11,2026-02-26,BELUM LUNAS,BELUM DIKUNJUNGI
PTARUN NGL CO,Perusahaan,BL-8401-NC,ACEH,BLANG LANCANG,85278780000,DP,Hitam - Kendaraan Pribadi,2025-01-15,2026-02-13,BELUM LUNAS,BELUM DIKUNJUNGI
PTARUN NGL CO,Perusahaan,BL-8130-NC,ACEH,KEL. BLANG LANCANG KEC. MUARA SATU KOTA LHOKSEUMAWE,81375916339,DP,Hitam - Kendaraan Pribadi,2025-02-10,2026-02-26,BELUM LUNAS,BELUM DIKUNJUNGI
PT ARUN NGL CO,Perusahaan,BL-8253-ND,ACEH,KEL BLANG LANCANG,81111111111,DP,Hitam - Kendaraan Pribadi,2025-12-19,2026-06-16,BELUM LUNAS,BELUM DIKUNJUNGI
PT ARUN NGL CO,Perusahaan,BL-8472-NC,ACEH,KEL. BLANG LANCANG KEC. MUARA SATU KOTA LHOKSEUMAWE,85270335667,DP,Hitam - Kendaraan Pribadi,2024-10-24,2025-10-27,BELUM LUNAS,BELUM DIKUNJUNGI
PT ARUN NGL CO,Perusahaan,BL-1839-NH,ACEH,KEL. BLANG LANCANG KEC. MUARA SATU KOTA LHOKSEUMAWE,85260121700,DP,Hitam - Kendaraan Pribadi,2024-12-06,2025-12-03,BELUM LUNAS,BELUM DIKUNJUNGI
PT ARUN NGL CO,Perusahaan,BL-1904-NW,ACEH,DSN. BLANG LANCANG KEL. BLANG PULO KEC. MUARA SATU KOTA LHOKSEUMA,81364646464,DP,Hitam - Kendaraan Pribadi,2025-01-02,2026-02-16,BELUM LUNAS,BELUM DIKUNJUNGI
PT ARUN NGL CO,Perusahaan,BL-1631-NJ,ACEH,BLANG LANCANG KEL. BATUPHAT BARAT KEC. MUARA SATU KOTA LHOKSEUMAW,0,DP,Hitam - Kendaraan Pribadi,2025-07-25,2026-06-25,BELUM LUNAS,BELUM DIKUNJUNGI
PT ARUN NGL CO,Perusahaan,BL-1798-NY,ACEH,KEL. BLANG LANCANG KEC. MUARA DUA KOTA LHOKSEUMAWE,80000000000,DP,Hitam - Kendaraan Pribadi,2025-01-02,2025-11-01,BELUM LUNAS,BELUM DIKUNJUNGI
PT ARUN NGL CO,Perusahaan,BL-1593-NJ,ACEH,KEL. BLANG PANYANG KEC. MUARA SATU KOTA LHOKSEUMAWE,81111111111,DP,Hitam - Kendaraan Pribadi,2025-06-16,2026-06-18,BELUM LUNAS,BELUM DIKUNJUNGI
PT ARUN NGL CO,Perusahaan,BL-1635-NV,ACEH,KEL. BATUPHAT BARAT KEC. MUARA SATU KOTA LHOKSEUMAWE,85200000000,DP,Hitam - Kendaraan Pribadi,2025-02-10,2025-12-20,BELUM LUNAS,BELUM DIKUNJUNGI
PT ARUN NGL CO,Perusahaan,BL-8349-NB,ACEH,KEL. BLANG LANCANG KEC. MUARA SATU KOTA LHOKSEUMAWE,85260121700,DP,Hitam - Kendaraan Pribadi,2025-06-25,2025-12-05,BELUM LUNAS,BELUM DIKUNJUNGI
PT ARUN NGL  CO,Perusahaan,BL-1945-NC,ACEH,KEL. BLANG LANCANG KEC. MUARA SATU KOTA LHOKSEUMAWE,85200000000,DP,Hitam - Kendaraan Pribadi,2025-07-28,2026-01-03,BELUM LUNAS,BELUM DIKUNJUNGI
PT ARUN NGL,Perusahaan,BL-1634-NV,ACEH,BLANG LANCANG KEC. MUARA SATU KOTA LHOKSEUMAWE,85260522340,DP,Hitam - Kendaraan Pribadi,2025-01-30,2026-01-25,BELUM LUNAS,BELUM DIKUNJUNGI
PT ARUN NGL,Perusahaan,BL-1832-NS,ACEH,KEL. BLANG LANCANG KEC. MUARA SATU KOTA LHOKSEUMAWE,88562212111,DP,Hitam - Kendaraan Pribadi,2025-02-12,2026-04-23,BELUM LUNAS,BELUM DIKUNJUNGI
PT ARIFA SENTOSA,Perusahaan,BL-8665-N,ACEH,JL. B. ACEH - MEDAN NO. 66 KEL. BLANG PULO,85278780000,F,Kuning - Kendaraan Umum,2025-06-03,2026-02-11,BELUM LUNAS,BELUM DIKUNJUNGI
PT ALFA SCORPII,Perusahaan,BL-3526-NAF,ACEH,JL PASE NO 2A KEL.GP LHOKSEUMAWE,8000000000,C1,Hitam - Kendaraan Pribadi,2025-07-24,2025-12-15,BELUM LUNAS,BELUM DIKUNJUNGI
PT ALFA SCORPII,Perusahaan,BL-6190-NAH,ACEH,JL. PASE NO. 2A KEL. GP LHOKSEUMAWE KEC. BANDA SAKTI KOTA LHOKSEU,81111111111,C1,Hitam - Kendaraan Pribadi,2025-12-24,2026-03-06,BELUM LUNAS,BELUM DIKUNJUNGI
PT ALFA SCORPII,Perusahaan,BL-4105-NAJ,ACEH,JL PASE NO 2A KEL.GP LHOKSEUMAWE KEC. BANDA SAKTI KOTA LHOKSEUMAW,823456789,C1,Hitam - Kendaraan Pribadi,2025-11-13,2026-07-20,BELUM LUNAS,BELUM DIKUNJUNGI
PT ALAM BLANG LANCANG,Perusahaan,BL-3924-NAP,ACEH,JL MERDEKA TIMUR NO. 2A CUNDA DS. KEUDE CUNDA KEC. MUARA DUA KOTA,81111111,C1,Hitam - Kendaraan Pribadi,2025-02-19,2026-02-19,BELUM LUNAS,BELUM DIKUNJUNGI
PT ALAM BLANG LANCANG,Perusahaan,BL-4234-NAR,ACEH,JL MERDEKA TIMUR NO 2A KEL. KEUDE CUNDA KEC. MUARA DUA KOTA LHOKS,8,C1,Hitam - Kendaraan Pribadi,2024-09-13,2025-09-11,BELUM LUNAS,BELUM DIKUNJUNGI
PT ALAM BLANG LANCANG,Perusahaan,BL-1199-NN,ACEH,DUSUN TGK DI PANYANG KEL. PADANG SAKTI KEC. MUARA SATU KOTA LHOKS,85263415211,DP,Hitam - Kendaraan Pribadi,2025-04-10,2026-04-25,BELUM LUNAS,BELUM DIKUNJUNGI
PTADIYA HARAPAN,Perusahaan,BL-8730-NH,ACEH,JLN.MEDAN-B.ACEH PUNTEUET LHOKSEUMAWE-NAD,85270474545,F,Kuning - Kendaraan Umum,2024-08-28,2025-08-25,LUNAS,BELUM DIKUNJUNGI
PT ADIYA HARAPAN,Perusahaan,BL-8806-NH,ACEH,KEL. ASAN KAREUNG KEC. BLANG MANGAT KOTA LHOKSEUMAWE,0,F,Kuning - Kendaraan Umum,2025-11-14,2026-06-23,BELUM LUNAS,BELUM DIKUNJUNGI
PT ADIYA HARAPAN,Perusahaan,BL-8809-NH,ACEH,GAMPONG ASAN KAREUNG KEL. BLANG MANGAT KEL. BLANG MANGAT KOTA LHO,82366753672,F,Kuning - Kendaraan Umum,2025-12-10,2026-06-22,BELUM LUNAS,BELUM DIKUNJUNGI
PT ADIYA HARAPAN,Perusahaan,BL-8813-NH,ACEH,KEL. ASAN KAREUNG KEC. BLANG MANGAT KOTA LHOKSEUMAWE,8527878000,F,Kuning - Kendaraan Umum,2025-11-14,2026-06-23,BELUM LUNAS,BELUM DIKUNJUNGI
PT ADIYA HARAPAN,Perusahaan,BL-8997-NH,ACEH,KEL. ASAN KAREUNG KEC. BLANG MANGAT KOTA LHOKSEUMAWE,85234567890,F,Kuning - Kendaraan Umum,2024-08-28,2025-08-10,LUNAS,BELUM DIKUNJUNGI
PT ADIYA HARAPAN,Perusahaan,BL-8817-NH,ACEH,KEL. ASAN KAREUNG KEC. BLANG MANGAT KOTA LHOKSEUMAWE,82360109693,F,Kuning - Kendaraan Umum,2025-11-19,2026-06-23,BELUM LUNAS,BELUM DIKUNJUNGI
PT ADIYA HARAPAN,Perusahaan,BL-8608-NH,ACEH,KEL. ASAN KAREUNG KEC. BLANG MANGAT KOTA LHOKSEUMAWE,85270727374,F,Kuning - Kendaraan Umum,2025-02-17,2025-10-24,BELUM LUNAS,BELUM DIKUNJUNGI
PT ADIRA SARANA ARMADA,Perusahaan,BL-1930-NW,ACEH,JL. MERDEKA NO. 76 KEC. BANDA SAKTI KOTA LHOKSEUMAWE,85278780000,DP,Hitam - Kendaraan Pribadi,2025-01-07,2025-08-11,LUNAS,BELUM DIKUNJUNGI
PT ACEH UTAMA JAYAINDO,Perusahaan,BL-8796-AC,ACEH,JL. TGK. IMUM LUENG BATA NO.79 GP. LAMSEUPEUNG KEC. LUENG BATA KO,85261923334,F,Kuning - Kendaraan Umum,2024-12-20,2025-08-12,LUNAS,BELUM DIKUNJUNGI
PT ACEH DISTRIBUSINDO RAYA,Perusahaan,BL-1196-NK,ACEH,KEL. ALUE LIM KEC. BLANG MANGAT KOTA LHOKSEUMAWE,85262121025,DP,Hitam - Kendaraan Pribadi,2025-06-12,2026-05-04,BELUM LUNAS,BELUM DIKUNJUNGI
PT ACEH DISTRIBUSINDO RAYA,Perusahaan,BL-1486-NS,ACEH,JL. MEDAN - BANDA ACEH SP. ELAK KEL. ALUE LIM KEC. BLANG MANGAT K,85296538435,DP,Hitam - Kendaraan Pribadi,2025-10-10,2026-02-10,BELUM LUNAS,BELUM DIKUNJUNGI
PT ACEH DISTRIBUSINDO RAYA,Perusahaan,BL-8409-NE,ACEH,JL. MEDAN - BANDA ACEH SP. ELAK KEL. ALUE LIM KEC. BLANG MANGAT K,81222222111,F,Hitam - Kendaraan Pribadi,2025-01-30,2026-01-26,BELUM LUNAS,BELUM DIKUNJUNGI
PT ACEH DISTRIBUSINDO RAYA,Perusahaan,BL-6311-NT,ACEH,JL. MEDAN-B.ACEH KEL. ALUE LIM,823456789,C1,Hitam - Kendaraan Pribadi,2024-10-25,2025-08-30,BELUM LUNAS,BELUM DIKUNJUNGI
PT ACEH DISTRIBUSINDO RAYA,Perusahaan,BL-8406-NE,ACEH,JL. MEDAN - BANDA ACEH SP. ELAK KEL. ALUE LIM KEC. BLANG MANGAT K,82259348482,F,Hitam - Kendaraan Pribadi,2024-12-20,2026-01-26,BELUM LUNAS,BELUM DIKUNJUNGI
PT ACEH DISTRIBUSINDO RAYA,Perusahaan,BL-8411-NE,ACEH,JL. MEDAN - BANDA ACEH SIMPANG ELAK ALUE LIM KEC. BLANG MANGAT KO,82259348482,F,Hitam - Kendaraan Pribadi,2024-12-20,2026-01-26,BELUM LUNAS,BELUM DIKUNJUNGI
PTABAD JAYA GROUP,Perusahaan,BL-8669-KS,ACEH,JL B.ACEH MEDAN KM 260 DS TB.BAROH,82323232322,F,Kuning - Kendaraan Umum,2025-11-19,2026-03-10,BELUM LUNAS,BELUM DIKUNJUNGI
PEMKAB ACEH UTARA,Pemerintahan,BL-2892-N,ACEH,JL.T.HAMZAH BENDAHARA NO.1,85236598745,C1,Merah - Kendaraan Pemerintah,2025-02-26,2026-01-07,BELUM LUNAS,BELUM DIKUNJUNGI
PEMERINTAH LHOKSEUMAWE,Pemerintahan,BL-1098-NC,ACEH,JL. MERDEKA I NO. 2 KEL. KOTA LHOKSEUMAWE KEC. BANDA SAKTI KOTA L,8110000000,DP,Merah - Kendaraan Pemerintah,2025-12-30,2026-05-05,BELUM LUNAS,BELUM DIKUNJUNGI
PEMERINTAH KOTA LHOKSEUMAWE,Pemerintahan,BL-1040-NM,ACEH,JL.MERDEKA NO.2 KEL KP JAWA LAMA KEC. BANDA SAKTI KOTA LHOKSEUMAW,8520000000,DP,Merah - Kendaraan Pemerintah,2025-05-23,2026-04-06,BELUM LUNAS,BELUM DIKUNJUNGI
PEMERINTAH KOTA LHOKSEUMAWE,Pemerintahan,BL-1095-NV,ACEH,JL. MERDEKA I NO. 2 LHOKSEUMAWE KEC. BANDA SAKTI KOTA LHOKSEUMAWE,8527878000,DP,Merah - Kendaraan Pemerintah,2025-05-08,2025-12-20,BELUM LUNAS,BELUM DIKUNJUNGI
PEMERINTAH KOTA LHOKSEUMAWE,Pemerintahan,BL-2180-NE,ACEH,JL.SYECH SYAMSUDDIN AS-SUMATERANI NO.2 DS. KAMPUNG JAWA KEC. BAND,85260701986,C1,Merah - Kendaraan Pemerintah,2025-12-24,2026-07-17,BELUM LUNAS,BELUM DIKUNJUNGI
PEMERINTAH KOTA LHOKSEUMAWE,Pemerintahan,BL-7012-N,ACEH,JL SYEIKH SYAMSUDDIN AS SUMATRANI NO 2 DS KAMPUNG JAWA BARU KEC B,8,EP,Merah - Kendaraan Pemerintah,2025-01-14,2025-12-30,BELUM LUNAS,BELUM DIKUNJUNGI
PEMERINTAH KOTA LHOKSEUMAWE,Pemerintahan,BL-2348-N,ACEH,JL.MERDEKA NO.1,82370215365,C1,Hitam - Kendaraan Pribadi,2025-11-19,2026-04-07,BELUM LUNAS,BELUM DIKUNJUNGI
PEMERINTAH KOTA LHOKSEUMAWE,Pemerintahan,BL-2871-N,ACEH,JL. MERDEKA NO.1,85260121700,C1,Merah - Kendaraan Pemerintah,2024-10-29,2025-10-30,BELUM LUNAS,BELUM DIKUNJUNGI
PEMERINTAH KOTA LHOKSEUMAWE,Pemerintahan,BL-2509-ND,ACEH,JL.MERDEKA I NO.2 KP JAWA,0,C1,Merah - Kendaraan Pemerintah,2025-07-28,2026-06-20,BELUM LUNAS,BELUM DIKUNJUNGI
PEMERINTAH KOTA LHOKSEUMAWE,Pemerintahan,BL-7031-N,ACEH,JL SYEIKH SYAMSUDDIN AS SUMATRANI NO 2 DS KAMPUNG JAWA BARU KEC B,8000000000,EP,Merah - Kendaraan Pemerintah,2025-06-05,2026-05-26,BELUM LUNAS,BELUM DIKUNJUNGI
PEMERINTAH KOTA LHOKSEUMAWE,Pemerintahan,BL-8086-N,ACEH,JL SYEIKH SYAMSUDDIN AS-SUMATRANI NO 2 DS KAMPUNG JAWA BARU KEC B,8,DP,Merah - Kendaraan Pemerintah,2025-01-14,2025-12-30,BELUM LUNAS,BELUM DIKUNJUNGI
PEMERINTAH KOTA LHOKSEUMAWE,Pemerintahan,BL-2529-ND,ACEH,JL. MERDEKA I NO. 2 KEL. KAMPUNG JAWA KEC. BANDA SAKTI KOTA LHOKS,8526938581,C1,Merah - Kendaraan Pemerintah,2025-12-24,2026-06-20,BELUM LUNAS,BELUM DIKUNJUNGI
PEMERINTAH KOTA LHOKSEUMAWE,Pemerintahan,BL-2206-ND,ACEH,JL. MERDEKA 2 KEL. KAMPUNG JAWA KEC. BANDA SAKTI KOTA LHOKSEUMAWE,81111111111,C1,Merah - Kendaraan Pemerintah,2024-12-23,2025-12-31,BELUM LUNAS,BELUM DIKUNJUNGI
PEMERINTAH KOTA LHOKSEUMAWE,Pemerintahan,BL-1094-NW,ACEH,JL. MERDEKA I NO. 2 KEL. KOTA LHOKSEUMAWE KEC. BANDA SAKTI KOTA L,85277171015,DP,Merah - Kendaraan Pemerintah,2025-07-21,2026-05-08,BELUM LUNAS,BELUM DIKUNJUNGI
PEMERINTAH KOTA LHOKSEUMAWE,Pemerintahan,BL-2203-ND,ACEH,JL.MERDEKA 2 KEL.KAMPUNG JAWA KEC. BANDA SAKTI KOTA LHOKSEUMAWE,81269920631,C1,Merah - Kendaraan Pemerintah,2024-10-28,2025-12-31,BELUM LUNAS,BELUM DIKUNJUNGI
PEMERINTAH KOTA LHOKSEUMAWE,Pemerintahan,BL-2430-ND,ACEH,JL. MERDEKA I NO. 2 KEL. KAMPUNG JAWA KEC. BANDA SAKTI KOTA LHOKS,852787800,C1,Merah - Kendaraan Pemerintah,2025-05-08,2026-03-17,BELUM LUNAS,BELUM DIKUNJUNGI
PEMERINTAH KOTA LHOKSEUMAWE,Pemerintahan,BL-9134-N,ACEH,JL. SYECH SYAMSUDDIN AS SUMATRANI NO. 1 KEC. BANDA SAKTI KOTA LHO,80000000000,A,Merah - Kendaraan Pemerintah,2025-08-19,2026-03-07,BELUM LUNAS,BELUM DIKUNJUNGI
PEMERINTAH KOTA LHOKSEUMAWE,Pemerintahan,BL-1061-NJ,ACEH,JL. BALAI KOTA NO. 1 LHOKSEUMAWE KEC. BANDA SAKTI KOTA LHOKSEUMAW,8527878000,DP,Merah - Kendaraan Pemerintah,2025-07-24,2026-04-08,BELUM LUNAS,BELUM DIKUNJUNGI
PEMERINTAH KOTA LHOKSEUMAWE,Pemerintahan,BL-8012-NB,ACEH,JL. BALAI KOTA NO. 1 KEC. BANDA SAKTI KOTA LHOKSEUMAWE,81111111111,DP,Merah - Kendaraan Pemerintah,2025-08-14,2026-04-17,BELUM LUNAS,BELUM DIKUNJUNGI
PEMERINTAH KOTA LHOKSEUMAWE,Pemerintahan,BL-1026-NJ,ACEH,JL. MERDEKA I NO. 2 LHOKSEUMAWE KEC. BANDA SAKTI KOTA LHOKSEUMAWE,85278780000,DP,Merah - Kendaraan Pemerintah,2025-07-24,2026-04-28,BELUM LUNAS,BELUM DIKUNJUNGI
PEMERINTAH KOTA LHOKSEUMAWE,Pemerintahan,BL-1032-NV,ACEH,JL. MERDEKA NO. 1 KEC. BANDA SAKTI KOTA LHOKSEUMAWE,852587899987,DP,Merah - Kendaraan Pemerintah,2025-07-01,2026-06-16,BELUM LUNAS,BELUM DIKUNJUNGI
PEMERINTAH KOTA LHOKSEUMAWE,Pemerintahan,BL-2824-ND,ACEH,JL.MERDEKA I NO.2 KAMPUNG JAWA LAMA,85260982225,C1,Merah - Kendaraan Pemerintah,2025-07-16,2026-02-17,LUNAS,BELUM DIKUNJUNGI
PEMERINTAH KOTA LHOKSEUMAWE,Pemerintahan,BL-1045-NK,ACEH,JL.MERDEKA I NO.2 KEL KP JAWA,8111111111,DP,Merah - Kendaraan Pemerintah,2025-03-12,2025-12-04,BELUM LUNAS,BELUM DIKUNJUNGI
PEMERINTAH KOTA LHOKSEUMAWE,Pemerintahan,BL-8097-N,ACEH,JLN. SYECH SYAMSUDDIN AS SUMATRANI NO. 2 LHOKSEUMAWE KOTA LHOKSEU,8,F,Merah - Kendaraan Pemerintah,2024-10-24,2025-10-22,BELUM LUNAS,BELUM DIKUNJUNGI
PEMERINTAH KOTA LHOKSEUMAWE,Pemerintahan,BL-1057-NV,ACEH,JL. MERDEKA I NO.2 KEL KOTA LHOKSEUMAWE KEC.BANDA SAKTI KOTA LHOK,85260121700,DP,Merah - Kendaraan Pemerintah,2025-03-21,2026-02-04,BELUM LUNAS,BELUM DIKUNJUNGI
PEMERINTAH KOTA LHOKSEUMAWE,Pemerintahan,BL-1062-N,ACEH,JL. SYECH SYAMSUDIN AS-SUMATERANI N0 2 KEC. BANDA SAKTI KOTA LHOK,85263524877,DP,Merah - Kendaraan Pemerintah,2025-03-05,2026-02-25,BELUM LUNAS,BELUM DIKUNJUNGI
PEMERINTAH KOTA LHOKSEUMAWE,Pemerintahan,BL-1024-NW,ACEH,JL. MERDEKA NO. 2 KEL. KOTA LHOKSEUMAWE KEC. BANDA SAKTI KOTA LHO,0,DP,Merah - Kendaraan Pemerintah,2025-11-21,2026-07-06,BELUM LUNAS,BELUM DIKUNJUNGI
PEMERINTAH KOTA LHOKSEUMAWE,Pemerintahan,BL-8069-N,ACEH,JL SYEIKH SYAMSUDIN AS-SUMATRANI NO 2 DS KMAPUNG JAWA KEC BANDA S,8000000000,DP,Merah - Kendaraan Pemerintah,2024-11-18,2025-11-05,BELUM LUNAS,BELUM DIKUNJUNGI
PEMERINTAH KOTA LHOKSEUMAWE,Pemerintahan,BL-1056-NV,ACEH,JL. MERDEKA NO. 01 LHOKSEUMAWE KEC. BANDA SAKTI KOTA LHOKSEUMAWE,0,DP,Merah - Kendaraan Pemerintah,2025-09-29,2026-06-26,BELUM LUNAS,BELUM DIKUNJUNGI
PEMERINTAH KOTA LHOKSEUMAWE,Pemerintahan,BL-2738-ND,ACEH,JL. MERDEKA NO. 2 KEL. KAMPUNG JAWA LAMA KEC. BANDA SAKTI KOTA LH,82365584241,C1,Merah - Kendaraan Pemerintah,2025-05-05,2026-05-30,BELUM LUNAS,BELUM DIKUNJUNGI
PEMERINTAH KOTA LHOKSEUMAWE,Pemerintahan,BL-2426-ND,ACEH,JL. MERDEKA I NO. 2 KEL. KAMPUNG JAWA KEC. BANDA SAKTI KOTA LHOKS,85263145211,C1,Merah - Kendaraan Pemerintah,2025-03-19,2026-03-17,BELUM LUNAS,BELUM DIKUNJUNGI
PEMERINTAH KOTA LHOKSEUMAWE,Pemerintahan,BL-1029-NV,ACEH,JL. MERDEKA NO. 1 LHOKSEUMAWE KEC. BANDA SAKTI KOTA LHOKSEUMAWE,0,DP,Merah - Kendaraan Pemerintah,2025-08-21,2026-06-16,BELUM LUNAS,BELUM DIKUNJUNGI
PEMERINTAH KOTA LHOKSEUMAWE,Pemerintahan,BL-2513-ND,ACEH,JL. MERDEKA I NO. 2 KEL. KAMPUNG JAWA KEC. BANDA SAKTI KOTA LHOKS,811111111,C1,Merah - Kendaraan Pemerintah,2025-07-16,2026-06-20,BELUM LUNAS,BELUM DIKUNJUNGI
PEMERINTAH KOTA LHOKSEUMAWE,Pemerintahan,BL-7038-N,ACEH,JL SYEIKH SYAMSUDDIN AS SUMATRANI NO 2 DS KAMPUNG JAWA BARU KEC B,80000000000,EP,Merah - Kendaraan Pemerintah,2025-06-05,2026-05-26,BELUM LUNAS,BELUM DIKUNJUNGI
PEMERINTAH KABUPATEN ACEH UTARA SE,Pemerintahan,BL-2670-N,ACEH,JL.MAYJEN T HAMZAH BENDAHARA,81363636363,C1,Merah - Kendaraan Pemerintah,2025-01-02,2026-01-17,BELUM LUNAS,BELUM DIKUNJUNGI
PEMERINTAH KABUPATEN ACEH UTARA,Pemerintahan,BL-2644-N,ACEH,JL. MAYJEN T. HAMZAH BENDAHARA KEC. BANDA SAKTI KOTA LHOKSEUMAWE,85062121141,C1,Merah - Kendaraan Pemerintah,2025-01-16,2026-01-17,BELUM LUNAS,BELUM DIKUNJUNGI
PEMERINTAH GP ULEE BLANG MANE,Pemerintahan,BL-2148-NE,ACEH,JL. MEDAN-BANDA ACEH KEL. ULEE BLANG MANE KEC. BLANG MANGAT KOTA,81111111111,C1,Merah - Kendaraan Pemerintah,2024-12-31,2025-12-26,BELUM LUNAS,BELUM DIKUNJUNGI
PEMERINTAH GP PADANG SAKTI,Pemerintahan,BL-2966-ND,ACEH,JL. MEUNASAH GP PADANG SAKTI NO. 73 KEL. PADANG SAKTI KEC. MUARA,82164634196,C1,Merah - Kendaraan Pemerintah,2024-12-16,2025-10-17,BELUM LUNAS,BELUM DIKUNJUNGI
PEMERINTAH GP PADANG SAKTI,Pemerintahan,BL-2031-NE,ACEH,JL. MEUNASAH GP. PADANG SAKTI NO. 73 KEL. PADANG SAKTI KEC. MUARA,82164634196,C1,Merah - Kendaraan Pemerintah,2024-12-16,2025-10-31,BELUM LUNAS,BELUM DIKUNJUNGI
PEMERINTAH GP PADANG SAKTI,Pemerintahan,BL-2970-ND,ACEH,JL. MEUNASAH GP. PADANG SAKTI NO. 73 KEL. PADANG SAKTI KEC. MUARA,82164634196,C1,Merah - Kendaraan Pemerintah,2024-10-23,2025-10-17,BELUM LUNAS,BELUM DIKUNJUNGI
PEMERINTAH GP MEUNASAH MANYANG,Pemerintahan,BL-2096-NE,ACEH,JL. MEDAN-B.ACEH LR. MESJID AT-TAHRIR KANDANG KEL. MEUNASAH MANYA,82236142750,C1,Merah - Kendaraan Pemerintah,2024-12-30,2025-10-31,BELUM LUNAS,BELUM DIKUNJUNGI
PEMERINTAH GP MEUNASAH DAYAH,Pemerintahan,BL-2173-NE,ACEH,DSN A KEL MNS DAYAH KEC. MUARA SATU KOTA LHOKSEUMAWE,85260121700,C1,Merah - Kendaraan Pemerintah,2025-10-22,2026-06-19,LUNAS,BELUM DIKUNJUNGI
PEMERINTAH GPKOTA LHOKSEUMAWE,Pemerintahan,BL-2973-ND,ACEH,JL.SUKARAMAI NO.98 KOTA LHOKSEUMAWE,0,C1,Merah - Kendaraan Pemerintah,2025-04-16,2025-10-31,BELUM LUNAS,BELUM DIKUNJUNGI
PEMERINTAH GPKOTA LHOKSEUMAWE,Pemerintahan,BL-2975-ND,ACEH,JL.SUKARAMAI NO.98 KOTA LHOKSEUMAWE,0,C1,Merah - Kendaraan Pemerintah,2025-04-16,2025-10-31,BELUM LUNAS,BELUM DIKUNJUNGI
PEMERINTAH GPKOTA LHOKSEUMAWE,Pemerintahan,BL-2976-ND,ACEH,JL.SUKARAMAI NO.98 KOTA LHOKSEUMAWE,0,C1,Merah - Kendaraan Pemerintah,2025-04-16,2025-10-31,BELUM LUNAS,BELUM DIKUNJUNGI
PEMERINTAH GP KEUDE PUNTEUET,Pemerintahan,BL-2199-NE,ACEH,DSN CUT MEUTIA JL.REL KERETA API DS.KEUDE PUNTEUET KEC. BLANG MAN,8234567677,C1,Merah - Kendaraan Pemerintah,2025-12-12,2026-07-30,BELUM LUNAS,BELUM DIKUNJUNGI
PEMERINTAH GPKAMPUNG JAWA,Pemerintahan,BL-2219-NE,ACEH,JL.DARUSSALAM GG.AMAN KEL.KAMPUNG JAWA LAMA KEC. BANDA SAKTI KOTA,85260121700,C1,Merah - Kendaraan Pemerintah,2024-10-31,2025-09-13,BELUM LUNAS,BELUM DIKUNJUNGI
PEMERINTAH GP BLANG PUNTEUET,Pemerintahan,BL-2259-NE,ACEH,JL. TGK CHIK DI ALUE NO. 26 DS. BLANG PUNTEUT KEC. BLANG MANGAT K,0,C1,Merah - Kendaraan Pemerintah,2024-12-19,2025-11-11,BELUM LUNAS,BELUM DIKUNJUNGI
PEMERINTAH GP BLANG NALEUNG MAMEH,Pemerintahan,BL-2172-NE,ACEH,JL. PERDANA BLANG NALEUNG MAMEH KEL. BLANG NELEUNG MAMEH KEC. MUA,8527878000,C1,Merah - Kendaraan Pemerintah,2025-06-23,2026-06-19,BELUM LUNAS,BELUM DIKUNJUNGI
PEMERINTAH GP BLANG NALEUNG MAMEH,Pemerintahan,BL-2083-NE,ACEH,JL. PERDANA NO. 4 KEL. BLANG NALEUNG MAMEH KEC. MUARA SATU KOTA L,85260496222,C1,Merah - Kendaraan Pemerintah,2024-10-31,2025-10-31,BELUM LUNAS,BELUM DIKUNJUNGI
PEMERINTAH GAMPONG UTEUNKOT,Pemerintahan,BL-2993-NE,ACEH,JALAN HAJI MEUNASAH UTEUNKOT KEL. UTEUNKOT KEC. MUARA DUA KOTA LH,81360018506,C1,Merah - Kendaraan Pemerintah,2025-04-25,2026-05-08,BELUM LUNAS,BELUM DIKUNJUNGI
PEMERINTAH GAMPONG UTEUN BAYI,Pemerintahan,BL-2056-NE,ACEH,JL. KENARI LR. NEK ACEH KEL. UTEUN BAYI KEC. BANDA SAKTI KOTA LHO,8111111111,C1,Merah - Kendaraan Pemerintah,2025-01-02,2025-10-31,BELUM LUNAS,BELUM DIKUNJUNGI
PEMERINTAH GAMPONG ULEE JALAN,Pemerintahan,BL-2320-NE,ACEH,JL.TGK. MUDA AMKUTA KEL. ULEE JALAN KEC. BANDA SAKTI KOTA LHOKSEU,85296667247,C1,Merah - Kendaraan Pemerintah,2024-12-23,2025-08-11,LUNAS,BELUM DIKUNJUNGI
PEMERINTAH GAMPONG UJONG PACU,Pemerintahan,BL-2401-NE,ACEH,JALAN TGK AHMAD DEWI KEL UJONG PACU KEC MUARA DUA KOTA LHOKSEUMAW,85277404017,C1,Merah - Kendaraan Pemerintah,2025-04-17,2026-03-04,BELUM LUNAS,BELUM DIKUNJUNGI
PEMERINTAH GAMPONG TUNONG,Pemerintahan,BL-2120-NE,ACEH,JL. MEURAKSA NO. 3 KEL. TUNONG KEC. BLANG MANGAT KOTA LHOKSEUMAWE,81111111111,C1,Merah - Kendaraan Pemerintah,2025-01-02,2025-11-22,BELUM LUNAS,BELUM DIKUNJUNGI
PEMERINTAH GAMPONG TUNONG,Pemerintahan,BL-2113-NE,ACEH,JL. MEURAKSA NO. 3 KEL. TUNONG KEC. BLANG MANGAT KOTA LHOKSEUMAWE,81111111111,C1,Merah - Kendaraan Pemerintah,2025-01-02,2025-11-22,BELUM LUNAS,BELUM DIKUNJUNGI
PEMERINTAH GAMPONG TUNONG,Pemerintahan,BL-2324-NE,ACEH,JLN.MEURAKSA KEL.GAMPONG TUNONG KEC. BLANG MANGAT KOTA LHOKSEUMAW,85200000000,C1,Merah - Kendaraan Pemerintah,2025-01-02,2025-08-25,LUNAS,BELUM DIKUNJUNGI
PEMERINTAH GAMPONG PUSONG LAMA,Pemerintahan,BL-2187-NE,ACEH,JL.CUT MEUTIA DSN DARUSSALAM LR.I KEL. PUSONG LAMA KEC. BANDA SAK,85260605478,C1,Merah - Kendaraan Pemerintah,2026-01-05,2026-07-30,BELUM LUNAS,BELUM DIKUNJUNGI
PEMERINTAH GAMPONG PUSONG BARU,Pemerintahan,BL-9143-N,ACEH,JL. NELAYAN DSN. II PUSONG BARU,85260121700,A,Merah - Kendaraan Pemerintah,2024-12-20,2025-09-06,BELUM LUNAS,BELUM DIKUNJUNGI
PEMERINTAH GAMPONG PAYA PUNTEUET,Pemerintahan,BL-2250-NE,ACEH,JL.BULOH BLANG ARA KEL.PY.PUNTEUET KEC. MUARA DUA KOTA LHOKSEUMAW,8123465277,C1,Merah - Kendaraan Pemerintah,2025-11-20,2026-04-24,BELUM LUNAS,BELUM DIKUNJUNGI
PEMERINTAH GAMPONG MON GEUDONG,Pemerintahan,BL-2046-NE,ACEH,JL.TGK CHIK DITUNONG NO.26 MON GEUDONG,85602222411,C1,Merah - Kendaraan Pemerintah,2025-04-22,2025-10-31,BELUM LUNAS,BELUM DIKUNJUNGI
PEMERINTAH GAMPONG MON GEUDONG,Pemerintahan,BL-2014-NE,ACEH,JL.TGK CHIK DITUNONG NO.26 MON GEUDONG,85602212141,C1,Merah - Kendaraan Pemerintah,2025-04-22,2025-10-31,BELUM LUNAS,BELUM DIKUNJUNGI
PEMERINTAH GAMPONG MON GEUDONG,Pemerintahan,BL-2010-NE,ACEH,JL.TGK CHIK DITUNONG NO.26 MON GEUDONG,85263212124,C1,Merah - Kendaraan Pemerintah,2025-04-22,2025-10-31,BELUM LUNAS,BELUM DIKUNJUNGI
PEMERINTAH GAMPONG MEURIA PALOH,Pemerintahan,BL-2104-NE,ACEH,JL. TGK CHIK DI PALOH DUSUN A SEULANGA KEL. MEURIA PALOH KEC. MUA,85260121212,C1,Merah - Kendaraan Pemerintah,2024-11-19,2025-10-30,BELUM LUNAS,BELUM DIKUNJUNGI
PEMERINTAH GAMPONG MEURIA PALOH,Pemerintahan,BL-2191-NE,ACEH,JL. TGK. CHIK DI PALOH NO. 01 KEL. MEURIA PALOH KEC. MUARA SATU K,85260121211,C1,Merah - Kendaraan Pemerintah,2025-07-16,2026-07-30,BELUM LUNAS,BELUM DIKUNJUNGI
PEMERINTAH GAMPONG MEUNASAH MESJID,Pemerintahan,BL-2875-NE,ACEH,GAMPONG MEUNASAH MESJID KEL. GAMPONG MEUNASAH MESJID KEC. MUARA D,0,C1,Merah - Kendaraan Pemerintah,2025-08-05,2026-08-01,BELUM LUNAS,BELUM DIKUNJUNGI
PEMERINTAH GAMPONG MEUNASAH MEE,Pemerintahan,BL-2325-NE,ACEH,JL. PATIHRANI NO. 100 KEL. MEUNASAH MEE KEC. MUARA DUA KOTA LHOKS,85260896675,C1,Merah - Kendaraan Pemerintah,2025-01-15,2025-09-09,BELUM LUNAS,BELUM DIKUNJUNGI
PEMERINTAH GAMPONG MEUNASAH DAYAH,Pemerintahan,BL-2249-NE,ACEH,DSN A KEL.MEUNASAH DAYAH KEC. MUARA SATU KOTA LHOKSEUMAWE,85260121700,C1,Merah - Kendaraan Pemerintah,2025-04-25,2026-04-27,LUNAS,BELUM DIKUNJUNGI
PEMERINTAH GAMPONG MEUNASAH BLANG,Pemerintahan,BL-2995-ND,ACEH,GAMPONG MEUNASAH BLANG,85200000000,C1,Merah - Kendaraan Pemerintah,2024-11-05,2025-10-31,BELUM LUNAS,BELUM DIKUNJUNGI
PEMERINTAH GAMPONG MEUNASAH BLANG,Pemerintahan,BL-2004-NE,ACEH,GAMPONG MEUNASAH BLANG,85200000000,C1,Merah - Kendaraan Pemerintah,2024-11-05,2025-10-31,BELUM LUNAS,BELUM DIKUNJUNGI
PEMERINTAH GAMPONG MEUNASAH BLANG,Pemerintahan,BL-2207-NE,ACEH,JL.TGK AHMAD KANDANG KEL. MEUNASAH BLANG KEC. MUARA DUA KOTA LHOK,85200000000,C1,Merah - Kendaraan Pemerintah,2024-11-19,2025-09-17,BELUM LUNAS,BELUM DIKUNJUNGI
PEMERINTAH GAMPONG MEUNASAH BLANG,Pemerintahan,BL-2757-NE,ACEH,JALAN TGK AHMAD KANDANG KEL. MEUNASAH BLANG KEC. MUARA DUA KOTA L,8,C1,Merah - Kendaraan Pemerintah,2024-12-18,2025-12-11,BELUM LUNAS,BELUM DIKUNJUNGI
PEMERINTAH GAMPONG MESJID PUNTEUET,Pemerintahan,BL-2330-NE,ACEH,JL. MERDEKA TIMUR KEL. MESJID PUNTEUET KEC. BLANG MANGAT KOTA LHO,82330669296,C1,Merah - Kendaraan Pemerintah,2024-12-17,2025-10-01,BELUM LUNAS,BELUM DIKUNJUNGI
PEMERINTAH GAMPONG LANCANG GARAM,Pemerintahan,BL-2873-NE,ACEH,GAMPONG LANCANG GARAM KEL. GAMPONG LANCANG GARAM KEC. BANDA SAKTI,0,C1,Merah - Kendaraan Pemerintah,2024-08-26,2025-08-12,LUNAS,BELUM DIKUNJUNGI
PEMERINTAH GAMPONG KUTA BLANG,Pemerintahan,BL-2205-NE,ACEH,JL. PEMUDA KEL. KUTA BLANG KEC. BANDA SAKTI KOTA LHOKSEUMAWE,85262121214,C1,Merah - Kendaraan Pemerintah,2024-08-26,2025-08-26,BELUM LUNAS,BELUM DIKUNJUNGI
PEMERINTAH GAMPONG KUALA,Pemerintahan,BL-2398-NE,ACEH,JL PUNTEUET-MEURAKSA KEL.GP KUALA,85278780000,C1,Merah - Kendaraan Pemerintah,2025-01-15,2026-01-15,BELUM LUNAS,BELUM DIKUNJUNGI
PEMERINTAH GAMPONG KOTA LHOKSEUMAWE,Pemerintahan,BL-2845-NE,ACEH,JL.SUKARAMAI N0. 98 KEL. KOTA LHOKSEUMAWE KEC. BANDA SAKTI KOTA L,0,C1,Merah - Kendaraan Pemerintah,2025-04-16,2026-01-31,BELUM LUNAS,BELUM DIKUNJUNGI
PEMERINTAH GAMPONG KOTA LHOKSEUMAWE,Pemerintahan,BL-2997-NF,ACEH,JALAN SUKARAMAI LR BALAI AL MUJADDIN LHOKSEUMAWE KEL. KOTA LHOKSE,0,C1,Merah - Kendaraan Pemerintah,2025-04-16,2025-09-01,BELUM LUNAS,BELUM DIKUNJUNGI
PEMERINTAH GAMPONG KOTA LHOKSEUMAWE,Pemerintahan,BL-2871-NE,ACEH,JALAN SUKARAMAI LR BALAI AL MUJADDIN LHOKSEUMAWE KEL. GAMPONG KOT,0,C1,Merah - Kendaraan Pemerintah,2025-04-16,2026-05-08,BELUM LUNAS,BELUM DIKUNJUNGI
PEMERINTAH GAMPONG KEUDE PUNTEUET,Pemerintahan,BL-2354-NE,ACEH,JALAN MESJID NO. 12 KEL. KEUDE PUNTEUT KEC. BLANG MANGAT KOTA LHO,8116524524,C1,Merah - Kendaraan Pemerintah,2025-09-03,2026-06-12,BELUM LUNAS,BELUM DIKUNJUNGI
PEMERINTAH GAMPONG JAWA BARU,Pemerintahan,BL-2241-NE,ACEH,JL.DARUSSALAM GG RAHMAT NO.12 KEL.KAMPUNG JAWA BARU KEC. BANDA SA,81111111111,C1,Merah - Kendaraan Pemerintah,2024-11-14,2025-11-18,BELUM LUNAS,BELUM DIKUNJUNGI
PEMERINTAH GAMPONG JAMBO MESJID,Pemerintahan,BL-2095-NE,ACEH,JL. ASAN TUJOH KEL. JAMBO MESJID KEC. BLANG MANGAT KOTA LHOKSEUMA,81111111111,C1,Merah - Kendaraan Pemerintah,2024-12-10,2025-10-31,BELUM LUNAS,BELUM DIKUNJUNGI
PEMERINTAH GAMPONG JAMBO MESJID,Pemerintahan,BL-2092-NE,ACEH,JL. ASAN TUJOH KEL. JAMBO MESJID KEC. BLANG MANGAT KOTA LHOKSEUMA,85260121700,C1,Merah - Kendaraan Pemerintah,2024-12-10,2025-10-31,BELUM LUNAS,BELUM DIKUNJUNGI
PEMERINTAH GAMPONG JAMBO MESJID,Pemerintahan,BL-2224-NE,ACEH,JL.MERAKSA DS.JAMBO MESJID KEC. BLANG MANGAT KOTA LHOKSEUMAWE,8111111111,C1,Merah - Kendaraan Pemerintah,2024-12-10,2025-10-01,BELUM LUNAS,BELUM DIKUNJUNGI
PEMERINTAH GAMPONG HAGU BARAT LAUT,Pemerintahan,BL-2038-NE,ACEH,JL.TGK DAUD BEREUEH KEL.HAGU BARAT LAUT KEC. BANDA SAKTI KOTA LHO,85260121700,C1,Merah - Kendaraan Pemerintah,2024-08-07,2025-10-31,BELUM LUNAS,BELUM DIKUNJUNGI
PEMERINTAH GAMPONG COT TRIENG,Pemerintahan,BL-2319-NE,ACEH,JL.TGK CHIK DI PALOH KEL.COT TRIENG KEC. MUARA SATU KOTA LHOKSEUM,85260102494,C1,Merah - Kendaraan Pemerintah,2024-10-16,2025-08-25,LUNAS,BELUM DIKUNJUNGI
PEMERINTAH GAMPONG COT GIREK KANDAN,Pemerintahan,BL-2403-NE,ACEH,JALAN CUT NYAK SADA KEL COT GIREK KANDANG KEC MUARA DUA KOTA LHOK,0,C1,Merah - Kendaraan Pemerintah,2025-10-14,2026-05-30,BELUM LUNAS,BELUM DIKUNJUNGI
PEMERINTAH GAMPONG BLANG WEU PANJOE,Pemerintahan,BL-2987-NE,ACEH,JL TGK WAHAB DAHLAWI KM 05 5 KEL. BLANG WEU PANJOE KEC BLANG MANG,8527878000,C1,Merah - Kendaraan Pemerintah,2025-05-08,2026-01-10,BELUM LUNAS,BELUM DIKUNJUNGI
PEMERINTAH GAMPONG BLANG TEUE,Pemerintahan,BL-2028-NE,ACEH,JL.BAKTI ABRI NO.14 DS.BLANG TEUE,0,C1,Merah - Kendaraan Pemerintah,2025-05-08,2025-10-31,BELUM LUNAS,BELUM DIKUNJUNGI
PEMERINTAH GAMPONG BLANG TEUE,Pemerintahan,BL-2994-ND,ACEH,JL.BAKTI ABRI NO.14 DS.BLANG TEUE,85278780000,C1,Merah - Kendaraan Pemerintah,2025-05-08,2025-10-31,BELUM LUNAS,BELUM DIKUNJUNGI
PEMERINTAH GAMPONG BLANG TEUE,Pemerintahan,BL-2993-ND,ACEH,JL.BAKTI ABRI NO.14 DS.BLANG TEUE,0,C1,Merah - Kendaraan Pemerintah,2025-05-08,2025-10-31,BELUM LUNAS,BELUM DIKUNJUNGI
PEMERINTAH GAMPONG BLANG PUNTEUET,Pemerintahan,BL-2979-ND,ACEH,JL.TGK CHIK DI ALUE NO.26 DS.BLANG PUNTEUET,0,C1,Merah - Kendaraan Pemerintah,2024-12-19,2025-10-31,BELUM LUNAS,BELUM DIKUNJUNGI
PEMERINTAH GAMPONG BLANG PUNTEUET,Pemerintahan,BL-2986-ND,ACEH,JL.TGK CHIK DI ALUE NO.26 DS.BLANG PUNTEUET,81111111111,C1,Merah - Kendaraan Pemerintah,2024-12-19,2025-10-31,BELUM LUNAS,BELUM DIKUNJUNGI
PEMERINTAH GAMPONG BLANG PUNTEUET,Pemerintahan,BL-2980-ND,ACEH,JL.TGK CHIK DI ALUE NO.26 DS.BLANG PUNTEUET,0,C1,Merah - Kendaraan Pemerintah,2024-12-19,2025-10-31,BELUM LUNAS,BELUM DIKUNJUNGI
PEMERINTAH GAMPONG BLANG PUNTEUET,Pemerintahan,BL-2244-NE,ACEH,JL.TGK CHIK DI ALUE NO.26 DS.BLANG PUNTEUET,85211111111,C1,Merah - Kendaraan Pemerintah,2024-12-19,2025-12-12,BELUM LUNAS,BELUM DIKUNJUNGI
PEMERINTAH GAMPONG BLANG NALEUNG MA,Pemerintahan,BL-2395-NE,ACEH,JLN MEDAN BACEH LR PERDANA NO 04 KEL BLANG NALEUENG MAMEH KEC. MU,8111654542,C1,Merah - Kendaraan Pemerintah,2025-07-16,2026-01-05,BELUM LUNAS,BELUM DIKUNJUNGI
PEMERINTAH GAMPONG BLANG CUT,Pemerintahan,BL-2982-ND,ACEH,JL. PUNTEUT-MEURAKSA KEL. BLANG CUT KEC. BLANG MANGAT KOTA LHOKSE,85278780000,C1,Merah - Kendaraan Pemerintah,2024-10-15,2025-10-31,BELUM LUNAS,BELUM DIKUNJUNGI
PEMERINTAH GAMPONG BLANG CUT,Pemerintahan,BL-2984-ND,ACEH,JL. PUNTEUT-MEURAKSA KEL. BLANG CUT KEC. BLANG MANGAT KOTA LHOKSE,82273115555,C1,Merah - Kendaraan Pemerintah,2024-10-15,2025-10-31,BELUM LUNAS,BELUM DIKUNJUNGI
PEMERINTAH GAMPONG BLANG CUT,Pemerintahan,BL-2978-ND,ACEH,JL. PUNTEUT-MEURAKSA KEL. BLANG CUT KEC. BLANG MANGAT KOTA LHOKSE,85278780000,C1,Merah - Kendaraan Pemerintah,2024-10-15,2025-10-31,BELUM LUNAS,BELUM DIKUNJUNGI
PEMERINTAH GAMPONG BLANG CRUM,Pemerintahan,BL-2185-NE,ACEH,DUSUN KEUDE DUA KEL. BLANG CRUM KEC. MUARA DUA KOTA LHOKSEUMAWE,85237374794,C1,Merah - Kendaraan Pemerintah,2025-12-11,2026-07-17,BELUM LUNAS,BELUM DIKUNJUNGI
PEMERINTAH GAMPONG BALOY,Pemerintahan,BL-2198-NE,ACEH,JL.BAKTI ABRI DS.BALOY KEC. BLANG MANGAT KOTA LHOKSEUMAWE,85359099689,C1,Merah - Kendaraan Pemerintah,2025-12-19,2026-07-30,BELUM LUNAS,BELUM DIKUNJUNGI
PEMERINTAH GAMPONG ALUE AWE,Pemerintahan,BL-2318-NE,ACEH,JL MEDAN-BANDA ACEH KEL. GAMPONG ALUE AWE KEC. MUARA DUA KOTA LHO,85276213140,C1,Merah - Kendaraan Pemerintah,2025-10-17,2026-06-21,BELUM LUNAS,BELUM DIKUNJUNGI
PEMERINTAH DAERAH KOTA LHOKSEUMAWE,Pemerintahan,BL-1002-NM,ACEH,JL. SYEIKH SYAMSUDDIN AS SUMATRANI NO. 2 KEL. KAMPUNG JAWA KEC. B,8234455656,DP,Merah - Kendaraan Pemerintah,2025-05-28,2026-04-08,BELUM LUNAS,BELUM DIKUNJUNGI
PEMERINTAH DAERAH KOTA LHOKSEUMAWE,Pemerintahan,BL-2201-ND,ACEH,JL.MERDEKA I NO.02 KEL.KP.BARU,81360005770,C1,Merah - Kendaraan Pemerintah,2024-12-30,2025-12-31,BELUM LUNAS,BELUM DIKUNJUNGI
KANTOR PERTANAHAN KOTA LHOKSEUMAWE,Pemerintahan,BL-1036-NJ,ACEH,JL. KOMP STADION KEL. MON GEUDONG KEC. BANDA SAKTI KOTA LHOKSEUMA,81263698472,DP,Merah - Kendaraan Pemerintah,2024-12-24,2026-02-18,BELUM LUNAS,BELUM DIKUNJUNGI
KANTOR PERTANAHAN KAB ACEH UTARA,Pemerintahan,BL-2837-NE,ACEH,JALAN T HAMZAH BENDAHARA DS. MON GEUDONG KEC. BANDA SAKTI KOTA LH,81111111111,C1,Merah - Kendaraan Pemerintah,2025-01-20,2025-12-24,BELUM LUNAS,BELUM DIKUNJUNGI
KANTOR PERTAHANAN KOTA LHOKSEUMAWE,Pemerintahan,BL-2909-ND,ACEH,JL. KOMP. STADION NO. 1A KEL. MON GEUDONG KEC. BANDA SAKTI KOTA L,0,C1,Merah - Kendaraan Pemerintah,2025-10-15,2026-03-30,BELUM LUNAS,BELUM DIKUNJUNGI
KANTOR KESPELABUHAN KLSIII LHOKSE,Pemerintahan,BL-2351-ND,ACEH,JL.B.ACEH MEDAN KM.267 MEURIA PALOH,8116700913,C1,Merah - Kendaraan Pemerintah,2025-07-08,2026-05-06,BELUM LUNAS,BELUM DIKUNJUNGI
KANTOR KESEHATAN PELABUHAN LHOKSEUM,Pemerintahan,BL-2443-ND,ACEH,JL. B. ACEH-MEDAN KM 267 KEL. MEURIA PALOH KEC. MUARA SATU KOTA L,0,C1,Merah - Kendaraan Pemerintah,2025-07-22,2026-07-18,BELUM LUNAS,BELUM DIKUNJUNGI
KANTOR KESEHATAN PELABUHAN LHOKSEUM,Pemerintahan,BL-1015-NW,ACEH,JL PELABUHAN LAMA NO 1 A KEC. BANDA SAKTI KOTA LHOKSEUMAWE,0,DP,Merah - Kendaraan Pemerintah,2025-07-11,2026-07-23,LUNAS,BELUM DIKUNJUNGI
KANTOR KESEHATAN PELABUHAN LHOKSEUM,Pemerintahan,BL-8046-N,ACEH,JL PELABUHAN LAMA NO 1 A KEL.KP JAWA,85261429997,DP,Merah - Kendaraan Pemerintah,2024-12-12,2025-11-06,LUNAS,BELUM DIKUNJUNGI
KANTOR KESEHATAN PELABUHAN KELAS II,Pemerintahan,BL-1065-N,ACEH,JL.PELABUHAN LAMA NO.1A KP.JAWA KOTA LHOKSEUMAWE,800000000,DP,Merah - Kendaraan Pemerintah,2025-07-23,2026-02-08,BELUM LUNAS,BELUM DIKUNJUNGI
KANTOR KEMENTERIAN AGAMA KOTA LHOKS,Pemerintahan,BL-2595-ND,ACEH,JL. NYAK ADAM KAMIL NO. 01 KEL. SIMPANG EMPAT KEC. BANDA SAKTI KO,852776013160,C1,Merah - Kendaraan Pemerintah,2024-12-11,2025-11-23,BELUM LUNAS,BELUM DIKUNJUNGI
DINAS SYARIAT ISLAM KAB ACEH,Pemerintahan,BL-2362-KD,ACEH,LHOKSUKON KEL. KOTA LHOKSUKON KEC. LHOKSUKON KAB. ACEH UTARA,8723456789,C1,Merah - Kendaraan Pemerintah,2024-11-13,2025-10-19,BELUM LUNAS,BELUM DIKUNJUNGI
DINAS PERTANIAN TANAMAN PANGAN  PE,Pemerintahan,BL-2491-ND,ACEH,JL. ISKANDAR MUDA NO. 1A KEL. KAMPUNG JAWA LAMA KEC. BANDA SAKTI,85295877451,C1,Merah - Kendaraan Pemerintah,2025-06-16,2026-06-20,BELUM LUNAS,BELUM DIKUNJUNGI
DINAS PERTANIAN DAN PANGAN KABACEH,Pemerintahan,BL-2361-NE,ACEH,JL.ISKANDAR MUDA NO.1 KAMPUNG JAWA LAMA,80000000000,C1,Merah - Kendaraan Pemerintah,2025-08-15,2026-07-22,LUNAS,BELUM DIKUNJUNGI
DINAS PERTANIAN DAN PANGAN KAB ACE,Pemerintahan,BL-2852-NE,ACEH,JL ISKANDAR MUDA NO 1 A KEL. KAMPUNG JAWA,85236598741,C1,Merah - Kendaraan Pemerintah,2025-06-20,2026-02-28,BELUM LUNAS,BELUM DIKUNJUNGI
DINAS PERTANIAN DAN PANGAN KAB ACE,Pemerintahan,BL-2822-NE,ACEH,JL ISKANDAR MUDA NO 1 KAMPUNG JAWA LAMA KEL. KAMPUNG JAWA LHOKSEU,85260024524,C1,Merah - Kendaraan Pemerintah,2025-03-10,2026-02-28,BELUM LUNAS,BELUM DIKUNJUNGI
DINAS PERTANIAN DAN PANGAN KAB ACE,Pemerintahan,BL-2932-NE,ACEH,JL ISKANDAR MUDA NO 1 KEL. KAMPUNG JAWA LAMA,85236598741,C1,Merah - Kendaraan Pemerintah,2025-04-29,2026-05-17,BELUM LUNAS,BELUM DIKUNJUNGI
DINAS PENGELOLA KEUANGAN DAN ASET D,Pemerintahan,BL-2006-ND,ACEH,JL. MERDEKA NO. 2 LHOKSEUMAWE KEC. BANDA SAKTI KOTA LHOKSEUMAWE,81260646645,C1,Merah - Kendaraan Pemerintah,2025-12-10,2026-06-28,BELUM LUNAS,BELUM DIKUNJUNGI
DINAS PENGELOLA KEUANGAN DAN ASET D,Pemerintahan,BL-1074-NV,ACEH,JL. MERDEKA NO. 145 LHOKSEUMAWE KEC. BANDA SAKTI KOTA LHOKSEUMAWE,81360016002,DP,Merah - Kendaraan Pemerintah,2025-06-16,2026-03-02,BELUM LUNAS,BELUM DIKUNJUNGI
DINAS PENGELOLA KEUANGAN  ASET DAE,Pemerintahan,BL-2354-ND,ACEH,JL. MERDEKA NO. 145 KEL. KUTA BLANG KEC. BANDA SAKTI KOTA LHOKSEU,81111111111,C1,Merah - Kendaraan Pemerintah,2025-08-14,2026-07-09,BELUM LUNAS,BELUM DIKUNJUNGI
DINAS PENGELOLA KEUANGAN  ASET DAE,Pemerintahan,BL-2375-ND,ACEH,JL.MERDEKA NO.145 KUTA BLANG,85371666515,C1,Merah - Kendaraan Pemerintah,2025-06-25,2026-07-09,BELUM LUNAS,BELUM DIKUNJUNGI
DINAS PENGELOLA KEUANGAN  ASET DAE,Pemerintahan,BL-2367-ND,ACEH,JL. MERDEKA NO. 145 KEL. KUTA BLANG KEC. BANDA SAKTI KOTA LHOKSEU,81111111111,C1,Merah - Kendaraan Pemerintah,2025-08-14,2026-07-09,BELUM LUNAS,BELUM DIKUNJUNGI
DINAS PENGELOLAAN KEU DAN ASET DAER,Pemerintahan,BL-1097-NK,ACEH,JL. PASAR INPRES NO. 13-14 KEC. BANDA SAKTI KOTA LHOKSEUMAWE,823566767,DP,Merah - Kendaraan Pemerintah,2025-08-11,2026-08-02,LUNAS,BELUM DIKUNJUNGI
DINAS PEMBERDAYAAN MASYARAKAT PENGE,Pemerintahan,BL-2393-KD,ACEH,JLN. BANDA ACEH-MEDAN KEL. SIMPANG LANDENG KEC. LHOKSUKON,8123456789,C1,Merah - Kendaraan Pemerintah,2024-10-04,2025-08-28,BELUM LUNAS,BELUM DIKUNJUNGI
DINAS KESEHATAN PEMERINTAH KOTA LHO,Pemerintahan,BL-2393-ND,ACEH,JL. SAMUDERA KEL. KOTA LHOKSEUMAWE KEC. BANDA SAKTI KOTA LHOKSEUM,85260121700,C1,Merah - Kendaraan Pemerintah,2024-12-23,2025-12-27,BELUM LUNAS,BELUM DIKUNJUNGI
DINAS KESEHATAN PEMERINTAH KOTA LHO,Pemerintahan,BL-2387-ND,ACEH,JL. SAMUDERA KEL. KOTA LHOKSEUMAWE KEC. BANDA SAKTI KOTA LHOKSEUM,81360719904,C1,Merah - Kendaraan Pemerintah,2024-12-12,2025-12-27,BELUM LUNAS,BELUM DIKUNJUNGI
DINAS KESEHATAN PEMERINTAH KOTA LHO,Pemerintahan,BL-2403-ND,ACEH,JL.SAMUDERA KOTA LHOKSEUMAWE,82316854036,C1,Merah - Kendaraan Pemerintah,2024-12-30,2025-12-27,BELUM LUNAS,BELUM DIKUNJUNGI
DINAS KESEHATAN PEMERINTAH KOTA LHO,Pemerintahan,BL-2395-ND,ACEH,JL. SAMUDERA KOTA LHOKSEUMAWE KEC. BANDA SAKTI KOTA LHOKSEUMAWE,85260155815,C1,Merah - Kendaraan Pemerintah,2024-12-30,2025-12-27,BELUM LUNAS,BELUM DIKUNJUNGI
DINAS KESEHATAN PEMERINTAHAN KOTA L,Pemerintahan,BL-2396-ND,ACEH,JL. SAMUDERA KEL. KOTA LHOKSEUMAWE KEC. BANDA SAKTI KOTA LHOKSEUM,85214964560,C1,Merah - Kendaraan Pemerintah,2024-12-04,2025-12-27,BELUM LUNAS,BELUM DIKUNJUNGI
DINAS KESEHATAN KAB ACEH UTARA,Pemerintahan,BL-2121-ND,ACEH,JL. T. HAMZAH BENDAHARA KEL. MON GEUDONG,85258949885,C1,Merah - Kendaraan Pemerintah,2024-10-25,2025-10-28,BELUM LUNAS,BELUM DIKUNJUNGI
"DINAS KELAUTAN ,PERIKANANPERTANIAN",Pemerintahan,BL-2450-ND,ACEH,JL.BALAI KOTA NO.1 SP EMPAT,822558899552,C1,Merah - Kendaraan Pemerintah,2025-01-15,2025-09-29,BELUM LUNAS,BELUM DIKUNJUNGI
DINAS KELAUTAN  PERIKANAN KABACEH,Pemerintahan,BL-2664-ND,ACEH,JL. MAYJEND T. HAMZAH BENDAHARA KEL. MON GEUDONG KEC. BANDA SAKTI,85227134228,C1,Merah - Kendaraan Pemerintah,2024-08-23,2025-08-23,LUNAS,BELUM DIKUNJUNGI
DINAS KELAUTAN DAN PERIKANAN KABUPA,Pemerintahan,BL-2034-N,ACEH,JL. MAYJEND T. HAMZAH BENDAHARA DS. MON GEUDONG KEC. BANDA SAKTI,8,C2,Merah - Kendaraan Pemerintah,2025-05-21,2026-05-08,BELUM LUNAS,BELUM DIKUNJUNGI
DINAS KELAUTAN DAN PERIKANAN KABUPA,Pemerintahan,BL-2751-N,ACEH,JL. MAYJEND T. HAMZAH BENDAHARA DS. MON GEUDONG KEC. BANDA SAKTI,8,C2,Merah - Kendaraan Pemerintah,2025-06-16,2026-05-30,BELUM LUNAS,BELUM DIKUNJUNGI
DINAS KELAUTAN DAN PERIKANAN KABUPA,Pemerintahan,BL-2512-N,ACEH,JL. MAYJEND T. HAMZAH BENDAHARA DS. MON GEUDONG KEC. BANDA SAKTI,8,C2,Merah - Kendaraan Pemerintah,2025-06-16,2026-05-30,BELUM LUNAS,BELUM DIKUNJUNGI
DINAS KELAUTAN DAN PERIKANAN KABUPA,Pemerintahan,BL-2032-N,ACEH,JL. MAYJEND T. HAMZAH BENDAHARA DS. MON GEUDONG KEC. BANDA SAKTI,8,C2,Merah - Kendaraan Pemerintah,2025-05-21,2026-05-08,BELUM LUNAS,BELUM DIKUNJUNGI
DINAS KELAUTAN DAN PERIKANAN KABUPA,Pemerintahan,BL-2241-N,ACEH,JL. MAYJEND T. HAMZAH BENDAHARA DS. MON GEUDONG KEC. BANDA SAKTI,8,C2,Merah - Kendaraan Pemerintah,2025-05-21,2026-05-08,BELUM LUNAS,BELUM DIKUNJUNGI
DINAS KELAUTAN DAN PERIKANAN KAB A,Pemerintahan,BL-2936-NE,ACEH,JL MAYJEND T HAMZAH BENDAHARA KEL. MON GEUDONG KEC. BANDA SAKTI K,85278780000,C1,Merah - Kendaraan Pemerintah,2025-11-15,2026-06-30,BELUM LUNAS,BELUM DIKUNJUNGI
DINAS KELAUTAN DAN PERIKANAN KAB A,Pemerintahan,BL-2486-ND,ACEH,JL.MAYJEN T HAMZAH BENDH MON GEUDONG,81000000000,C1,Merah - Kendaraan Pemerintah,2025-12-23,2026-06-16,BELUM LUNAS,BELUM DIKUNJUNGI
DINAS KELAUTAN DAN PERIKANAN KAB A,Pemerintahan,BL-2515-ND,ACEH,JL. MAYJEN T. HAMZAH BENDAHARA LHOKSEUMAWE KEL. MON GEUDONG KEC.,81360257711,C1,Merah - Kendaraan Pemerintah,2025-06-12,2026-06-18,BELUM LUNAS,BELUM DIKUNJUNGI
DESA RAYEUK KAREUNG KECAMATAN BLANG,Pemerintahan,BL-2829-NE,ACEH,JL PUNTEUT KAREUNG KEL. RAYEK KAREUNG KEC. BLANG MANGAT KOTA LHOK,85273536626,C1,Merah - Kendaraan Pemerintah,2025-11-10,2026-07-31,BELUM LUNAS,BELUM DIKUNJUNGI
DESA HAGU SELATAN,Pemerintahan,BL-2758-NE,ACEH,JALAN DARUSSALAM GANG PANTI ASUHAN NO 51 KEL. HAGU SELATAN KEC. B,8126949014,C1,Merah - Kendaraan Pemerintah,2025-02-05,2026-01-28,BELUM LUNAS,BELUM DIKUNJUNGI
DESA HAGU BARAT LAUT,Pemerintahan,BL-2756-NE,ACEH,JALAN TGK DAOD BEUREUEH KEL. HAGU BARAT LAUT KEC. BANDA SAKTI KOT,8,C1,Merah - Kendaraan Pemerintah,2024-10-16,2025-10-14,BELUM LUNAS,BELUM DIKUNJUNGI
DESA COT GIREK KANDANG KECAMATAN MU,Pemerintahan,BL-8429-NG,ACEH,JALAN CUT NYAK SADA COT GIREK KANDANG KEC. MUARA DUA KOTA LHOKSEU,852868687989,DP,Hitam - Kendaraan Pribadi,2025-12-09,2026-06-20,BELUM LUNAS,BELUM DIKUNJUNGI
DESA BLANG WEU PANJOE,Pemerintahan,BL-2876-NE,ACEH,DESA BLANG WEU PANJOE KEL. BLANG WEU PANJOU KEC. BLANG MANGAT KOT,8,C1,Merah - Kendaraan Pemerintah,2024-11-25,2025-11-06,BELUM LUNAS,BELUM DIKUNJUNGI
CV RAMBONG JAYA,Perusahaan,BL-8321-NS,ACEH,JL. MEDAN - BANDA ACEH NO. 3 BUKIT RATA KEL. MESJID PUNTEUET KEC.,82168649410,DP,Hitam - Kendaraan Pribadi,2025-02-04,2026-02-14,BELUM LUNAS,BELUM DIKUNJUNGI
CV KARYA MADI JAYA,Perusahaan,BL-8407-NG,ACEH,JALAN KUTA MANCANG NOMOR 2 DUSUN TGK DI BANGKA DESA MEUNASAH MESJ,85200000000,DP,Hitam - Kendaraan Pribadi,2025-04-29,2026-04-14,BELUM LUNAS,BELUM DIKUNJUNGI
CV KARYA MADI JAYA,Perusahaan,BL-1903-NU,ACEH,JALAN KUTA MANCANG NOMOR 2 DUSUN TGK DI BANGKA DESA MEUNASAH MESJ,8527878000,DP,Hitam - Kendaraan Pribadi,2025-01-31,2026-01-03,BELUM LUNAS,BELUM DIKUNJUNGI
CV KARYA MADI JAYA,Perusahaan,BL-1292-NR,ACEH,JL. MEDAN-BANDA ACEH DESA MEUNASAH MESJID KEC. MUARA DUA KOTA LHO,85200000000,DP,Hitam - Kendaraan Pribadi,2024-10-01,2025-09-29,BELUM LUNAS,BELUM DIKUNJUNGI
CV KARYA MADI JAYA,Perusahaan,BL-1863-NR,ACEH,JALAN KUTA MANCANG NOMOR 2 DUSUN TGK DI BANGKA DESA MEUNASAH MESJ,85260733377,DP,Hitam - Kendaraan Pribadi,2025-04-14,2026-02-10,BELUM LUNAS,BELUM DIKUNJUNGI
CV ERBUST MANDIRI,Perusahaan,BL-1140-NY,ACEH,JL. SUKA RAMAI NO. 11 KEL. LHOKSEUMAWE,813700530,DP,Hitam - Kendaraan Pribadi,2024-12-20,2025-09-08,LUNAS,BELUM DIKUNJUNGI
CV ATJEH MEDIATAMA INDONESIA,Perusahaan,BL-8304-NG,ACEH,JALN MEDAN - BANDA ACEH KEL. MEUNASAH MEE KEC. MUARA DUA KOTA LHO,81111111111,F,Hitam - Kendaraan Pribadi,2025-08-21,2026-07-25,LUNAS,BELUM DIKUNJUNGI
BADAN USAHA MILIK GAMPONG BUMG SA,Pemerintahan,BL-8369-NF,ACEH,JL. TGK CHIK DITUNONG NO.26 GAMPONG MON GEUDONG,8117542100,DP,Hitam - Kendaraan Pribadi,2025-01-02,2026-01-30,BELUM LUNAS,BELUM DIKUNJUNGI
BADAN PERENCANAAN PEMBANGUNAN DAERA,Pemerintahan,BL-2478-KB,ACEH,JL. SAMUDERA NO. 53 LHOKSEUMAWE,85241021452,C1,Merah - Kendaraan Pemerintah,2025-07-30,2026-07-29,BELUM LUNAS,BELUM DIKUNJUNGI
BADAN LINGKUNGAN HIDUP DAN KEBERSIH,Pemerintahan,BL-1053-NV,ACEH,JL. LISTRIK NO. 02 LHOKSEUMAWE KEC. BANDA SAKTI KOTA LHOKSEUMAWE,852787800,DP,Merah - Kendaraan Pemerintah,2025-07-24,2025-11-03,BELUM LUNAS,BELUM DIKUNJUNGI
BADAN KETAHANAN PANGAN  PENYULUHAN,Pemerintahan,BL-2572-ND,ACEH,JL. T HAMZAH BENDAHARA KEL. MON GEUDONG KEC. BANDA SAKTI KOTA LHO,81375464779,C1,Merah - Kendaraan Pemerintah,2026-04-16,2026-07-04,BELUM LUNAS,BELUM DIKUNJUNGI
BADAN KETAHANAN PANGAN DAN PENYULUH,Pemerintahan,BL-2559-ND,ACEH,JL. T. HAMZAH BENDAHARA KEL. MON GEUDONG KEC. BANDA SAKTI KOTA LH,85261436888,C1,Merah - Kendaraan Pemerintah,2025-12-23,2026-07-04,LUNAS,BELUM DIKUNJUNGI
BADAN BAITUL MAL KABACEH UTARA,Pemerintahan,BL-2541-N,ACEH,JL.MAYJEN NYAK ADAM KAMIL NO.5,85278780000,C1,Merah - Kendaraan Pemerintah,2024-09-11,2025-10-02,BELUM LUNAS,BELUM DIKUNJUNGI
