Nama Pemilik,Jenis Pemilik,Nomor Polisi,Provinsi,Alamat Pemilik,Nomor HP,Golongan,Jenis Plat,Tgl Transaksi Terakhir,Tgl Jatuh Tempo,Status Kendaraan,Status Kunjungan
UNIVERSITAS MALIKUSSALEH LHOKSEUMAW,Pemerintahan,BL-7015-N,ACEH,JL. TGK CHIK DITIRO NO. 26 KEL. LANCANG GARAM KEC. BANDA SAKTI KO,82267871544,EP,Merah - Kendaraan Pemerintah,2025-09-23,2026-07-12,BELUM LUNAS,BELUM DIKUNJUNGI
UNIVERSITAS MALIKUSSALEH,Pemerintahan,BL-1074-NJ,ACEH,JL. MEDAN-BANDA ACEH KEL. COT TENGKU NIE REULEUT KEC. BANDA SAKTI,8111111111,DP,Merah - Kendaraan Pemerintah,2025-06-13,2026-07-25,BELUM LUNAS,BELUM DIKUNJUNGI
UNIVERSITAS MALIKUSSALEH,Pemerintahan,BL-1016-KY,ACEH,JL MALIKUSSALEH COT TEUNGKU NIE REULEUT DS REULEUT TIMU KEC MUARA,80000,DP,Merah - Kendaraan Pemerintah,2025-01-14,2026-01-02,BELUM LUNAS,SUDAH DIKUNJUNGI
UNIVERSITAS MALIKUSSALEH,Pemerintahan,BL-7073-KB,ACEH,"JL MALIKUSSALEH, COT TEUNGKU NIE REULEUT DESA.REULEUT TIMU KEC.MU",8525655452,EP,Merah - Kendaraan Pemerintah,2025-07-08,2026-02-22,LUNAS,SUDAH DIKUNJUNGI
UNIVERSITAS MALIKUSSALEH,Pemerintahan,BL-1028-NV,ACEH,JL. T. CHIK DITIRO NO. 26 KEL. LANCANG GARAM KEC. BANDA SAKTI KOT,81111111111,DP,Merah - Kendaraan Pemerintah,2025-05-22,2026-05-18,BELUM LUNAS,BELUM DIKUNJUNGI
UNIVERSITAS MALIKUSSALEH,Pemerintahan,BL-2307-KD,ACEH,JL.MEDAB.ACEH KEL.COT TENGKU NIE REULET KEC. MUARA BATU KAB. ACEH,8111111111,C1,Merah - Kendaraan Pemerintah,2025-04-15,2025-12-19,BELUM LUNAS,SUDAH DIKUNJUNGI
SEKRETARIAT DPRK BIREUEN,Pemerintahan,BL-2367-ZB,ACEH,JLN.LAKS.MALAHAYATI NO.I BIREUEN. KEC. KOTA JUANG KAB. BIREUEN,81221112211,C1,Merah - Kendaraan Pemerintah,2024-12-04,2026-01-25,BELUM LUNAS,BELUM DIKUNJUNGI
SEKRETARIAT DPRK ACEH UTARA,Pemerintahan,BL-2588-ND,ACEH,JL. MAYJEN NYAK ADAM KAMIL NO. 1 KEL. SIMPANG EMPAT,8123242526,C1,Merah - Kendaraan Pemerintah,2024-09-13,2025-09-20,BELUM LUNAS,BELUM DIKUNJUNGI
SEKRETARIAT DPRK ACEH UTARA,Pemerintahan,BL-1063-KK,ACEH,JL BANDA ACEH-MEDAN KM 295 DESA MEUNASAH ALUE DRIEN LB KEC LHOKSU,81368110216,DP,Merah - Kendaraan Pemerintah,2025-06-11,2026-06-19,BELUM LUNAS,SUDAH DIKUNJUNGI
SEKRETARIAT DPRK ACEH TENGAH,Pemerintahan,BL-1085-GH,ACEH,JL. YOS SUDARSO NO.10 KOPTA TAKENGON KEC. BEBESEN KAB. ACEH TENGA,82312920094,DP,Merah - Kendaraan Pemerintah,2025-06-02,2026-06-26,BELUM LUNAS,BELUM DIKUNJUNGI
SEKRETARIAT DPRK ACEH TENGAH,Pemerintahan,BL-0007-G,ACEH,JL.YOSSUDARSO NO.2 TAKENGON KEC. LUT TAWAR KAB. ACEH TENGAH,85200000000,DP,Merah - Kendaraan Pemerintah,2025-02-20,2025-08-07,LUNAS,BELUM DIKUNJUNGI
SEKRETARIAT DPRD KAB ACEH UTARA,Pemerintahan,BL-1002-KV,ACEH,JL.MAYJEN NYAK ADAM KAMIL NO.1,85211081401,DP,Merah - Kendaraan Pemerintah,2024-08-22,2025-08-21,LUNAS,SUDAH DIKUNJUNGI
SEKRETARIAT DEWAN PERWAKILAN RAKYAT,Pemerintahan,BL-2364-KD,ACEH,JL BANDA ACEH - MEDAN KM 295 KEL. MEUNASAH ALUE DRIEN LB KEC. LHO,8,C1,Merah - Kendaraan Pemerintah,2025-02-21,2026-02-17,BELUM LUNAS,SUDAH DIKUNJUNGI
SEKRETARIAT DEWAN PERWAKILAN RAKYAT,Pemerintahan,BL-1021-ZC,ACEH,JLN SULTAN MALIKUSSALEH DS.COT GAPU KEC.KOTA JUANG KAB.BIREUEN,8116721182,DP,Merah - Kendaraan Pemerintah,2025-02-27,2026-02-28,BELUM LUNAS,BELUM DIKUNJUNGI
SEKRETARIAT DEWAN PERWAKILAN RAKYAT,Pemerintahan,BL-1022-ZC,ACEH,KL.LAKS MALAHAYATI DS.BANDAR BIREUEN KEC.KOTA JUANG KAB. BIREUEN,811678806,DP,Merah - Kendaraan Pemerintah,2025-03-21,2026-02-28,LUNAS,BELUM DIKUNJUNGI
SEKRETARIAT DEWAN PERWAKILAN RAKYAT,Pemerintahan,BL-1023-ZC,ACEH,JL.LAKS MALAHAYATI KEC.KOTA JUANG KAB.BIREUEN,811678806,DP,Merah - Kendaraan Pemerintah,2025-05-23,2026-02-28,BELUM LUNAS,BELUM DIKUNJUNGI
SEKRETARIAT DAERAH KABBENER MERIAH,Pemerintahan,BL-2158-YB,ACEH,JL.SIMPANG TERITIT-PONDOK BARO KOMP.PERKANTORAN PEMDA SERULE KAYU,85370793483,C1,Merah - Kendaraan Pemerintah,2025-09-01,2026-05-01,BELUM LUNAS,SUDAH DIKUNJUNGI
SEKRETARIAT DAERAH KABBENER MERIAH,Pemerintahan,BL-2157-YB,ACEH,JL.SIMPANG TERITIT-PONDOK BARO KOMP.PERKANTORAN PEMDA SERULE KAYU,85370793483,C1,Merah - Kendaraan Pemerintah,2025-01-21,2026-05-01,BELUM LUNAS,SUDAH DIKUNJUNGI
SEKRETARIAT BAITUL MAL KABAUTARA,Pemerintahan,BL-2170-KC,ACEH,JL.MEDAN-B.ACEH KEL.KOTA LHOKSUKON,85213110205,C1,Merah - Kendaraan Pemerintah,2024-09-09,2025-11-27,BELUM LUNAS,SUDAH DIKUNJUNGI
SATKER INFRASTRUKTUR LINGPEMELIHAR,Pemerintahan,BL-1033-NJ,ACEH,JL. KOPERASI NO. 82 KEC. BANDA SAKTI KOTA LHOKSEUMAWE,85262182926,DP,Merah - Kendaraan Pemerintah,2024-07-31,2025-09-12,BELUM LUNAS,BELUM DIKUNJUNGI
PT ZIKRA JAYA NUSANTARA,Perusahaan,BL-8902-KS,ACEH,JL. MEDAN - B. ACEH RUENG MANE KEC. MUARA BATU KAB. ACEH UTARA,81173034112,F,Kuning - Kendaraan Umum,2025-01-31,2026-01-30,BELUM LUNAS,SUDAH DIKUNJUNGI
PT ZAHWA PUTRI PRATAMA,Perusahaan,BL-8916-ZA,ACEH,JL MEDAN B ACEH GP COT TUFAH KEC GANDAPURA KAB BIREUEN,85260599699,F,Kuning - Kendaraan Umum,2025-07-07,2026-07-15,BELUM LUNAS,BELUM DIKUNJUNGI
PT YAKULT INDONESIA PERSADA,Perusahaan,BL-4648-NAI,ACEH,JL MEDAN-BANDA ACEH KM 270.5 DSN I LOSKALA KEL.BLANG PANYANG KEC.,0,C1,Hitam - Kendaraan Pribadi,2025-08-11,2026-02-20,BELUM LUNAS,BELUM DIKUNJUNGI
PTWAHYU JAYA PRATAMA,Perusahaan,BL-8685-KS,ACEH,JL.MEDAN-B.ACEH KM 9 DS.BEUNOT KEC. SYAMTALIRA BAYU KAB. ACEH UTA,85277828185,F,Kuning - Kendaraan Umum,2024-10-22,2025-10-21,BELUM LUNAS,SUDAH DIKUNJUNGI
PT WAHYU JAYA PRATAMA,Perusahaan,BL-8657-NP,ACEH,KEL. UTEUNKOT KEC. MUARA DUA KOTA LHOKSEUMAWE,0,F,Kuning - Kendaraan Umum,2025-07-09,2026-06-10,BELUM LUNAS,BELUM DIKUNJUNGI
PTWADAH SUCI,Perusahaan,BL-8608-ZK,ACEH,JLN.SULTAN ISKANDAR MUDA NO.88 KEC. KOTA JUANG KAB. BIREUEN,813626876666,F,Kuning - Kendaraan Umum,2024-10-15,2026-01-21,LUNAS,BELUM DIKUNJUNGI
PTWADAH SUCI,Perusahaan,BL-8618-ZT,ACEH,JLN SULTAN ISKANDAR MUDA 88 GP BANDAR KEC. KOTA JUANG KAB. BIREUE,0,F,Kuning - Kendaraan Umum,2024-10-22,2025-11-30,BELUM LUNAS,BELUM DIKUNJUNGI
PTWADAH SUCI,Perusahaan,BL-8590-ZT,ACEH,JLN.SULTAN ISKANDAR MUDA NO.88 GP.BANDAR BIREUEN KEC. KOTA JUANG,81362687666,F,Kuning - Kendaraan Umum,2025-08-13,2026-08-03,BELUM LUNAS,BELUM DIKUNJUNGI
PT WADAH SUCI,Perusahaan,BL-8959-Z,ACEH,JL. T. HAMZAH BENDAHARA NO.88 GMPG BANDAR BIERUEN KEC KOTA JUANG,85277213131,F,Kuning - Kendaraan Umum,2025-01-10,2026-01-05,BELUM LUNAS,BELUM DIKUNJUNGI
PT WADAH SUCI,Perusahaan,BL-1788-W,ACEH,JL. T. HAMZAH BENDAHARA NO 8 DESA BANDAR BIREUEN KEC. KOTA JUANG,81362687666,DP,Hitam - Kendaraan Pribadi,2025-02-17,2026-03-05,BELUM LUNAS,BELUM DIKUNJUNGI
PT WADAH SUCI,Perusahaan,BL-8588-ZK,ACEH,JL. SULTAN ISKANDAR MUDA NO. 88 DS. BANDAR BIREUEN KEC. KOTA JUAN,81362687666,F,Kuning - Kendaraan Umum,2025-02-03,2026-01-25,LUNAS,BELUM DIKUNJUNGI
PT WADAH SUCI,Perusahaan,BL-0001-ZJ,ACEH,JL. T. HAMZAH BENDAHARA NO. 88 KEL. BANDAR BIREUEN KEC. KOTA JUAN,81216278378,DP,Hitam - Kendaraan Pribadi,2024-08-16,2025-08-31,BELUM LUNAS,BELUM DIKUNJUNGI
PT VARUNA TIRTA PRAKASYA,Perusahaan,BL-6155-NS,ACEH,JL. NYAK ADAM KAMIL NO. 12 KEL. KEUDE ACEH KEC. BANDA SAKTI KOTA,0,C1,Hitam - Kendaraan Pribadi,2024-12-05,2025-12-06,BELUM LUNAS,BELUM DIKUNJUNGI
PTVARION SUKSES MAKMUR,Perusahaan,BL-4772-YO,ACEH,JL BANDARA REMBELE NO.61 DS.BURNI TELONG KEC.WIH PESAM KAB.BENER,81377283991,C1,Hitam - Kendaraan Pribadi,2024-12-11,2025-12-15,BELUM LUNAS,SUDAH DIKUNJUNGI
PT USDA JAYA BARU,Perusahaan,BL-8603-KU,ACEH,DSN SEJAHTERA MNS. ALUE MEUDEM,0,F,Kuning - Kendaraan Umum,2024-11-26,2025-11-26,BELUM LUNAS,BELUM DIKUNJUNGI
PT USAHA PERKEBUNAN INDONESIA BAHR,Perusahaan,BL-5601-ZAS,ACEH,JALAN KOTAK POS 11 DS. BANDAR BIREUEN KEC KOTA JUANG KAB. BIREUEN,8,C1,Hitam - Kendaraan Pribadi,2024-10-25,2025-10-23,BELUM LUNAS,BELUM DIKUNJUNGI
PT USAHA PERKEBUNAN INDONESIA BAHR,Perusahaan,BL-5598-ZAS,ACEH,JALAN KOTAK POS 11 DS BANDAR BIREUEN KEC KOTA JUANG KAB. BIREUEN,8,C1,Hitam - Kendaraan Pribadi,2024-10-25,2025-10-23,BELUM LUNAS,BELUM DIKUNJUNGI
PT USAHA PERKEBUNAN INDONESIA BAHR,Perusahaan,BL-4270-ZAS,ACEH,JALAN KOTAK POS 11 KEL. BANDAR BIREUEN,8121612055,C1,Hitam - Kendaraan Pribadi,2024-09-30,2025-10-19,BELUM LUNAS,BELUM DIKUNJUNGI
PTUSAHA JAYA SAMUDRA,Perusahaan,BL-8737-NH,ACEH,JLN. MEDAN BANDA ACEH KM. 259 KEL. TAMBON BAROH KEC. DEWANTARA KA,8527878000,F,Kuning - Kendaraan Umum,2025-07-08,2026-06-15,BELUM LUNAS,BELUM DIKUNJUNGI
PT USAHA JAYA SAMUDRA,Perusahaan,BL-8609-NH,ACEH,JL. MEDAN-BANDA ACEH KEL.TAMBON BAROH KEC. DEWANTARA KAB. ACEH UT,8527878000,F,Kuning - Kendaraan Umum,2025-08-27,2026-06-08,BELUM LUNAS,BELUM DIKUNJUNGI
PT USAHA JAYA SAMUDRA,Perusahaan,BL-8557-KS,ACEH,JL. MEDAN - BANDA ACEH KEL. KRUENG GEUKUEH KEC. DEWANTARA KAB. AC,85225218550,F,Kuning - Kendaraan Umum,2025-05-28,2026-05-25,BELUM LUNAS,BELUM DIKUNJUNGI
PT USAHA BARU SABAYU MANDIRI,Perusahaan,BL-8783-GB,ACEH,JL. KAMPUS GAJAH PUTIH KEL. KP. BLANG KOLAK II,85277230727,F,Kuning - Kendaraan Umum,2025-02-20,2026-02-20,BELUM LUNAS,BELUM DIKUNJUNGI
PTTUSAM HUTANI LESTARI,Perusahaan,BL-3503-GU,ACEH,JL.SYIAH UTAMA NO.420 DS.DEDALU KEC. LAUT TAWAR KAB. ACEH TENGAH,8,C1,Hitam - Kendaraan Pribadi,2025-06-17,2026-06-06,LUNAS,BELUM DIKUNJUNGI
PTTUSAM HUTANI LESTARI,Perusahaan,BL-3502-GU,ACEH,JL.SYIAH UTAMA NO.420 DS.DEDALU KEC. LAUT TAWAR KAB. ACEH TENGAH,85211777253,C1,Hitam - Kendaraan Pribadi,2025-06-17,2026-06-06,LUNAS,BELUM DIKUNJUNGI
PT TUSAM HUTANI LESTARI,Perusahaan,BL-3464-GU,ACEH,JL.SYAH UTAMA NO.420 DS.DEDALU KEC. LAUT TAWAR KAB. ACEH TENGAH,85211777253,C1,Hitam - Kendaraan Pribadi,2025-06-17,2026-06-05,BELUM LUNAS,BELUM DIKUNJUNGI
PT TUSAM HUTANI LESTARI,Perusahaan,BL-3296-GAE,ACEH,JL. SYIAH UTAMA NO 420 HAKIM BALE BUJANG KEC. LUT TAWAR KAB. ACEH,85211777253,C1,Hitam - Kendaraan Pribadi,2025-06-17,2026-06-30,LUNAS,BELUM DIKUNJUNGI
PT TUSAM HUTANI LESTARI,Perusahaan,BL-3297-GAE,ACEH,JL. SYIAH UTAMA NO 420 HAKIM BALE BUJANG KEC. LUT TAWAR KAB. ACEH,85211777253,C1,Hitam - Kendaraan Pribadi,2025-06-17,2026-06-30,LUNAS,BELUM DIKUNJUNGI
PT TUSAM HUTANI LESTARI,Perusahaan,BL-3259-GAE,ACEH,JL. SYIAH UTAMA NO. 420 DUSUN DEDALU DS. HAKIM BALE BUJANG KEC. L,85211777253,C1,Hitam - Kendaraan Pribadi,2025-06-17,2026-06-27,LUNAS,BELUM DIKUNJUNGI
PTTUSAM HUTAMI LESTARI,Perusahaan,BL-3509-GU,ACEH,JL.SYIAH UTAMA NO.420 DS.DEDALU KEC. LAUT TAWAR KAB. ACEH TENGAH,85211777253,C1,Hitam - Kendaraan Pribadi,2025-06-17,2026-06-06,LUNAS,BELUM DIKUNJUNGI
PT TUAN BINTANG JASA,Perusahaan,BL-8517-KD,ACEH,DUSUN PANGLATEH KEL. KUTA LHOKSUKON KEC. LHOKSUKON KAB. ACEH UTAR,8527878000,F,Kuning - Kendaraan Umum,2025-02-11,2026-03-02,LUNAS,BELUM DIKUNJUNGI
PTTUAH NANGGROE ATHJEH,Perusahaan,BL-8703-NH,ACEH,JL. MEDAN-BANDA ACEH SIMPANG COT PLIENG KEL. LANGA,8524114451,F,Kuning - Kendaraan Umum,2025-06-18,2026-02-24,BELUM LUNAS,BELUM DIKUNJUNGI
PTTUAH BINTANG PERKASA,Perusahaan,BL-8923-KS,ACEH,DUSUN PANGLATEH KEL.KUTA LHOKSUKON,85211107020,F,Kuning - Kendaraan Umum,2025-07-15,2026-07-14,LUNAS,SUDAH DIKUNJUNGI
PTTUAH BINTANG JASA,Perusahaan,BL-8990-KS,ACEH,DSN PANGLATEH GAMPONG KOTA LHOKSUKON KEC. LHOKSUKON KAB. ACEH UTA,85214795136,F,Kuning - Kendaraan Umum,2025-07-11,2026-04-19,BELUM LUNAS,SUDAH DIKUNJUNGI
PTTUAH BINTANG JASA,Perusahaan,BL-8785-KC,ACEH,DUSUN PANGLATEH KOTA LHOKSUKON KEC.LHOKSUKON KAB.ACEH UTARA,85656500000,F,Kuning - Kendaraan Umum,2024-08-28,2025-09-10,BELUM LUNAS,SUDAH DIKUNJUNGI
PTTUAH BINTANG JASA,Perusahaan,BL-8718-KC,ACEH,DUSUN PANG LATEH KEC.LHOKSUKON KAB.ACEH UTARA,82298370270,F,Kuning - Kendaraan Umum,2025-12-08,2026-06-18,BELUM LUNAS,BELUM DIKUNJUNGI
PTTUAH BINTANG JASA,Perusahaan,BL-8536-KD,ACEH,DUSUN PANGLATEH KEL.KUTA LHOKSUKON,85213110520,F,Kuning - Kendaraan Umum,2024-09-12,2025-08-14,LUNAS,BELUM DIKUNJUNGI
PTTUAH BINTANG JASA,Perusahaan,BL-8939-KS,ACEH,DESA PANGLATEH KOTA LHOKSUKON KEC.LHOKSUKON KAB.ACEH UTARA,85234515331,F,Kuning - Kendaraan Umum,2025-02-18,2026-02-10,BELUM LUNAS,BELUM DIKUNJUNGI
PTTUAH BINTANG JASA,Perusahaan,BL-8897-KU,ACEH,DUSUN PANGLATEH KOTA LHOKSUKON KEC.LHOKSUKON KAB.ACEH UTARA,85240565140,F,Kuning - Kendaraan Umum,2026-07-02,2026-07-03,BELUM LUNAS,SUDAH DIKUNJUNGI
PTTUAH BINTANG JASA,Perusahaan,BL-8752-KU,ACEH,DUSUN PANGLATEH KOTA LHOKSUKON,85135458722,F,Kuning - Kendaraan Umum,2024-09-17,2025-09-19,BELUM LUNAS,BELUM DIKUNJUNGI
PTTUAH BINTANG JASA,Perusahaan,BL-8927-KU,ACEH,DUSUN PANGLATEH KOTA LHOKSUKON KEC.LHOKSUKON KAB.ACEH UTARA,81108040107,F,Kuning - Kendaraan Umum,2025-03-07,2026-02-11,BELUM LUNAS,BELUM DIKUNJUNGI
PT TUAH BINTANG JASA,Perusahaan,BL-8961-KU,ACEH,DUSUN PANGLATEH KOTA LHOKSUKON,85231108184,F,Kuning - Kendaraan Umum,2025-03-24,2026-03-21,LUNAS,BELUM DIKUNJUNGI
PT TUAH BINTANG JASA,Perusahaan,BL-8636-NP,ACEH,JL. MERDEKA BARAT (DEPAN POLRES) NO. 98 KEL. MEUNASAH MESJID KEC.,0,F,Kuning - Kendaraan Umum,2025-09-11,2026-06-14,BELUM LUNAS,BELUM DIKUNJUNGI
PT TUAH BINTANG JASA,Perusahaan,BL-8566-NW,ACEH,JL. MERDEKA BARAT NO. 98 KEL. MEUNASAH MESJID KEC. MUARA DUA KOTA,8527878000,F,Kuning - Kendaraan Umum,2026-03-09,2026-08-01,BELUM LUNAS,BELUM DIKUNJUNGI
PT TUAH BINTANG JASA,Perusahaan,BL-8690-KU,ACEH,DSN. PANGLATEH KEL. KOTA LHOKSUKON KEC. LHOKSUKON KAB. ACEH UTARA,82167372518,F,Kuning - Kendaraan Umum,2024-11-20,2025-11-21,BELUM LUNAS,BELUM DIKUNJUNGI
PT TUAH BINTANG JASA,Perusahaan,BL-8864-KU,ACEH,DSN. PANGLATEH KOTA LHOKSUKON,85260121700,F,Kuning - Kendaraan Umum,2024-08-23,2025-08-21,LUNAS,BELUM DIKUNJUNGI
PT TUAH BINTANG JASA,Perusahaan,BL-8795-KC,ACEH,DSN PANGLATEH KOTA LHOKSUKON KEC. LHOKSUKON KAB. ACEH UTARA,85212521222,F,Kuning - Kendaraan Umum,2024-11-08,2025-11-03,BELUM LUNAS,BELUM DIKUNJUNGI
PT TUAH BINTANG JASA,Perusahaan,BL-8945-KS,ACEH,DUSUN PANGLATEH KOTA LHOKSUKON KEC. LHOKSUKON KAB.ACEH UTARA,8,F,Kuning - Kendaraan Umum,2025-02-17,2025-12-12,BELUM LUNAS,BELUM DIKUNJUNGI
PT TUAH BINTANG JASA,Perusahaan,BL-8727-KS,ACEH,DSN PANGLATEH KOTA LHOKSUKON,85277468725,F,Kuning - Kendaraan Umum,2025-01-10,2026-01-19,BELUM LUNAS,BELUM DIKUNJUNGI
PT TUAH BINTANG JASA,Perusahaan,BL-8723-NH,ACEH,JL. MERDEKA BARAT (DEPAN POLRES) NO. 98 KEL. MEUNASAH MESJID,85211081020,F,Kuning - Kendaraan Umum,2025-04-08,2026-03-20,BELUM LUNAS,BELUM DIKUNJUNGI
PT TUAH BINTANG JASA,Perusahaan,BL-8888-NP,ACEH,JL. MERDEKA BARAT NO 98 KEL. MEUNASAH MESJID KEC. MUARA DUA KOTA,81111111111,F,Kuning - Kendaraan Umum,2025-06-10,2026-04-28,BELUM LUNAS,BELUM DIKUNJUNGI
PT TUAH BINTANG JASA,Perusahaan,BL-8854-KU,ACEH,DUSUN PANGLATEH DS KOTA LHOKSUKON KEC LHOKSUKON KAB. ACEH UTARA,81269317724,F,Kuning - Kendaraan Umum,2025-03-10,2026-02-06,BELUM LUNAS,BELUM DIKUNJUNGI
PT TUAH BINTANG JASA,Perusahaan,BL-8782-KS,ACEH,DUSUN PANGLATEH KEL. KUTA LHOKSUKON,85235987715,F,Kuning - Kendaraan Umum,2024-12-30,2025-12-14,BELUM LUNAS,BELUM DIKUNJUNGI
PT TUAH BINTANG JASA,Perusahaan,BL-8972-KU,ACEH,DUSUN PANGLATEH KOTA LHOKSUKON,8,F,Kuning - Kendaraan Umum,2025-02-14,2026-02-09,BELUM LUNAS,BELUM DIKUNJUNGI
PT TUAH BINTANG JASA,Perusahaan,BL-8958-KS,ACEH,DSN PANGLATEH KEC.LHOKSUKON KAB. ACEH UTARA,81116084909,F,Kuning - Kendaraan Umum,2025-05-02,2025-11-27,BELUM LUNAS,BELUM DIKUNJUNGI
PT TUAH BINTANG JASA,Perusahaan,BL-8884-KS,ACEH,DUSUN PANGLATEH KEL. KUTA LHOKSUKON,0,F,Kuning - Kendaraan Umum,2025-04-16,2026-01-18,BELUM LUNAS,BELUM DIKUNJUNGI
PT TUAH BINTANG JASA,Perusahaan,BL-8891-KU,ACEH,DUSUN PANGLATEH KOTA LHOKSUKON KEC. LHOKSUKON KAB. ACEH UTARA,82363809225,F,Kuning - Kendaraan Umum,2026-03-31,2026-05-12,BELUM LUNAS,BELUM DIKUNJUNGI
PT TUAH BINTANG JASA,Perusahaan,BL-8921-KU,ACEH,DUSUN PANGLATEH KEL KUTA LHOKSUKON KEC LHOKSUKON KAB ACEH UTARA,85240565140,F,Kuning - Kendaraan Umum,2025-01-02,2025-12-02,BELUM LUNAS,BELUM DIKUNJUNGI
PT TUAH BINTANG JASA,Perusahaan,BL-8997-KU,ACEH,DSN PANGLATEH DS KUTA LHOKSUKON,0,F,Kuning - Kendaraan Umum,2025-06-18,2026-06-21,BELUM LUNAS,BELUM DIKUNJUNGI
PT TUAH BINTANG JASA,Perusahaan,BL-8976-KU,ACEH,DUSUN PANGLATEH KOTA LHOKSUKON,85211081765,F,Kuning - Kendaraan Umum,2025-06-26,2026-07-28,BELUM LUNAS,BELUM DIKUNJUNGI
PT TUAH BINTANG JASA,Perusahaan,BL-8956-NP,ACEH,JL. MERDEKA BARAT NO 98 KEL. MEUNASAH MESJID KEC. MUARA DUA KOTA,81111111111,F,Kuning - Kendaraan Umum,2025-09-22,2026-06-09,BELUM LUNAS,BELUM DIKUNJUNGI
PT TUAH BINTANG JASA,Perusahaan,BL-8735-NP,ACEH,JL. MERDEKA BARAT KEL. MEUNASAH MESJID KEC. MUARA DUA KOTA LHOKSE,8527878000,F,Kuning - Kendaraan Umum,2025-05-09,2026-04-22,BELUM LUNAS,BELUM DIKUNJUNGI
PT TUAH BINTANG JASA,Perusahaan,BL-8520-KD,ACEH,DUSUN PANGLATEH KEL. KOTA LHOKSUKON KEC. LHOKSUKON KAB. ACEH UTAR,85265256525,F,Kuning - Kendaraan Umum,2025-05-28,2026-05-30,BELUM LUNAS,BELUM DIKUNJUNGI
PT TUAH BINTANG JASA,Perusahaan,BL-8720-KS,ACEH,DSN PANGLATEH KOTA LHOKSUKON,82162416621,F,Kuning - Kendaraan Umum,2025-10-29,2026-04-29,LUNAS,BELUM DIKUNJUNGI
PT TUAH BINTANG JASA,Perusahaan,BL-8626-KU,ACEH,DSN PANGLATEH KOTA LHOKSUKON,85231103127,F,Kuning - Kendaraan Umum,2025-01-20,2026-01-21,BELUM LUNAS,BELUM DIKUNJUNGI
PT TUAH BINTANG JASA,Perusahaan,BL-8891-KC,ACEH,DUSUN PANGLATEH KOTA LHOKSUKON KEC. LHOKSUKON KAB.ACEH UTARA,85214653214,F,Kuning - Kendaraan Umum,2025-07-18,2026-02-02,BELUM LUNAS,BELUM DIKUNJUNGI
PT TUAH BINTANG JASA,Perusahaan,BL-8503-NN,ACEH,JL. MERDEKA BARAT (DEPAN POLRES) NO. 98 KEL. MEUNASAH MESJID KEC.,81111111111,F,Kuning - Kendaraan Umum,2024-09-30,2025-09-28,BELUM LUNAS,BELUM DIKUNJUNGI
PT TUAH BINTANG JASA,Perusahaan,BL-8595-NP,ACEH,JL. MERDEKA BARAT (DEPAN POLRES) NO. 98 KEL. MEUNASAH MESJID KEC.,81111111111,F,Kuning - Kendaraan Umum,2024-09-12,2025-09-03,BELUM LUNAS,BELUM DIKUNJUNGI
PT TUAH BINTANG JASA,Perusahaan,BL-8871-NP,ACEH,JL. MERDEKA BARAT ( DEPAN POLRES) NO. 98 KEL. MEUNASAH MESJID KEC,8527878000,F,Kuning - Kendaraan Umum,2024-10-25,2025-10-23,BELUM LUNAS,BELUM DIKUNJUNGI
PT TUAH BINTANG JASA,Perusahaan,BL-8654-KC,ACEH,DSN PANGLATEH KOTA LHOKSUKON KEC. LHOKSUKON KAB. ACEH UTARA,81360266686,F,Kuning - Kendaraan Umum,2025-01-13,2025-09-16,BELUM LUNAS,BELUM DIKUNJUNGI
PT TUAH BINTANG JASA,Perusahaan,BL-8716-NP,ACEH,JL. MERDEKA BARAT (DPN POLRES) NO. 98 KEL. MEUNASAH MESJID KEC. M,0,F,Kuning - Kendaraan Umum,2025-06-17,2026-06-17,BELUM LUNAS,BELUM DIKUNJUNGI
PT TUAH BINTANG JASA,Perusahaan,BL-8845-KS,ACEH,DUSUN PANGLATEH KOTA LHOKSUKON KEC. LHOKSUKON KAB.ACEH UTARA,852,F,Kuning - Kendaraan Umum,2025-05-19,2026-04-25,BELUM LUNAS,BELUM DIKUNJUNGI
PT TUAH BINTANG JASA,Perusahaan,BL-8783-KU,ACEH,JLN.PLN PANTON LABU,82323232323,F,Kuning - Kendaraan Umum,2024-12-18,2025-12-18,BELUM LUNAS,BELUM DIKUNJUNGI
PT TUAH BINTANG JASA,Perusahaan,BL-8783-KS,ACEH,DUSUN PANGLATEH KOTA LHOKSUKON KEC. LHOKSUKON KAB. ACEH TARA,81111111111,F,Kuning - Kendaraan Umum,2025-09-16,2026-07-24,BELUM LUNAS,BELUM DIKUNJUNGI
PT TUAH BINTANG JASA,Perusahaan,BL-8794-NP,ACEH,JL. MERDEKA BARAT (DEPAN POLRES) NO. 98 KEL. MNS MESJID KEC. MUAR,85324226452,F,Kuning - Kendaraan Umum,2025-06-10,2026-07-20,LUNAS,BELUM DIKUNJUNGI
PT TUAH BINTANG JASA,Perusahaan,BL-8910-NP,ACEH,JL MERDEKA BARAT (DEPAN POLRES) NO 98 KEL MNS MESJID KEC MUARA DU,85260121700,F,Kuning - Kendaraan Umum,2025-12-19,2026-06-09,BELUM LUNAS,BELUM DIKUNJUNGI
PT TUAH BINTANG JASA,Perusahaan,BL-8747-KC,ACEH,DUSUN PANGLATEH KOTA LHOKSUKON KEC. LHOKSUKON KAB.ACEH UTARA,85211110425,F,Kuning - Kendaraan Umum,2025-05-07,2026-01-26,BELUM LUNAS,BELUM DIKUNJUNGI
PT TUAH BINTANG JASA,Perusahaan,BL-8551-KD,ACEH,DESA KOTA LHOKSUKON KEC. LHOKSUKON KAB. ACEH UTARA,81171094602,F,Kuning - Kendaraan Umum,2025-02-28,2025-09-28,BELUM LUNAS,BELUM DIKUNJUNGI
PT TUAH BINTANG JASA,Perusahaan,BL-8776-KS,ACEH,DUSUN PANGLATEH KOTA LHOKSUKON,81173022006,F,Kuning - Kendaraan Umum,2025-12-12,2026-04-22,BELUM LUNAS,BELUM DIKUNJUNGI
PT TUAH BINTANG JASA,Perusahaan,BL-8934-KS,ACEH,DUSUN PANGLATEH KOTA LHOKSUKON,81108054107,F,Kuning - Kendaraan Umum,2024-12-18,2025-12-21,BELUM LUNAS,BELUM DIKUNJUNGI
PT TUAH BINTANG JASA,Perusahaan,BL-8677-KU,ACEH,JLN MAWAR NO.69 KRUENG GEUKUEH,85260351331,F,Kuning - Kendaraan Umum,2024-10-10,2025-10-11,BELUM LUNAS,BELUM DIKUNJUNGI
PT TUAH BINTANG JASA,Perusahaan,BL-8760-NL,ACEH,JL.MERDEKA BARAT (DEPAN POLRES) NO.98 KEL.MNS MESJID KEC. MUARA D,8111111111,F,Kuning - Kendaraan Umum,2025-02-12,2026-02-04,BELUM LUNAS,BELUM DIKUNJUNGI
PTTRIENG JAYA,Perusahaan,BL-8786-KS,ACEH,KEL.TRIENG MATANG UBI KEC.LHOKSUKON KAB.ACEH UTARA,81265415779,F,Kuning - Kendaraan Umum,2025-07-02,2026-07-26,BELUM LUNAS,SUDAH DIKUNJUNGI
PTTRIENG JAYA,Perusahaan,BL-8930-KU,ACEH,JL.MEDAN - B.ACEH KM 306 GAMPONG TRIENG MATANG UBI KEC.LHOKSUKON,85240565140,F,Kuning - Kendaraan Umum,2025-04-16,2026-04-12,BELUM LUNAS,SUDAH DIKUNJUNGI
PTTRIENG JAYA,Perusahaan,BL-8935-KU,ACEH,JL.MEDAN - BANDA ACEH KM.306 KEL. TRIENG MATANG UBI,82236202434,F,Kuning - Kendaraan Umum,2025-05-20,2026-05-11,BELUM LUNAS,SUDAH DIKUNJUNGI
PTTRIENG JAYA,Perusahaan,BL-8936-KU,ACEH,JL.MEDAN-BANDA ACEH KM.306 DS. TRIENG MATANG UBI,8116851886,F,Kuning - Kendaraan Umum,2025-07-25,2026-06-14,BELUM LUNAS,SUDAH DIKUNJUNGI
PT TRIENG JAYA,Perusahaan,BL-8945-KU,ACEH,JL. MEDAN BANDA ACEH KM. 306 DS. TRIENG MATANG UBI.,85236598741,F,Kuning - Kendaraan Umum,2024-12-06,2025-12-08,BELUM LUNAS,SUDAH DIKUNJUNGI
PT TRIENG JAYA,Perusahaan,BL-8724-KC,ACEH,JL. MEDAN - B. ACEH KM.306 KEL.TRIENG - MATANG UBI,81108121705,F,Kuning - Kendaraan Umum,2024-10-08,2025-08-07,LUNAS,SUDAH DIKUNJUNGI
PT TRIENG JAYA,Perusahaan,BL-8630-KS,ACEH,JL. MEDAN - B. ACEH DESA TRIENG MTNG UBI KEC. LHOKSUKON KAB.ACEH,85260603001,F,Kuning - Kendaraan Umum,2025-07-16,2026-07-23,BELUM LUNAS,BELUM DIKUNJUNGI
PT TRIENG JAYA,Perusahaan,BL-8938-KU,ACEH,JL. MEDAN BANDA ACEH KM.306 KEL. TRIENG MATANG UBI KEC. LHOKSUKON,0,F,Kuning - Kendaraan Umum,2025-08-19,2026-08-03,BELUM LUNAS,BELUM DIKUNJUNGI
PT TRIENG JAYA,Perusahaan,BL-8546-KD,ACEH,JL. MEDAN - BANDA ACEH KM. 306 KEL. TRIENG MATANG UBI,0,F,Kuning - Kendaraan Umum,2025-07-02,2026-07-26,BELUM LUNAS,BELUM DIKUNJUNGI
PT TRIENG JAYA,Perusahaan,BL-8521-KD,ACEH,JL. MEDAN-BANDA ACEH KM.306 DESA TRIENG-MATANG UBI,85212575508,F,Kuning - Kendaraan Umum,2025-08-21,2026-03-16,BELUM LUNAS,SUDAH DIKUNJUNGI
PT TRIENG JAYA,Perusahaan,BL-8698-KC,ACEH,JL. MEDAN - B. ACEH DESA TRIENG MATANG UBI K,85260603001,F,Kuning - Kendaraan Umum,2025-07-18,2026-07-19,BELUM LUNAS,BELUM DIKUNJUNGI
PT TRIENG JAYA,Perusahaan,BL-8853-KC,ACEH,JL. MEDAN-BANDA ACEH KM. 306 DS TRIENG MATANG UBI KEC. LHOKSUKON,8526045215,F,Kuning - Kendaraan Umum,2025-07-29,2026-07-21,BELUM LUNAS,BELUM DIKUNJUNGI
PT TRIENG JAYA,Perusahaan,BL-8917-KU,ACEH,JL MEDAN BANDA ACEH KM 306 GAMPONG TRIENG MATANG UBI,81355548869,F,Kuning - Kendaraan Umum,2024-12-17,2025-11-24,BELUM LUNAS,BELUM DIKUNJUNGI
PT TRIENG JAYA,Perusahaan,BL-8949-KU,ACEH,JL.MEDAN-BANDA ACEH KM.306 DS.TRIENG MATANG UBI. KEC. LHOKSUKON K,85361112287,F,Kuning - Kendaraan Umum,2024-12-09,2025-12-08,BELUM LUNAS,BELUM DIKUNJUNGI
PT TRIENG JAYA,Perusahaan,BL-8524-KS,ACEH,JL. MEDAN-B.ACEH DESA TRIENG MTNG UBI,85277231028,F,Kuning - Kendaraan Umum,2025-04-08,2026-04-01,BELUM LUNAS,BELUM DIKUNJUNGI
PT TRIENG JAYA,Perusahaan,BL-8913-KU,ACEH,JL. MEDAN - BANDA ACEH KM. 306 GAMPONG TRIENG MATANG UBI KEC LHOK,81108131804,F,Kuning - Kendaraan Umum,2024-10-07,2025-10-13,BELUM LUNAS,BELUM DIKUNJUNGI
PT TRANSYSKA KAYRA TRAVELO,Perusahaan,BL-7364-NB,ACEH,JL MEDAN-BANDA ACEH KEL. MEUNASAH MEE KEC. MUARA DUA KOTA LHOKSEU,81111111111,EU,Kuning - Kendaraan Umum,2024-12-12,2025-12-06,BELUM LUNAS,BELUM DIKUNJUNGI
PT TRANSYSKA KAYRA TRAVELO,Perusahaan,BL-7367-N,ACEH,JL MEDAN-BANDA ACEH DESA MEUNASAH MEE KEC MUARA DUA KOTA LHOKSEUM,8,EU,Kuning - Kendaraan Umum,2025-07-11,2026-06-26,BELUM LUNAS,BELUM DIKUNJUNGI
PTTRANS PRIMA KENCANA,Perusahaan,BL-8726-ZE,ACEH,JL.BUKET TEUKUH KEL.GEULANGGANG BARO KEC.KOTA JUANG KAB.BIREUEN,81232029518,F,Kuning - Kendaraan Umum,2024-12-31,2025-12-23,BELUM LUNAS,BELUM DIKUNJUNGI
PT TRANS PRIMA KENCANA,Perusahaan,BL-8512-ZD,ACEH,JL. BUKET TEUKUH KEL. GEULANGGANG BARO KEC. KOTA JUANG KAB. BIREU,811684779,F,Kuning - Kendaraan Umum,2025-04-28,2026-04-30,BELUM LUNAS,BELUM DIKUNJUNGI
PT TRANS PRIMA KENCANA,Perusahaan,BL-8857-ZE,ACEH,JL. BUKET TEUKUH KEL. GEULANGGANG BARO KEC. KOTA JUANG KABUPATEN,8,F,Kuning - Kendaraan Umum,2024-10-24,2025-10-19,BELUM LUNAS,BELUM DIKUNJUNGI
PT TRANS PRIMA KENCANA,Perusahaan,BL-8740-ZE,ACEH,JL. BUKET TEUKUH KEL. GEULANGGANG BARO KEC. KOTA JUANG KAB. BIREU,0,F,Kuning - Kendaraan Umum,2025-05-21,2026-05-24,BELUM LUNAS,BELUM DIKUNJUNGI
PT TRANS PRIMA KENCANA,Perusahaan,BL-8751-ZE,ACEH,JL. BUKET TEUKUH KEL. GEULANGGANG BARO KEC. KOTA JUANG KABUPATEN,81111111111,F,Kuning - Kendaraan Umum,2025-08-12,2026-07-28,BELUM LUNAS,BELUM DIKUNJUNGI
PT TRANS PRIMA KENCANA,Perusahaan,BL-8560-ZE,ACEH,JL. BUKET TEUKUH KEL. GEULANGGANG BARO KEC. KOTA JUANG KAB. BIREU,8,F,Kuning - Kendaraan Umum,2024-12-23,2025-12-20,BELUM LUNAS,BELUM DIKUNJUNGI
PT TRANS PRIMA KENCANA,Perusahaan,BL-8832-ZE,ACEH,JL. BUKET TEUKUH KEL. GEULANGGANG BARO KEC. KOTA JUANG KAB BIREUE,81111111111,F,Kuning - Kendaraan Umum,2025-02-05,2025-12-29,BELUM LUNAS,BELUM DIKUNJUNGI
PT TRANS PRIMA KENCANA,Perusahaan,BL-8802-ZE,ACEH,JL. BUKET TEUKUH KEL. GEULANGGANG BARO KEC. KOTA JUANG KABUPATEN,0,F,Kuning - Kendaraan Umum,2025-01-30,2026-01-29,BELUM LUNAS,BELUM DIKUNJUNGI
PT TRANS PRIMA KENCANA,Perusahaan,BL-8773-ZE,ACEH,JL. BUKET TEUKUH KEL. GEULANGGANG BARO KEC. KOTA JUANG KAB BIREUE,85261572138,F,Kuning - Kendaraan Umum,2024-10-01,2025-09-15,BELUM LUNAS,BELUM DIKUNJUNGI
PT TRANS PRIMA KENCANA,Perusahaan,BL-8772-ZE,ACEH,JL. BUKET TEUKUH KEL. GEULANGGANG BARO KEC. KOTA JUANG KAB BIREUE,85261572138,F,Kuning - Kendaraan Umum,2024-10-01,2025-09-15,BELUM LUNAS,BELUM DIKUNJUNGI
PT TIA JAYA BERSAUDARA,Perusahaan,BL-8644-N,ACEH,JL. STASIUN CUNDA KEL. KEUDE CUNDA KEC. MUARA DUA KOTA LHOKSEUMAW,811687014,F,Kuning - Kendaraan Umum,2025-07-07,2026-06-25,BELUM LUNAS,BELUM DIKUNJUNGI
PT TIA JAYA BERSAUDARA,Perusahaan,BL-8911-N,ACEH,JALAN STASIUN CUNDA KEL KEUDE CUNDA KEC MUARA DUA KOTA LHOKSEUMAW,8,F,Kuning - Kendaraan Umum,2025-06-25,2026-06-19,BELUM LUNAS,BELUM DIKUNJUNGI
PT TASPEN PERSERO LSW,Perusahaan,BL-6882-NY,ACEH,JL. MERDEKA KEL. LANCANG GARAM KEC. BANDA SAKTI KOTA LHOKSEUMAWE,85361914073,C1,Hitam - Kendaraan Pribadi,2024-11-21,2025-12-04,BELUM LUNAS,BELUM DIKUNJUNGI
PT TASPEN PERSERO LHOKSEUMAWE,Perusahaan,BL-8205-NF,ACEH,JL. MERDEKA KOTA LHOKSEUMAWE KEC. BANDA SAKTI KOTA LHOKSEUMAWE,85200000000,F,Hitam - Kendaraan Pribadi,2024-10-22,2025-11-02,BELUM LUNAS,BELUM DIKUNJUNGI
PTTAKABEYA PERKASA GRUOP,Perusahaan,BL-8938-ZK,ACEH,JL.MEDAN-B.ACEH KM. 217 GP.BIREUEN MNS BLANG KEC. KOTA JUANG KAB.,81262255474,F,Kuning - Kendaraan Umum,2025-05-02,2026-03-19,BELUM LUNAS,BELUM DIKUNJUNGI
PT TAKABEYA PERKASA GROUP,Perusahaan,BL-8992-Z,ACEH,JL. MEDAN - B. ACEH GAMPONG PAYA MEUNENG KEC. PEUSANGAN KAB. BIRE,85358458704,F,Kuning - Kendaraan Umum,2024-09-09,2025-08-21,LUNAS,BELUM DIKUNJUNGI
PT TAKABEYA PERKASA GROUP,Perusahaan,BL-8996-Z,ACEH,JL. MEDAN - B. ACEH GAMPONG PAYA MEUNENG KEC. PEUSANGAN KAB. BIRE,85358458704,F,Kuning - Kendaraan Umum,2024-09-09,2025-08-21,LUNAS,BELUM DIKUNJUNGI
PT TAKABEYA PERKASA GROUP,Perusahaan,BL-8994-Z,ACEH,JL. MEDAN - B. ACEH GAMPONG PAYA MEUNENG KEC. PEUSANGAN KAB. BIRE,85358458704,F,Kuning - Kendaraan Umum,2024-09-09,2025-08-21,LUNAS,BELUM DIKUNJUNGI
PT TAKABEYA PERKASA GROUP,Perusahaan,BL-8803-ZP,ACEH,JL. MEDAN BANDA ACEH KM 217 DS. BIREUEN MEUNASAH BLANG KEC. KOTA,0,F,Kuning - Kendaraan Umum,2024-12-12,2025-12-09,BELUM LUNAS,BELUM DIKUNJUNGI
PT TAKABEYA PERKASA GROUP,Perusahaan,BL-8516-ZE,ACEH,JL. MEDAN - B. ACEH GAMPONG PAYA MEUNENG KEC. KOTA JUANG KAB. BIR,0,F,Kuning - Kendaraan Umum,2025-09-01,2026-03-31,BELUM LUNAS,BELUM DIKUNJUNGI
PTSYAUKATH SEJAHTERA,Perusahaan,BL-8646-ZT,ACEH,JL ST ISKANDAR MUDA NO 693 DS. BANDAR BIREUEN KEC. KOTA JUANG KAB,0,F,Kuning - Kendaraan Umum,2025-05-15,2026-03-20,BELUM LUNAS,BELUM DIKUNJUNGI
PTSYAUKATH SEJAHTERA,Perusahaan,BL-5236-ZAB,ACEH,JL SULTAN ISKANDAR MUDA NO 693 KOTA BIREEUN KEC KOTA JUANG KAB BI,85260618566,C1,Hitam - Kendaraan Pribadi,2025-01-22,2026-02-18,BELUM LUNAS,BELUM DIKUNJUNGI
PTSYAUKATH SEJAHTERA,Perusahaan,BL-1425-ZD,ACEH,JL.SLT.ISKANDAR MUDA NO.693 GP.BANDAR BIREUN KEC. KOTA JUANG KAB.,85262069077,DP,Hitam - Kendaraan Pribadi,2025-11-25,2026-08-01,BELUM LUNAS,BELUM DIKUNJUNGI
PT SYAUKATH SEJAHTERA,Perusahaan,BL-8569-Z,ACEH,JL.SULTAN ISKANDAR MUDA 693 DS. BANDAR BIREUEN KEC. KOTA JUANG KA,85210791235,F,Kuning - Kendaraan Umum,2025-05-15,2026-03-26,BELUM LUNAS,BELUM DIKUNJUNGI
PT SYAUKATH SEJAHTERA,Perusahaan,BL-8568-Z,ACEH,JL.SULTAN ISKANDAR MUDA 693 BANDAR BIREUEN KEC KOTA JUANG KAB BIR,85262069077,F,Kuning - Kendaraan Umum,2025-05-15,2026-03-26,BELUM LUNAS,BELUM DIKUNJUNGI
PT SYAUKATH SEJAHTERA,Perusahaan,BL-8577-ZK,ACEH,JL SULTAN ISKANDAR MUDA NO.693 BNDR BIREUEN KEC. KOTA JUANG KAB.,85262069077,F,Kuning - Kendaraan Umum,2026-03-02,2026-07-19,BELUM LUNAS,BELUM DIKUNJUNGI
PT SYAUKATH SEJAHTERA,Perusahaan,BL-8671-Z,ACEH,JL. SULTAN ISKANDAR MUDA NO.693 KEL. BANDAR BIREUEN KEC. KOTA JUA,8126955549,F,Kuning - Kendaraan Umum,2024-11-28,2025-12-23,BELUM LUNAS,BELUM DIKUNJUNGI
PTSURYA MADISTRINDO,Perusahaan,BL-1245-NY,ACEH,JLN.T MAHARAJA NO.42 C.SP ASMI KEL.KUTA BLANG KEC.BANDA SAKTI KOT,85267604710,DP,Hitam - Kendaraan Pribadi,2025-07-03,2026-05-18,BELUM LUNAS,BELUM DIKUNJUNGI
PT SURYA MADISTRINDO,Perusahaan,BL-8250-NS,ACEH,JL. MEDAN-BANDA ACEH KEL. MEUNASAH MESJID KEC. MUARA DUA KOTA LHO,81363636363,DP,Hitam - Kendaraan Pribadi,2025-01-15,2025-12-10,BELUM LUNAS,BELUM DIKUNJUNGI
PT SURYA MADISTRINDO,Perusahaan,BL-8168-NG,ACEH,JL. MEDAN-B.ACEH DSN. TGK. DI BANGKA GP. MNS. MESJID KEC. MUARA D,81251111149,DP,Hitam - Kendaraan Pribadi,2025-10-14,2026-07-31,BELUM LUNAS,BELUM DIKUNJUNGI
PT SURYA MADISTRINDO,Perusahaan,BL-1745-NG,ACEH,JL. MEDAN - BANDA ACEH DUSUN TGK. DIBANGKA KEL. GAMPONG MEUNASAH,81251111149,DP,Hitam - Kendaraan Pribadi,2025-07-07,2026-07-22,BELUM LUNAS,BELUM DIKUNJUNGI
PT SURYA MADISTRINDO,Perusahaan,BL-8104-NG,ACEH,JL. MEDAN B. ACEH DSN TGK DI BANGKA GP. MNS MESJID KEC. MUARA DUA,81263251487,DP,Hitam - Kendaraan Pribadi,2025-01-06,2026-01-18,BELUM LUNAS,BELUM DIKUNJUNGI
PT SURYA MADISTRINDO,Perusahaan,BL-8116-NF,ACEH,JL.T. MAHARAJA NO.42 C SP.ASMI DSN III GMPG KUTA BLG,0,DP,Hitam - Kendaraan Pribadi,2024-12-09,2025-12-01,BELUM LUNAS,BELUM DIKUNJUNGI
PT SURYA MADISTRINDO,Perusahaan,BL-8432-NF,ACEH,JL. MEDAN - BANDA ACEH DUSUN TGK. DI BANGKA KEL. MNS MESJID KEC.,8111111111,DP,Hitam - Kendaraan Pribadi,2025-04-11,2026-05-02,LUNAS,BELUM DIKUNJUNGI
PT SURYA MADISTRINDO,Perusahaan,BL-1746-NG,ACEH,JL. MEDAN - BANDA ACEH DUSUN TGK. DIBANGKA KEL. GAMPONG MEUNASAH,81251111149,DP,Hitam - Kendaraan Pribadi,2025-07-07,2026-07-22,BELUM LUNAS,BELUM DIKUNJUNGI
PT SURYA MADISTRINDO,Perusahaan,BL-1415-NF,ACEH,JL. T. MAHARAJA NO. 42 C SP. ASMI DUSUN III KEL. KUTA BLANG KEC.,8111009019,DP,Hitam - Kendaraan Pribadi,2026-04-30,2026-07-15,BELUM LUNAS,BELUM DIKUNJUNGI
PT SURYA MADISTRINDO,Perusahaan,BL-8169-NG,ACEH,JL. MEDAN - B. ACEH DSN. TGK DI BANGKA GP. MNS MESJID KEC. MUARA,81251111149,DP,Hitam - Kendaraan Pribadi,2025-10-14,2026-07-31,BELUM LUNAS,BELUM DIKUNJUNGI
PT SURYA MADISTRINDO,Perusahaan,BL-8174-NG,ACEH,JL. MEDAN-B. ACEH DSN. TGK. DIBANGKA DS. GP. MNS. MESJID KEC. MUA,81251111149,DP,Hitam - Kendaraan Pribadi,2025-11-04,2026-07-31,BELUM LUNAS,BELUM DIKUNJUNGI
PT SURYA MADISTRINDO,Perusahaan,BL-8345-NF,ACEH,JL. T. MAHARAJA NO. 42 C SIMPANG ASMI DUSUN III KEL. KUTA BLANG K,0,F,Hitam - Kendaraan Pribadi,2024-08-08,2025-08-21,LUNAS,BELUM DIKUNJUNGI
PT SURYA MADISTRINDO,Perusahaan,BL-8245-NG,ACEH,JL. MEDAN-B. ACEH DSN. TGK. DI BANGKA GP. MNS. MESJID KEC. MUARA,8111111111,F,Hitam - Kendaraan Pribadi,2025-07-07,2026-07-13,BELUM LUNAS,BELUM DIKUNJUNGI
PT SURYA MADISTRINDO,Perusahaan,BL-8431-NF,ACEH,JL. MEDAN - BANDA ACEH DSN. TGK. DI BANGKA KEL. MNS. MESJID KEC.,0,DP,Hitam - Kendaraan Pribadi,2025-04-11,2026-05-02,BELUM LUNAS,BELUM DIKUNJUNGI
PT SURYA KANDILA,Perusahaan,BL-8329-NF,ACEH,JL. MALIKUSSALEH KEL. LANCANG GARAM KEC. BANDA SAKTI KOTA LHOKSEU,8653232756,F,Hitam - Kendaraan Pribadi,2024-10-21,2025-09-05,BELUM LUNAS,BELUM DIKUNJUNGI
PT SURYA KANDILA,Perusahaan,BL-1712-NF,ACEH,JL. MALIKUSSALEH KEL. LANCANG GARAM KEC. BANDA SAKTI KOTA LHOKSEU,8578958553,DP,Hitam - Kendaraan Pribadi,2026-06-18,2026-07-14,BELUM LUNAS,BELUM DIKUNJUNGI
PT SUMBER TENAGA BIRU,Perusahaan,BL-8259-Z,ACEH,JL S.ISKANDARMUDA NO 14 KEL BANDAR BIREUEN KEC KOTA JUANG KAB BIR,852777683223,F,Hitam - Kendaraan Pribadi,2025-07-01,2026-06-07,BELUM LUNAS,BELUM DIKUNJUNGI
PT SUMATRA TOBACCO TRADING COMPANY,Perusahaan,BL-8117-N,ACEH,JL. MERDEKA NO. 7 KEC. BANDA SAKTI KOTA LHOKSEUMAWE,0,DP,Hitam - Kendaraan Pribadi,2025-12-29,2026-06-23,BELUM LUNAS,BELUM DIKUNJUNGI
PT SUMATERA TOBACCO TRADING COMPAN,Perusahaan,BL-8125-N,ACEH,JL. MERDEKA NO. 7 KEC. BANDA SAKTI KOTA LHOKSEUMAWE,85260121700,F,Hitam - Kendaraan Pribadi,2025-05-26,2026-06-24,BELUM LUNAS,BELUM DIKUNJUNGI
PT SOFIA FAIRUS MANDIRI,Perusahaan,BL-8749-ZE,ACEH,JALAN MEDAN-BANDA ACEH NO. 1 A KEL. COT GAPU KEC. KOTA JUANG KABU,0,F,Kuning - Kendaraan Umum,2025-06-17,2026-06-30,BELUM LUNAS,BELUM DIKUNJUNGI
PT SINAR MUTIARA JAYA,Perusahaan,BL-9211-DB,ACEH,JL. BANDA ACEH - MEDAN KEL. JULOK TUNONG KEC. JULOK KAB. ACEH TIM,82356487457,A,Hitam - Kendaraan Pribadi,2024-11-01,2025-12-10,BELUM LUNAS,BELUM DIKUNJUNGI
PT SINAR MITRA SEPADAN FINANCE,Perusahaan,BL-1261-NJ,ACEH,JL. DARUSSALAM NO. 45 KEL. HAGU SELATAN KEC. BANDA SAKTI KOTA LHO,0,DP,Hitam - Kendaraan Pribadi,2025-12-10,2026-04-16,BELUM LUNAS,BELUM DIKUNJUNGI
PT SIMAH BENGI,Perusahaan,BL-1287-GB,ACEH,JALAN PASAR IMPRES KEL.BLANG KOLAK I KEC. BEBESEN KABUPATEN ACEH,81474024201,DP,Hitam - Kendaraan Pribadi,2025-06-16,2026-06-30,BELUM LUNAS,BELUM DIKUNJUNGI
PT SEURAMOE AGRO PERSADA,Perusahaan,BL-8964-KU,ACEH,JL. FAJAR JEUMPA KEL. ALUE LEUHOB,85213110804,DP,Hitam - Kendaraan Pribadi,2024-10-15,2025-10-17,BELUM LUNAS,BELUM DIKUNJUNGI
PTSERBA CEMERLANG,Perusahaan,BL-8732-NP,ACEH,"JL. KAMBOJA NO.101 B, KEL. KUTA BLANG KEC. BANDA SAKTI KOTA LHOKS",0,F,Kuning - Kendaraan Umum,2024-07-26,2025-10-01,BELUM LUNAS,BELUM DIKUNJUNGI
PT SERBA CEMERLANG,Perusahaan,BL-8985-NH,ACEH,JL. KAMBOJA NO. 101 B KEL. KUTA BLANG KEC. BANDA SAKTI KOTA LHOKS,0,F,Kuning - Kendaraan Umum,2025-08-08,2026-07-18,BELUM LUNAS,BELUM DIKUNJUNGI
PT SERBA CEMERLANG,Perusahaan,BL-8513-NP,ACEH,JL. KAMBOJA NO. 101 B KEL. KUTA BLANG KEC. BANDA SAKTI KOTA LHOKS,85260121700,F,Kuning - Kendaraan Umum,2025-08-13,2026-08-01,LUNAS,BELUM DIKUNJUNGI
PT SERBA CEMERLANG,Perusahaan,BL-8524-NP,ACEH,JL. KAMBOJA NO. 101 B KEL. KUTA BLANG KEC. BANDA SAKTI KOTA LHOKS,81234567,F,Kuning - Kendaraan Umum,2024-12-30,2025-09-16,BELUM LUNAS,BELUM DIKUNJUNGI
PT SERBA CEMERLANG,Perusahaan,BL-8965-KY,ACEH,KEUDE KRUENG GEUKUEH KEC. DEWANTARA KAB. ACEH UTARA,85656550000,F,Kuning - Kendaraan Umum,2024-08-12,2025-08-10,LUNAS,BELUM DIKUNJUNGI
PT SATYA AGUNG,Perusahaan,BL-4358-KAY,ACEH,JL. PHASE KEL. URAM JALAN,85265262536,C1,Hitam - Kendaraan Pribadi,2025-04-28,2025-09-29,BELUM LUNAS,BELUM DIKUNJUNGI
PT SATYA AGUNG,Perusahaan,BL-4504-KBI,ACEH,JALAN PHASE KEL URAM JALAN KEC GEUREDONG PASE KAB. ACEH UTARA,8,C1,Hitam - Kendaraan Pribadi,2025-01-30,2025-12-31,BELUM LUNAS,BELUM DIKUNJUNGI
PT SATYA AGUNG,Perusahaan,BL-4505-KBI,ACEH,JALAN PHASE KEL URAM JALAN KEC GEUREDONG PASE KAB. ACEH UTARA,8,C1,Hitam - Kendaraan Pribadi,2025-01-30,2025-12-31,BELUM LUNAS,BELUM DIKUNJUNGI
PTSASTRA TRANSPORT BERSAMA,Perusahaan,BL-1303-NB,ACEH,JL.MERDEKA NO.14 LHOKSEUMAWE,85370137722,DU,Kuning - Kendaraan Umum,2024-08-13,2025-09-14,BELUM LUNAS,BELUM DIKUNJUNGI
PTSASTRA TRANSPORT BERSAMA,Perusahaan,BL-7455-NL,ACEH,JL. MERDEKA NO. 129 KEL. MON GEUDONG,81261403143,EU,Kuning - Kendaraan Umum,2025-01-02,2025-09-13,BELUM LUNAS,BELUM DIKUNJUNGI
PT SASTRA TRANSPORT BERSAMA,Perusahaan,BL-1452-NL,ACEH,"JLN PASE NO,03 A TELP 46704 LHOKSEUMAWE",85260121700,EU,Kuning - Kendaraan Umum,2025-01-16,2026-01-18,BELUM LUNAS,BELUM DIKUNJUNGI
PT SASTRA TRANSPORT BERSAMA,Perusahaan,BL-1863-NB,ACEH,JL. PASE NO. 3 A LHOKSEUMAWE,85231108080,EU,Kuning - Kendaraan Umum,2024-11-13,2026-01-22,BELUM LUNAS,BELUM DIKUNJUNGI
PT SASTRA TRANSPORT BERSAMA,Perusahaan,BL-7353-NL,ACEH,JL. PASE NO. 3 A KEL. KOTA LHOKSEUMAWE,85211080268,EU,Kuning - Kendaraan Umum,2024-11-18,2025-11-16,BELUM LUNAS,BELUM DIKUNJUNGI
PT SASTRA TRANSPORT BERSAMA,Perusahaan,BL-7812-NB,ACEH,JL. PASE NO. 5A KEL. KOTA LHOKSEUMAWE,85231108140,EU,Kuning - Kendaraan Umum,2025-03-06,2026-01-23,BELUM LUNAS,BELUM DIKUNJUNGI
PT SASTRA TRANSPORT BERSAMA,Perusahaan,BL-7466-NL,ACEH,JL. PASE NO. 5 A KEC. BANDA SAKTI KOTA LHOKSEUMAWE,8552222222,EU,Kuning - Kendaraan Umum,2025-03-21,2026-03-23,BELUM LUNAS,BELUM DIKUNJUNGI
PT SASTRA TRANPORT BERSAMA,Perusahaan,BL-1952-NB,ACEH,JL. RAJAWALI NO. 83 KEL. PANGGOI KEC. MUARA DUA KOTA LHOKSEUMAWE,85260121700,EU,Kuning - Kendaraan Umum,2025-05-22,2026-05-23,BELUM LUNAS,BELUM DIKUNJUNGI
PT SARANG MAS MURNI,Perusahaan,BL-8946-KC,ACEH,DS. TAMBON BAROH KEC. DEWANTARA KAB. ACEH UTARA,85256525652,F,Kuning - Kendaraan Umum,2025-05-21,2026-01-05,BELUM LUNAS,BELUM DIKUNJUNGI
PT SARANG MAS MURNI,Perusahaan,BL-8945-KC,ACEH,DS. TAMBON BAROH,81108142512,F,Kuning - Kendaraan Umum,2024-10-29,2026-01-05,BELUM LUNAS,BELUM DIKUNJUNGI
PT SARANG MAS MURNI,Perusahaan,BL-9540-KI,ACEH,DS. TAMBON BAROH,81260087882,F,Kuning - Kendaraan Umum,2025-04-08,2025-08-30,BELUM LUNAS,BELUM DIKUNJUNGI
PT SARANG MAS MURNI,Perusahaan,BL-8943-KC,ACEH,DS. TAMBON BAROH,85211108042,F,Kuning - Kendaraan Umum,2024-10-29,2026-01-05,BELUM LUNAS,BELUM DIKUNJUNGI
PTSARANA CITRA KENCANA,Perusahaan,BL-8596-KU,ACEH,JL.MEDAN - B.ACEH KM 256 NO.18 KEL.KEUDE KRUENG GEUKUEH KEC.DEWAN,85260500000,F,Kuning - Kendaraan Umum,2025-05-14,2025-12-05,BELUM LUNAS,BELUM DIKUNJUNGI
PT SARANA CITRA KENCANA,Perusahaan,BL-8943-NH,ACEH,JL. MEDAN-B.ACEH KM 328 KEL. BATUPHAT BARAT KEC. MUARA SATU KOTA,85260121700,F,Kuning - Kendaraan Umum,2024-12-17,2025-08-24,LUNAS,BELUM DIKUNJUNGI
PTSAMUDRA PUSAKA JAYA,Perusahaan,BL-1946-NB,ACEH,JL. CUT MEUTIA NO. 8 KEC. BANDA SAKTI KOTA LHOKSEUMAWE,85270720786,EU,Kuning - Kendaraan Umum,2025-11-21,2026-07-20,BELUM LUNAS,BELUM DIKUNJUNGI
PTSAMUDRA PUSAKA JAYA,Perusahaan,BL-7630-NB,ACEH,JL. CUT MEUTIA NO. 8 KEL. PUSONG BARU KEC. BANDA SAKTI KOTA LHOKS,85260121700,EU,Kuning - Kendaraan Umum,2025-03-18,2026-03-20,BELUM LUNAS,BELUM DIKUNJUNGI
PTSAMUDRA PUSAKA JAYA,Perusahaan,BL-1889-NB,ACEH,JLN CUT MUTIA NO 8 KEC. BANDA SAKTI KOTA LHOKSEUMAWE,811111111,EU,Kuning - Kendaraan Umum,2025-06-02,2026-05-30,BELUM LUNAS,BELUM DIKUNJUNGI
PTSAMUDRA PUSAKA JAYA,Perusahaan,BL-7322-NB,ACEH,JL. CUT MEUTIA NO. 08 KEC. BANDA SAKTI KOTA LHOKSEUMAWE,85555522555,EU,Kuning - Kendaraan Umum,2024-10-16,2025-10-30,BELUM LUNAS,BELUM DIKUNJUNGI
PTSAMUDRA PUSAKA JAYA,Perusahaan,BL-1903-NB,ACEH,JLN.CUT MUTIA NO.8 KOTA LHOKSEUMAWE,85261447720,EU,Kuning - Kendaraan Umum,2026-04-30,2026-07-17,BELUM LUNAS,BELUM DIKUNJUNGI
PT SAMUDRA PUSAKA JAYA,Perusahaan,BL-1923-NB,ACEH,JL. CUT MEUTIA NO. 8 KEL. LHOKSEUMAWE KEC. BANDA SAKTI KOTA LHOKS,85260121700,EU,Kuning - Kendaraan Umum,2025-07-08,2026-07-06,BELUM LUNAS,BELUM DIKUNJUNGI
PT SAMUDRA PUSAKA JAYA,Perusahaan,BL-1654-NB,ACEH,JL. CUT MUTIA NO. 8 LHOKSEUMAWE KEC. BANDA SAKTI KOTA LHOKSEUMAWE,82525212521,EU,Kuning - Kendaraan Umum,2024-10-08,2025-10-18,BELUM LUNAS,BELUM DIKUNJUNGI
PT SAMUDRA PUSAKA JAYA,Perusahaan,BL-1654-NW,ACEH,JL. CUT MEUTIA NO. 8 DUSUN I KEL. PUSONG BARU KEC. BANDA SAKTI KO,81111111111,EU,Kuning - Kendaraan Umum,2024-09-26,2025-09-14,BELUM LUNAS,BELUM DIKUNJUNGI
PT SAMUDRA PUSAKA JAYA,Perusahaan,BL-1856-NB,ACEH,JL. CUT MEUTIA NO.8 KOTA LHOKSEUMAWE,85260121700,EU,Kuning - Kendaraan Umum,2024-12-12,2025-11-25,BELUM LUNAS,BELUM DIKUNJUNGI
PT SAMUDRA PUSAKA JAYA,Perusahaan,BL-7641-NB,ACEH,JL. CUT MUTIA NO. 08 KEL. KOTA LHOKSEUMAWE KEC. BANDA SAKTI KOTA,85260121700,EU,Kuning - Kendaraan Umum,2025-08-21,2026-04-21,BELUM LUNAS,BELUM DIKUNJUNGI
PT SAMUDRA PUSAKA JAYA,Perusahaan,BL-1206-N,ACEH,JL. CUT MUTIA NO. 8 KEL. PUSONG BARU,85260477955,EU,Kuning - Kendaraan Umum,2025-01-06,2026-01-07,BELUM LUNAS,BELUM DIKUNJUNGI
PT SAMUDRA PUSAKA JAYA,Perusahaan,BL-7518-NB,ACEH,JL. CUT MEUTIA NO. 8 KEC. BANDA SAKTI KOTA LHOKSEUMAWE,81111111111,EU,Kuning - Kendaraan Umum,2024-07-17,2025-09-03,BELUM LUNAS,BELUM DIKUNJUNGI
PT SAMUDRA PUSAKA JAYA,Perusahaan,BL-1210-N,ACEH,JL. CUT MUTIA NO.8 KEL. PUSONG BARO KEC. BANDA SAKTI KOTA LHOKSEM,82325655650,EU,Kuning - Kendaraan Umum,2025-05-19,2025-09-05,BELUM LUNAS,BELUM DIKUNJUNGI
PT SAMUDRA PUSAKA JAYA,Perusahaan,BL-1443-NV,ACEH,KOMP. TERMINAL BUS LR. I KEL. MON GEUDONG KEC. BANDA SAKTI KOTA L,8527878000,EU,Kuning - Kendaraan Umum,2025-10-13,2026-07-31,LUNAS,BELUM DIKUNJUNGI
PT SAMUDRA PUSAKA JAYA,Perusahaan,BL-1314-N,ACEH,JL. CUT MEUTIA NO.8 DSN. I KEL. GP PUSONG BARU KEC. BANDA SAKTI K,812345678,EU,Kuning - Kendaraan Umum,2024-12-03,2025-08-30,BELUM LUNAS,BELUM DIKUNJUNGI
PT SAMUDRA PUSAKA JAYA,Perusahaan,BL-1985-NL,ACEH,JL. CUT MEUTIA NO. 8 KEL. KOTA LHOKSEUMAWE KEC. BANDA SAKTI KOTA,82256545870,EU,Kuning - Kendaraan Umum,2025-06-02,2026-06-03,BELUM LUNAS,BELUM DIKUNJUNGI
PT SAMUDRA PUSAKA JAYA,Perusahaan,BL-7326-N,ACEH,JL. CUT MUTIA NO. 08 KOTA LHOKSEUMAWE KEC. BANDA SAKTI KOTA LHOKS,81363636336,EU,Kuning - Kendaraan Umum,2025-04-09,2026-03-09,BELUM LUNAS,BELUM DIKUNJUNGI
PT SAMUDRA PUSAKA JAYA,Perusahaan,BL-7305-NB,ACEH,JL. CUT MUTIA NO. 8 KEL. PUSONG BARU KEC. BANDA SAKTI KOTA LHOKSE,0,EU,Kuning - Kendaraan Umum,2025-04-15,2026-02-22,BELUM LUNAS,BELUM DIKUNJUNGI
PT SAMUDRA PUSAKA JAYA,Perusahaan,BL-1375-NL,ACEH,JL.CUT MEUTIA NO.8 LHOKSEUMAWE,85260121700,DU,Kuning - Kendaraan Umum,2025-05-07,2026-04-06,BELUM LUNAS,BELUM DIKUNJUNGI
PT SAMUDRA PUSAKA JAYA,Perusahaan,BL-1972-NB,ACEH,JL. CUT MEUTIA NO. 8 KOTA LHOKSEUMAWE KEC. BANDA SAKTI KOTA LHOKS,81354888545,EU,Kuning - Kendaraan Umum,2024-12-23,2025-09-07,BELUM LUNAS,BELUM DIKUNJUNGI
PT SAMUDRA PUSAKA JAYA,Perusahaan,BL-1709-NB,ACEH,JL. CUT MEUTIA NO. 8 KEL. LHOKSEUMAWE KEC. BANDA SAKTI KOTA LHOKS,0,EU,Kuning - Kendaraan Umum,2026-04-06,2026-07-27,BELUM LUNAS,BELUM DIKUNJUNGI
PT SAMUDRA PUSAKA JAYA,Perusahaan,BL-1325-N,ACEH,JL. CUT MEUTIA NO.8 DSN. I KEL. GP PUSONG BARU KOTA LHOKSEUMAWE,85278780000,EU,Kuning - Kendaraan Umum,2024-10-10,2025-10-10,BELUM LUNAS,BELUM DIKUNJUNGI
PT SAMUDRA PUSAKA JAYA,Perusahaan,BL-1318-NB,ACEH,JL. CUT MUTIA NO. 08 KEL. PUSONG BARU KEC. BANDA SAKTI KOTA LHOKS,80000000000,EU,Kuning - Kendaraan Umum,2025-03-10,2025-11-24,BELUM LUNAS,BELUM DIKUNJUNGI
PT SAMUDRA PUSAKA JAYA,Perusahaan,BL-1317-N,ACEH,JL. CUT MEUTIA NO. 8 DUSUN I KEL. PUSONG BARU KEC. BANDA SAKTI KO,811111111,EU,Kuning - Kendaraan Umum,2025-07-28,2026-07-26,BELUM LUNAS,BELUM DIKUNJUNGI
PT SAMUDRA PUSAKA JAYA,Perusahaan,BL-1936-NB,ACEH,JL. CUT MEUTIA 8 DUSUN I KEL. PUSONG BARU KEC. BANDA SAKTI KOTA L,8,EU,Kuning - Kendaraan Umum,2024-10-21,2025-10-18,BELUM LUNAS,BELUM DIKUNJUNGI
PT SAMUDRA PUSAKA JAYA,Perusahaan,BL-1833-NB,ACEH,JL. CUT MUTIA NO. 8 KEL. PUSONG BARU KEC. BANDA SAKTI KOTA LHOKSE,85277401605,EU,Kuning - Kendaraan Umum,2025-07-28,2026-07-27,BELUM LUNAS,BELUM DIKUNJUNGI
PT SAMUDRA PUSAKA JAYA,Perusahaan,BL-1859-NB,ACEH,JL. CUT MEUTIA NO.8 KOTA LHOKSEUMAWE,85371079107,EU,Kuning - Kendaraan Umum,2024-11-20,2025-10-29,BELUM LUNAS,BELUM DIKUNJUNGI
PT SAMUDRA PUSAKA JAYA,Perusahaan,BL-1318-N,ACEH,JL. CUT MEUTIA NO. 08 DUSUN I KEL. PUSONG BARU KEC. BANDA SAKTI K,85277073060,EU,Kuning - Kendaraan Umum,2025-07-18,2026-07-20,BELUM LUNAS,BELUM DIKUNJUNGI
PT SAMUDRA PUSAKA JAYA,Perusahaan,BL-7653-NB,ACEH,JL. CUT MUTIA KEC. BANDA SAKTI KOTA LHOKSEUMAWE,85675425874,EU,Kuning - Kendaraan Umum,2024-08-30,2025-09-04,BELUM LUNAS,BELUM DIKUNJUNGI
PT SAMUDERA PUSAKA JAYA,Perusahaan,BL-1819-NB,ACEH,JL CUT MEUTIA NO.8  LHOKSEUMAWE KEC. BANDA SAKTI KOTA LHOKSEUMAWE,85296005252,EU,Kuning - Kendaraan Umum,2025-02-11,2026-01-16,BELUM LUNAS,BELUM DIKUNJUNGI
PT SAMUDERA PUSAKA JAYA,Perusahaan,BL-1965-NB,ACEH,JL.CUT MEUTIA NO.8,0,EU,Kuning - Kendaraan Umum,2025-06-10,2026-04-30,BELUM LUNAS,BELUM DIKUNJUNGI
PT SAMUDERA PUSAKA JAYA,Perusahaan,BL-7650-NB,ACEH,JL. CUT MUTIA NO. 08 KEL. PUSONG BARU KEC. BANDA SAKTI KOTA LHOKS,85260054555,EU,Kuning - Kendaraan Umum,2025-06-11,2026-05-08,BELUM LUNAS,BELUM DIKUNJUNGI
PT SAMUDERA  PUSAKA JAYA,Perusahaan,BL-1484-NL,ACEH,JL. CUT MUTIA NO. 8 KEL. KOTA LHOKSEUMAWE KEC. BANDA SAKTI KOTA L,8528787800,EU,Kuning - Kendaraan Umum,2025-06-13,2026-04-05,BELUM LUNAS,BELUM DIKUNJUNGI
PT SALAM TRANSPORT,Perusahaan,BL-1877-NB,ACEH,JL. MERDEKA NO. 9 KEL. KEUDE CUNDA KEC. MUARA DUA KOTA LHOKSEUMAW,81111111111,EU,Kuning - Kendaraan Umum,2025-05-15,2026-03-18,BELUM LUNAS,BELUM DIKUNJUNGI
PTSALAM PUSAKA FAMILINDO,Perusahaan,BL-1217-NB,ACEH,JL. MERDEKA NO. 9 CUNDA KEC. MUARA DUA KOTA LHOKSEUMAWE,0,EU,Kuning - Kendaraan Umum,2024-12-27,2025-12-17,BELUM LUNAS,BELUM DIKUNJUNGI
PTSALAM PUSAKA FAMILINDO,Perusahaan,BL-1837-NB,ACEH,JL. MERDEKA NO. 09 CUNDA KEC. MUARA DUA KOTA LHOKSEUMAWE,85260103652,DU,Kuning - Kendaraan Umum,2026-04-17,2026-07-01,BELUM LUNAS,BELUM DIKUNJUNGI
PT SALAM PUSAKA FAMILINDO,Perusahaan,BL-7318-NB,ACEH,JL. MERDEKA NO. 09 KEL. KEUDE CUNDA,85131108093,EU,Kuning - Kendaraan Umum,2024-09-27,2025-09-14,BELUM LUNAS,BELUM DIKUNJUNGI
PT SALAM PUSAKA FAMILINDO,Perusahaan,BL-1626-NB,ACEH,JL. MERDEKA NO. 9 KEL. KEUDE CUNDA KEC. MUARA DUA KOTA LHOKSEUMAW,85260121700,DU,Kuning - Kendaraan Umum,2024-09-20,2025-09-20,BELUM LUNAS,BELUM DIKUNJUNGI
PT SALAM PUSAKA FAMILINDO,Perusahaan,BL-7591-NB,ACEH,JL. MERDEKA NO.9 CUNDA LHOKSEUMAWE,85200000000,EU,Kuning - Kendaraan Umum,2025-01-15,2025-09-07,BELUM LUNAS,BELUM DIKUNJUNGI
PT SALAM PUSAKA FAMILINDO,Perusahaan,BL-1519-NL,ACEH,JL. MERDEKA NO. 9 KEL. KEUDE CUNDA KEC. MUARA DUA KOTA LHOKSEUMAW,81111111111,EU,Kuning - Kendaraan Umum,2025-04-17,2026-03-23,BELUM LUNAS,BELUM DIKUNJUNGI
PT SALAM PUSAKA FAMILINDO,Perusahaan,BL-7321-N,ACEH,DSN. SYAHBANDA LAMA DS. GAMPONG KEUDE CUNDA KEC. MUARA DUA KOTA L,85260121700,EU,Kuning - Kendaraan Umum,2024-10-30,2025-10-24,LUNAS,BELUM DIKUNJUNGI
PT SALAM PUSAKA FAMILINDO,Perusahaan,BL-7302-N,ACEH,JL. MERDEKA NO.9 GMPG KEUDE CUNDA,85260121700,EU,Kuning - Kendaraan Umum,2025-06-16,2026-01-28,BELUM LUNAS,BELUM DIKUNJUNGI
PT SALAM PUSAKA FAMILINDO,Perusahaan,BL-7352-NL,ACEH,JL. MERDEKA NO. 9 KOTA LHOKSEUMAWE KEC BANDA SAKTI KOTA LHOKSEUMA,85215132448,EU,Kuning - Kendaraan Umum,2025-04-22,2025-10-07,BELUM LUNAS,BELUM DIKUNJUNGI
PT SALAM PUSAKA FAMILINDO,Perusahaan,BL-7408-NL,ACEH,JLN. MERDEKA NO.104 KEL. KOTA LHOKSEUMAWE KEC. BANDA SAKTI KOTA L,85260121700,EU,Kuning - Kendaraan Umum,2025-08-26,2026-07-13,BELUM LUNAS,BELUM DIKUNJUNGI
PT SALAM PUSAKA FAMILINDO,Perusahaan,BL-1317-KN,ACEH,"JALAN MEDAN-BANDA ACEH, KOMPLEK TERMINAL LHOKSUKON KEC. LHOKSUKON",85261094984,EU,Kuning - Kendaraan Umum,2025-06-10,2026-05-31,BELUM LUNAS,BELUM DIKUNJUNGI
PT SALAM PUSAKA FAMILINDO,Perusahaan,BL-1268-NB,ACEH,JL. MERDEKA NO. 09 KEL. KEUDE CUNDA KEC. MUARA DUA KOTA LHOKSEUMA,9085277842003,DU,Kuning - Kendaraan Umum,2025-04-28,2025-10-28,BELUM LUNAS,BELUM DIKUNJUNGI
PTRIZKY GAYO UTAMA,Perusahaan,BL-8571-GB,ACEH,KP GUNUNG BALOHEN KEC. KEBAYAKAB KAB. ACEH TENGAH,84522115241,F,Kuning - Kendaraan Umum,2024-12-31,2025-12-27,BELUM LUNAS,BELUM DIKUNJUNGI
PTRIZKY GAYO UTAMA,Perusahaan,BL-8707-GY,ACEH,JL..ABDURRAHMAN DUSUN BURJANGKAR KEL.MONGAL,81173032010,F,Kuning - Kendaraan Umum,2026-01-19,2026-07-28,BELUM LUNAS,BELUM DIKUNJUNGI
PT RIZKY GAYO UTAMA,Perusahaan,BL-8882-G,ACEH,DS.GUNUNG BALOHEN KEC. KEBAYAKAN KAB. ACEH TENGAH,85278780000,F,Kuning - Kendaraan Umum,2025-08-07,2026-06-24,BELUM LUNAS,BELUM DIKUNJUNGI
PT RIZKY GAYO UTAMA,Perusahaan,BL-8771-GY,ACEH,JALAN ABDURRAHMAN DUSUN BUR JANGKAR KAMPUNG MONGAL KEC. BEBESEN K,0,F,Kuning - Kendaraan Umum,2025-08-21,2026-07-06,BELUM LUNAS,BELUM DIKUNJUNGI
PT RIZKY GAYO UTAMA,Perusahaan,BL-8697-GP,ACEH,JL ABDUL RAHMAN DUSUN. BUR JANGKAR KEL. MONGAL KEC. BEBESEN KAB.,81360210078,F,Kuning - Kendaraan Umum,2024-10-31,2025-10-25,BELUM LUNAS,BELUM DIKUNJUNGI
PTRIZKI LINGE LESTARI,Perusahaan,BL-1659-GC,ACEH,JL.YOS SUDARSO LR.LESTARI KAMPUNG BLANG KOLAK II KEC. BEBESEN KAB,85277340000,DP,Hitam - Kendaraan Pribadi,2025-06-24,2026-04-15,BELUM LUNAS,BELUM DIKUNJUNGI
PTRIZKI LINGE LESTARI,Perusahaan,BL-3184-GAB,ACEH,DS. BLANG KOLAK II KEC. BEBESEN KAB. ACEH TENGAH,85260019732,C1,Hitam - Kendaraan Pribadi,2025-03-24,2026-04-22,BELUM LUNAS,BELUM DIKUNJUNGI
PTRIZKI LINGE LESTARI,Perusahaan,BL-1656-GC,ACEH,DS BLANG KOLAK II KEC. BEBESEN KAB. ACEH TENGAH,85277340000,DP,Hitam - Kendaraan Pribadi,2025-11-19,2026-04-15,BELUM LUNAS,BELUM DIKUNJUNGI
PT RASYA TAMBON PRATAMA,Perusahaan,BL-8683-KC,ACEH,JL. MEDAN - B. ACEH DSN. I GP. TAMBON BAROH,85260121700,F,Kuning - Kendaraan Umum,2025-07-23,2026-01-22,LUNAS,BELUM DIKUNJUNGI
PT RASYA TAMBON PRATAMA,Perusahaan,BL-8621-KS,ACEH,JL. MEDAN - BANDA ACEH DUSUN 1 KEL. TAMBON BAROH KEC. DEWANTARA K,85261115931,F,Kuning - Kendaraan Umum,2025-08-05,2026-03-14,BELUM LUNAS,BELUM DIKUNJUNGI
PT RASYA TAMBON PRATAMA,Perusahaan,BL-8706-KC,ACEH,JL.BANDA ACEH-MEDAN KM.260 NO.57 KEL.TAMBON BAROH KEC.DEWANTARA K,85260121700,F,Kuning - Kendaraan Umum,2025-05-28,2026-03-22,LUNAS,BELUM DIKUNJUNGI
PT RASYA TAMBON PRATAMA,Perusahaan,BL-8557-KU,ACEH,JLN. MEDAN B ACEH NO. 48 TAMBON BAROH KEC. DEWANTARA KAB. ACEH UT,85277324673,F,Kuning - Kendaraan Umum,2025-08-05,2026-05-02,BELUM LUNAS,BELUM DIKUNJUNGI
PT RASYA TAMBON PRATAMA,Perusahaan,BL-8559-KU,ACEH,JL. MEDAN-BANDA ACEH NO. 48 KEL. TAMBON BAROH KEC. DEWANTARA KAB.,85277324673,F,Kuning - Kendaraan Umum,2025-08-05,2026-05-02,BELUM LUNAS,BELUM DIKUNJUNGI
PT RASYA TAMBON PRATAMA,Perusahaan,BL-8680-KC,ACEH,JL. MEDAN - B. ACEH DSN. I GP. TAMBON BAROH,85260121700,F,Kuning - Kendaraan Umum,2025-07-23,2026-01-22,BELUM LUNAS,BELUM DIKUNJUNGI
PT RAJA KONTRUKSI INDONESIA,Perusahaan,BL-8728-ZP,ACEH,DSN DAMAI KEL. PULO ARA GEUDONG TEUNGOH KEC. KOTA JUANG KAB. BIRE,0,F,Kuning - Kendaraan Umum,2025-05-06,2026-03-31,BELUM LUNAS,BELUM DIKUNJUNGI
PT RAHMATTAMITA SABENA,Perusahaan,BL-8527-ZH,ACEH,JL.BANDA ACEH-MEDAN SIMPANG MATANG KEC SAMALANGA KAB BIREUEN,82361815016,F,Kuning - Kendaraan Umum,2024-10-15,2025-10-15,BELUM LUNAS,BELUM DIKUNJUNGI
PT RAHMAT TAMITA SABENA,Perusahaan,BL-8758-Z,ACEH,JL. MEDAN - B. ACEHNO. 02 DS MATANG WAKEUH KEC. SAMALANGA KAB. BI,82364644268,F,Kuning - Kendaraan Umum,2024-12-24,2026-01-28,BELUM LUNAS,BELUM DIKUNJUNGI
PT RAHMAT TAMITA SABENA,Perusahaan,BL-8940-ZK,ACEH,JLN. MEDAN - B. ACEH NO.02 DS. MATANG WAKEUH KEC. SAMALANGA KAB.,85207898282,F,Kuning - Kendaraan Umum,2024-08-19,2025-08-18,LUNAS,BELUM DIKUNJUNGI
PT RAHMAT TAMITA SABENA,Perusahaan,BL-8832-ZY,ACEH,JLN.MEDAN B.ACEH DESA MATANG WAKEUH KEC. SAMALANGA KAB. BIREUEN,82367290969,F,Kuning - Kendaraan Umum,2024-11-25,2025-11-29,BELUM LUNAS,BELUM DIKUNJUNGI
PT RAHMAT SEJAHTERA INDAH,Perusahaan,BL-8840-ZP,ACEH,JL. PEUTUA IMUM PUTEH KEL.JULI SEUTUY JULI KAB BIREUEN,0,F,Kuning - Kendaraan Umum,2025-06-16,2026-02-21,BELUM LUNAS,BELUM DIKUNJUNGI
PT RAHMAT HIDAYAT PASEE,Perusahaan,BL-8549-KT,ACEH,DUSUN UJUNG BLANG KEL. BUKET JRAT MANYANG KEC. TANAH JAMBO AYE KA,0,F,Kuning - Kendaraan Umum,2025-07-08,2026-06-19,LUNAS,BELUM DIKUNJUNGI
PT RAHMAD SEJATERA INDAH,Perusahaan,BL-8876-Z,ACEH,JL. PETUA IMUM PUTEH GP. JULI SEUTUY KEC. JULI KAB. BIREUEN,0,F,Kuning - Kendaraan Umum,2025-11-18,2026-03-07,BELUM LUNAS,BELUM DIKUNJUNGI
PT RAHMAD SEJAHTERA INDAHHERI UTOMO,Perusahaan,BL-8640-ZT,ACEH,JL PETUA IMUM PUTEH GP JULI SEUTUY KEC. JULI KAB. BIREUEN,0,F,Kuning - Kendaraan Umum,2024-12-24,2025-10-11,BELUM LUNAS,BELUM DIKUNJUNGI
PTRAHMAD SEJAHTERA INDAH,Perusahaan,BL-8533-ZT,ACEH,JL. PETUA IMUM PUTEH GAMPONG JULI SEUTUY KEC. JULI KAB. BIREUEN,85277238835,F,Kuning - Kendaraan Umum,2025-06-02,2026-05-03,BELUM LUNAS,BELUM DIKUNJUNGI
PTRAHMAD SEJAHTERA INDAH,Perusahaan,BL-8533-ZK,ACEH,GAMPONG JULI SEUTUY KEC. JULI KAB. BIREUEN,85262437378,F,Kuning - Kendaraan Umum,2025-02-28,2026-02-24,BELUM LUNAS,BELUM DIKUNJUNGI
PTRAHMAD SEJAHTERA INDAH,Perusahaan,BL-8610-ZT,ACEH,GAMPONG JULI SEUTUY KEC. JULI KAB. BIREUEN,85211080505,F,Kuning - Kendaraan Umum,2025-01-07,2025-12-11,BELUM LUNAS,BELUM DIKUNJUNGI
PTRAHMAD SEJAHTERA INDAH,Perusahaan,BL-8785-ZK,ACEH,JL.PETUA IMUM PUTEH GP JULI SEUTUY KEC. JULI KAB. BIREUEN,85277237418,F,Kuning - Kendaraan Umum,2025-09-04,2026-07-24,BELUM LUNAS,BELUM DIKUNJUNGI
PTRAHMAD SEJAHTERA INDAH,Perusahaan,BL-8999-Z,ACEH,JL.PETUA IMUM PUTEH GP.JULI SEUTUY KEC. JULI KAB. BIREUEN,85521258122,F,Kuning - Kendaraan Umum,2025-05-08,2026-03-10,BELUM LUNAS,BELUM DIKUNJUNGI
PT RAHMAD SEJAHTERA INDAH,Perusahaan,BL-8804-ZP,ACEH,DSN. JEUMPA PUTEH KEL. JULI SEUTUY,81360106673,F,Kuning - Kendaraan Umum,2024-09-30,2025-09-28,BELUM LUNAS,BELUM DIKUNJUNGI
PT RAHMAD SEJAHTERA INDAH,Perusahaan,BL-8922-Z,ACEH,JL. PETUA IMUM PUTEH GMPG JULI SEUTUY KEC. JULI KAB. BIREUEN,81269095070,F,Kuning - Kendaraan Umum,2025-07-10,2026-07-12,BELUM LUNAS,BELUM DIKUNJUNGI
PT RAHMAD SEJAHTERA INDAH,Perusahaan,BL-8624-ZP,ACEH,JL PEUTUA IMUM PUTEH DS. JULI SEUTUY KEC. JULI KAB. BIREUEN,82768021648,F,Kuning - Kendaraan Umum,2026-04-02,2026-07-27,BELUM LUNAS,BELUM DIKUNJUNGI
PT RAHMAD SEJAHTERA INDAH,Perusahaan,BL-8861-ZP,ACEH,JL.PETUA IMUM PUTEH KEL. JULI SEUTUY KEC. JULI KAB. BIREUEN,0,F,Kuning - Kendaraan Umum,2025-09-19,2026-01-26,BELUM LUNAS,BELUM DIKUNJUNGI
PT RAHMAD SEJAHTERA INDAH,Perusahaan,BL-8801-Z,ACEH,JL.PETUA IMUM PUTEH GP. JULI SEUTUY KEC. JULI KAB. BIREUEN,85211740358,F,Kuning - Kendaraan Umum,2025-05-15,2026-05-05,BELUM LUNAS,BELUM DIKUNJUNGI
PT RAHMAD SEJAHTERA INDAH,Perusahaan,BL-8742-ZP,ACEH,JL. PETUA IMUM PUTEH DS. JULI SEUTUY KEC. JULI KAB. BIREUEN,85275323586,F,Kuning - Kendaraan Umum,2025-11-20,2026-06-25,BELUM LUNAS,BELUM DIKUNJUNGI
PT RAHMAD SEJAHTERA INDAH,Perusahaan,BL-8602-ZT,ACEH,JL. PETUA IMUM PUTEH DS. JULI SEUTUY KEC. JULI KAB. BIREUEN,85256211111,F,Kuning - Kendaraan Umum,2025-07-25,2026-07-31,LUNAS,BELUM DIKUNJUNGI
PT RAHMAD SEJAHTERA INDAH,Perusahaan,BL-8879-ZP,ACEH,DESA JULI SEUTUY KEC. JULI KAB. BIREUEN,0,F,Kuning - Kendaraan Umum,2025-06-26,2026-03-31,BELUM LUNAS,BELUM DIKUNJUNGI
PT RAHMAD SEJAHTERA INDAH,Perusahaan,BL-8930-Z,ACEH,JL. PETUA IMUM PUTEH KEL.JULI SEUTUY KEC JULI KAB BIREUEN,85277771031,F,Kuning - Kendaraan Umum,2025-07-16,2026-07-11,BELUM LUNAS,BELUM DIKUNJUNGI
PT RAHMAD SEJAHTERA INDAH,Perusahaan,BL-8662-Z,ACEH,JL. PETUA IMUM PUTEH DS. JULI SEUTUY KEC. JULI KAB. BIREUEN,85260503645,F,Kuning - Kendaraan Umum,2024-12-10,2025-12-10,BELUM LUNAS,BELUM DIKUNJUNGI
PT RAHMAD SEJAHTERA INDAH,Perusahaan,BL-8983-ZK,ACEH,JLN. PETUA IMUM PUTEH GP. JULI SEUTUY KEC. JULI KAB. BIREUEN,8520000000,F,Kuning - Kendaraan Umum,2026-04-04,2026-05-08,BELUM LUNAS,BELUM DIKUNJUNGI
PT RAHMAD SEJAHTERA INDAH,Perusahaan,BL-8914-ZP,ACEH,JL. PETUA IMUM PUTEH DS. JULI SEUTUY KEC. JULI KAB. BIREUEN,0,F,Kuning - Kendaraan Umum,2025-07-08,2026-04-18,BELUM LUNAS,BELUM DIKUNJUNGI
PT RAHMAD SEJAHTERA INDAH,Perusahaan,BL-8960-Z,ACEH,JL. PEUTUA IMUM PUTEH KEL. JULI SEUTUY KEC JULI KAB BIREUEN,85277238835,F,Kuning - Kendaraan Umum,2025-01-16,2026-01-16,BELUM LUNAS,BELUM DIKUNJUNGI
PT RAHMAD SEJAHTERA INDAH,Perusahaan,BL-8599-Z,ACEH,JL. PETUA IMUM PUTEH GP. JULI SEUTUY KEC. JULI KAB. BIREUEN,85277238835,F,Kuning - Kendaraan Umum,2025-02-07,2026-01-08,BELUM LUNAS,BELUM DIKUNJUNGI
PT RAHMAD SEJAHTERA INDAH,Perusahaan,BL-8522-ZK,ACEH,JL.PETUA IMUM PUTEH DS JULI SEUTUY KEC JULI KAB BIREUEN,81324567800,F,Kuning - Kendaraan Umum,2025-09-16,2026-07-25,BELUM LUNAS,BELUM DIKUNJUNGI
PT RAHMAD SEJAHTERA INDAH,Perusahaan,BL-8821-ZK,ACEH,GAMPONG JULI SEUTUY KEC. JULI KAB. BIREUEN,85222238835,F,Kuning - Kendaraan Umum,2024-12-02,2025-11-30,BELUM LUNAS,BELUM DIKUNJUNGI
PT RAHMAD SEJAHTERA INDAH,Perusahaan,BL-8408-ZZ,ACEH,DESA JULI SEUTUY KEC. JULI KAB. BIREUEN,85277238835,F,Hitam - Kendaraan Pribadi,2025-03-19,2026-03-22,BELUM LUNAS,BELUM DIKUNJUNGI
PT RAHMAD SEJAHTERA INDAH,Perusahaan,BL-8604-ZT,ACEH,JL. PETUA IMUM PUTEH GP.JULI SEUTUY KEC. JULI KAB. BIREUN,85277238835,F,Kuning - Kendaraan Umum,2024-11-11,2025-10-25,BELUM LUNAS,BELUM DIKUNJUNGI
PT RAHMAD SEJAHTERA INDAH,Perusahaan,BL-8551-ZE,ACEH,JL. PETUA IMUM PUTEH DS. JULI SEUTUY KEC. JULI KAB. BIREUEN,85277401113,F,Kuning - Kendaraan Umum,2025-02-03,2025-12-31,BELUM LUNAS,BELUM DIKUNJUNGI
PT RAHMAD SEJAHTERA INDAH,Perusahaan,BL-8509-ZK,ACEH,JL. PETUA IMUM PUTEH DS. JULI SEUTUY KEC. JULI KAB. BIREUEN,85260382859,F,Kuning - Kendaraan Umum,2024-12-23,2025-12-14,BELUM LUNAS,BELUM DIKUNJUNGI
PT RAFLI SABANG,Perusahaan,BL-8557-KT,ACEH,JL. KRUENG MANE-SAWANG PASAR INPRES KRUENG MANE KEL KEUDE MANE KE,8,F,Kuning - Kendaraan Umum,2024-09-18,2025-09-20,BELUM LUNAS,BELUM DIKUNJUNGI
PT RAFLI SABANG,Perusahaan,BL-8541-KT,ACEH,JL KRUENG MANE-SAWANG PASAR INPRES KRUENG MANE KEL KEUDE MANE KEC,85212521212,F,Kuning - Kendaraan Umum,2025-02-17,2025-12-21,BELUM LUNAS,BELUM DIKUNJUNGI
PT RAFLI SABANG,Perusahaan,BL-8542-KT,ACEH,JL KRUENG MANE-SAWANG PASAR INPRES KRUENG MANE KEL KEUDE MANE KEC,81108055506,F,Kuning - Kendaraan Umum,2025-01-07,2025-12-30,BELUM LUNAS,BELUM DIKUNJUNGI
PT RAFFI MANDIRI PERKASA,Perusahaan,BL-8560-ZK,ACEH,JL. BIREUEN TAKENGON GP. JULI COT MESJID KEC. JULI KAB. BIREUEN,85277238835,F,Kuning - Kendaraan Umum,2025-07-08,2026-07-12,BELUM LUNAS,BELUM DIKUNJUNGI
PT RAFFI MANDIRI PERKASA,Perusahaan,BL-8670-ZY,ACEH,JL BARU TAKENGON DS JULI COT MESJID KEC JULI KAB BIREUEN,85277238835,F,Kuning - Kendaraan Umum,2025-03-13,2026-03-14,LUNAS,BELUM DIKUNJUNGI
PTPUTRA OGAMI JAYA,Perusahaan,BL-8442-KU,ACEH,JL.WADUEK KRUENG KEURUTOE BLANG PANTE KEC. PAYA BAKONG KAB. ACEH,82363320533,F,Hitam - Kendaraan Pribadi,2025-06-30,2026-07-19,BELUM LUNAS,BELUM DIKUNJUNGI
PT PUTRA OGAMI JAYA,Perusahaan,BL-8224-KT,ACEH,JL.WADUEK KRUENG KEURUTOE BLANG PANTE PAYA BAKONG KAB. ACEH UTARA,8,DP,Hitam - Kendaraan Pribadi,2025-09-11,2026-07-25,BELUM LUNAS,BELUM DIKUNJUNGI
PT PUTRA JAYA MOBIL,Perusahaan,BL-8823-ZP,ACEH,JL. MEDAN-B. BANDA ACEH DS. KEUDE MATANG GEULUMPANG DUA KEC. PEUS,0,F,Kuning - Kendaraan Umum,2025-02-10,2026-02-09,BELUM LUNAS,BELUM DIKUNJUNGI
PT PUTRA JAYA MOBIL,Perusahaan,BL-8826-ZP,ACEH,JLN. MEDAN-BANDA ACEH KEL. KEUDE MATANG GLUMPANG DUA KEC. PEUSANG,80000000000,F,Kuning - Kendaraan Umum,2025-02-03,2026-01-19,BELUM LUNAS,BELUM DIKUNJUNGI
PT PUTRA BAKRI PERSADA,Perusahaan,BL-8576-KU,ACEH,JLN. COT GIREK MNS BLANG MATANG UBI,85211107161,F,Kuning - Kendaraan Umum,2024-10-11,2025-10-06,LUNAS,BELUM DIKUNJUNGI
PT PUPUK ISKANDAR MUDA PERSERO,Perusahaan,BL-9201-KS,ACEH,JL. MEDAN-B. ACEH PO BOX 21 KEC. DEWANTARA KAB. ACEH UTARA,81111111111,DP,Hitam - Kendaraan Pribadi,2025-06-25,2026-03-27,BELUM LUNAS,BELUM DIKUNJUNGI
PTPUPUK ISKANDAR MUDA,Perusahaan,BL-1982-NS,ACEH,JL MEDAN B.ACEH KRUENG GEUKUEH,0,DP,Hitam - Kendaraan Pribadi,2025-06-23,2026-06-22,BELUM LUNAS,BELUM DIKUNJUNGI
PT PUPUK ISKANDAR MUDA,Perusahaan,BL-7167-KB,ACEH,JL. MEDAN - B. ACEH KRUENG GEUKEUH,80000000000,EP,Hitam - Kendaraan Pribadi,2024-11-26,2025-10-16,BELUM LUNAS,BELUM DIKUNJUNGI
PT PUPUK ISKANDAR MUDA,Perusahaan,BL-8301-KE,ACEH,JL. MEDAN - BANDA ACEH,80000000000,F,Hitam - Kendaraan Pribadi,2024-12-06,2025-10-19,BELUM LUNAS,BELUM DIKUNJUNGI
PT PUJI SARI NIAGA PSN,Perusahaan,BL-8749-ZP,ACEH,JL.MEDAN-B.ACEH DSN BLANG RAYA KEL.BIR MNS BLANG KEC.KOTA JUANG K,0,F,Kuning - Kendaraan Umum,2025-09-01,2026-07-14,BELUM LUNAS,BELUM DIKUNJUNGI
PT PUJI SARI NIAGA  PSN,Perusahaan,BL-8580-ZP,ACEH,JL. MEDAN-B. ACEH DSN. BLANG RAYA DS. BIR MNS BLANG KEC. KOTA JUA,81362687666,F,Kuning - Kendaraan Umum,2025-09-01,2026-07-11,LUNAS,BELUM DIKUNJUNGI
PTPUJI SARI NIAGA,Perusahaan,BL-8738-ZP,ACEH,DSN BLANG RAYA KEL.BIREUEN MNS BLANG KEC.KOTA JUANG KAB.BIREUEN,81362687666,F,Kuning - Kendaraan Umum,2025-06-03,2026-06-06,LUNAS,BELUM DIKUNJUNGI
PTPUJI SARI NIAGA,Perusahaan,BL-8659-ZP,ACEH,JLN. MEDAN - BANDA ACEH DSN BLANG RAYA KEL. BIREUEN MNS BLANG KEC,81362687666,F,Kuning - Kendaraan Umum,2025-08-13,2026-07-29,LUNAS,BELUM DIKUNJUNGI
PT PUJI SARI NIAGA,Perusahaan,BL-8743-ZP,ACEH,JLN. MEDAN -B. ACEH DSN. BLANG RAYA DS. MNS BLANG KEC. KOTA JUANG,81362687666,F,Kuning - Kendaraan Umum,2025-07-01,2026-07-01,LUNAS,BELUM DIKUNJUNGI
PT PUJI SARI NIAGA,Perusahaan,BL-8658-ZP,ACEH,JLN MEDAN BANDA ACEH DSN BLANG RAYA KEL. BIREUEN MNS BLANG KEC. K,81362687666,F,Kuning - Kendaraan Umum,2025-08-13,2026-07-29,LUNAS,BELUM DIKUNJUNGI
PT PUJI SARI NIAGA,Perusahaan,BL-8744-ZP,ACEH,JL. MEDAN - B. ACEH DSN. BLANG RAYA DS. MNS BLANG KEC. KOTA JUANG,0,F,Kuning - Kendaraan Umum,2025-08-06,2026-07-01,LUNAS,BELUM DIKUNJUNGI
PT PUJI SARI NIAGA,Perusahaan,BL-8643-ZP,ACEH,JL. MEDAN-B. ACEH DSN. BLANG RAYA DS. BIREUEN MEUNASAH BLANG KEC.,81362687666,F,Kuning - Kendaraan Umum,2024-12-23,2025-12-22,LUNAS,BELUM DIKUNJUNGI
PT PUJI SARI NIAGA,Perusahaan,BL-8661-ZP,ACEH,JL. MEDAN-B. ACEH DSN. BLANG RAYA DS. BIREUEN MEUNASAH BLANG KEC.,81362687666,F,Kuning - Kendaraan Umum,2024-10-09,2025-09-29,BELUM LUNAS,BELUM DIKUNJUNGI
PT PUJI SARI NIAGA,Perusahaan,BL-8531-ZT,ACEH,JL. MEDAN-B. ACEH DSN. BLANG RAYA DS. BIREUEN MEUNASAH BLANG KEC.,81362687666,F,Kuning - Kendaraan Umum,2025-06-17,2026-06-15,LUNAS,BELUM DIKUNJUNGI
PT PRO CAR INTERNASIONAL,Perusahaan,BL-1488-NP,ACEH,JL. SAMUDERA BARU NO. 09B KEL. SIMPANG EMPAT KEC. BANDA SAKTI KOT,82278540559,DP,Hitam - Kendaraan Pribadi,2025-05-09,2025-12-19,BELUM LUNAS,BELUM DIKUNJUNGI
PT PEUSANGAN JAYA GROUP,Perusahaan,BL-8920-ZY,ACEH,JL. MEDAN-B. ACEH DS. COT GAPU KEC. KOTA JUANG KAB. BIREUEN,85360978776,F,Kuning - Kendaraan Umum,2025-02-04,2026-01-28,BELUM LUNAS,BELUM DIKUNJUNGI
PT PERTAMINA PATRA NIAGA,Perusahaan,BL-9206-N,ACEH,JALAN SAMUDERA NOMOR 2 KEL. HAGU TEUNGOH KEC. BANDA SAKTI KOTA LH,8,A,Hitam - Kendaraan Pribadi,2025-05-28,2026-05-23,BELUM LUNAS,BELUM DIKUNJUNGI
PTPERSEROPELABUHAN INDO I CAB LHO,Perusahaan,BL-1603-NH,ACEH,JLN. PELABUHAN UMUM KRUENG GEUKUEH KEC. MUARA SATU KOTA LHOKSEUMA,82275735127,DP,Hitam - Kendaraan Pribadi,2026-02-24,2026-07-08,BELUM LUNAS,BELUM DIKUNJUNGI
PTPERSADA GROUP,Perusahaan,BL-8781-KU,ACEH,JL.PLN KOTA PANTON LABU KEC TANAH JAMBO AYE KAB ACEH UTARA,81360010005,F,Kuning - Kendaraan Umum,2024-12-09,2025-12-11,BELUM LUNAS,BELUM DIKUNJUNGI
PT PEMVAD KHARISMA,Perusahaan,BL-8987-Z,ACEH,JL. B. ACEH - MEDAN KEL. GP. MATANG SAGOE KEC. PEUSANGAN KAB. BIR,85362376237,F,Kuning - Kendaraan Umum,2024-09-13,2025-08-08,LUNAS,BELUM DIKUNJUNGI
PTPELAYARAN NASIONAL INDONESIA,Perusahaan,BL-1395-NV,ACEH,JL.MERDEKA NO.72. KEC.BANDA SAKTI KOTA LHOKSEUMAWE,85277817521,DP,Hitam - Kendaraan Pribadi,2025-10-30,2026-07-11,BELUM LUNAS,BELUM DIKUNJUNGI
PTPASHA JAYA,Perusahaan,BL-8722-NB,ACEH,JL.MEDAN B.ACEH BATUPHAT,812693544,F,Kuning - Kendaraan Umum,2025-05-14,2026-05-12,LUNAS,BELUM DIKUNJUNGI
PT PASEE MAJU BERSAMA,Perusahaan,BL-8992-KU,ACEH,JL. PENDIDIKAN DUSUN TGK. TANJONG GAMPONG MATANG DRIEN,85214524152,F,Kuning - Kendaraan Umum,2025-07-23,2026-07-24,LUNAS,BELUM DIKUNJUNGI
PTPANGGOI JAYA ABADI,Perusahaan,BL-8613-NP,ACEH,DUSUN A BAHAGIA KEL. PANGGOI KEC. MUARA DUA KOTA LHOKSEUMAWE,81360145337,F,Kuning - Kendaraan Umum,2025-08-25,2026-04-04,BELUM LUNAS,BELUM DIKUNJUNGI
PTPANGGOI JAYA ABADI,Perusahaan,BL-8721-N,ACEH,JL.BANDA ACEH - MEDAN NO.60 DUSUN.A BAHAGIA KEL PANGGOI KEC MUARA,823456567,F,Kuning - Kendaraan Umum,2025-07-09,2026-07-10,BELUM LUNAS,BELUM DIKUNJUNGI
PT PANGGOI JAYA ABADI,Perusahaan,BL-8611-NB,ACEH,DUSUN A BAHAGIA KEL. PANGGOI,81360145337,F,Kuning - Kendaraan Umum,2025-07-16,2026-05-21,BELUM LUNAS,BELUM DIKUNJUNGI
PT PANGGOI JAYA ABADI,Perusahaan,BL-8816-NH,ACEH,JL. BANDA ACEH-MEDAN NO. 60 KEL. COT PANGGOI KEC. MUARA DUA KOTA,81360145337,F,Kuning - Kendaraan Umum,2025-09-22,2026-05-25,LUNAS,BELUM DIKUNJUNGI
PT PANGGOI JAYA ABADI,Perusahaan,BL-8563-NP,ACEH,JL MEDAN-B.ACEH KEL PANGGOI,81360145337,F,Kuning - Kendaraan Umum,2024-11-04,2025-10-13,BELUM LUNAS,BELUM DIKUNJUNGI
PT PANGGOI JAYA ABADI,Perusahaan,BL-8873-NL,ACEH,"JL.B.ACEH-MDN, DSN A BAHAGIA PANGGOI KEL.PANGGOI",85260121700,F,Kuning - Kendaraan Umum,2024-12-18,2025-11-28,BELUM LUNAS,BELUM DIKUNJUNGI
PT PANGGOI JAYA ABADI,Perusahaan,BL-8945-NH,ACEH,JL. BANDA ACEH - MEDAN NO.60 KEL PANGGOI KEC. MUARA DUA KOTA LHOK,81360145337,F,Kuning - Kendaraan Umum,2025-05-27,2026-05-25,BELUM LUNAS,BELUM DIKUNJUNGI
PT PANGGOI JAYA ABADI,Perusahaan,BL-8861-NL,ACEH,JL. B. ACEH - MEDAN NO. 60 DSN A. BAHAGIA KEL PANGGOI,81360145337,F,Kuning - Kendaraan Umum,2024-11-12,2025-11-07,BELUM LUNAS,BELUM DIKUNJUNGI
PTPANCA KARYA PERKASA,Perusahaan,BL-8723-KS,ACEH,DSN TGK.DI COT DS.MANE TUNONG,81103113112,F,Kuning - Kendaraan Umum,2025-11-22,2026-07-27,BELUM LUNAS,BELUM DIKUNJUNGI
PTPANCA KARYA PERKASA,Perusahaan,BL-8671-KS,ACEH,DUSUN TGK. DI COT KEL. MANE TUNONG KEC. MUARA BATU KAB. ACEH UTAR,8523532323,F,Kuning - Kendaraan Umum,2025-05-23,2026-05-24,BELUM LUNAS,BELUM DIKUNJUNGI
PT PANCA KARYA PERKASA,Perusahaan,BL-8740-KS,ACEH,DSN. TGK DI COT MANE TUNONG,85362189299,F,Kuning - Kendaraan Umum,2024-12-30,2025-12-29,BELUM LUNAS,BELUM DIKUNJUNGI
PT PANCA KARYA PERKASA,Perusahaan,BL-8529-NW,ACEH,DUSUN TGK. DI COT KEL. MANE TUNONG KEC. MUARA BATU KAB. ACEH UTAR,8520000000,F,Kuning - Kendaraan Umum,2025-04-28,2026-04-27,BELUM LUNAS,BELUM DIKUNJUNGI
PT PANCA KARYA PERKASA,Perusahaan,BL-8595-KU,ACEH,DSN TGK. DI COT GAMPONG MANE TUNONG,85260452211,F,Kuning - Kendaraan Umum,2025-07-29,2026-07-29,BELUM LUNAS,BELUM DIKUNJUNGI
PT PANCA KARYA PERKASA,Perusahaan,BL-8634-KS,ACEH,DUSUN TGK DI COT,85260121700,F,Kuning - Kendaraan Umum,2024-08-13,2025-08-11,LUNAS,BELUM DIKUNJUNGI
PT PANCA KARYA PERKASA,Perusahaan,BL-8506-NH,ACEH,DUSUN TGK DI COT KEL. MANE TUNONG KEC. MUARA BATU KAB. ACEH UTARA,82367981092,F,Kuning - Kendaraan Umum,2024-11-01,2025-10-04,BELUM LUNAS,BELUM DIKUNJUNGI
PT PANCA KARYA PERKASA,Perusahaan,BL-8895-KU,ACEH,DSN TGK. COT GAMPONG MANE TUNONG,82155402130,F,Kuning - Kendaraan Umum,2025-07-10,2026-06-26,BELUM LUNAS,BELUM DIKUNJUNGI
PTNUSA INDAH ABADIJAYA,Perusahaan,BL-1797-NB,ACEH,JL.SYAMSYUDDIN AS SUMANTRANI NO.76,81362009595,EU,Kuning - Kendaraan Umum,2025-06-11,2025-11-15,BELUM LUNAS,BELUM DIKUNJUNGI
PTNUSA INDAH ABADI JAYA,Perusahaan,BL-1917-NB,ACEH,JL. SYEEH SYAMSUDDIN AS SUMATRANI NO. 76 KEL. MON GEUDONG KEC. BA,81361527719,EU,Kuning - Kendaraan Umum,2025-06-02,2026-05-29,BELUM LUNAS,BELUM DIKUNJUNGI
PT NUSA INDAH ABADI JAYA,Perusahaan,BL-1891-N,ACEH,JL. SYECH SYAMSUDDIN AS SUMATRANI NO.76 KEL. MON GEUDONG KEC. BAN,85260232263,EU,Kuning - Kendaraan Umum,2025-05-19,2026-05-18,BELUM LUNAS,BELUM DIKUNJUNGI
PTNURI JAYA TRANSPORT,Perusahaan,BL-1760-NB,ACEH,JL.MERDEKA 73 MON GEUDONG,85296134435,EU,Kuning - Kendaraan Umum,2025-05-16,2026-05-17,BELUM LUNAS,BELUM DIKUNJUNGI
PT NURI JAYA TRANSPORT,Perusahaan,BL-7613-NB,ACEH,KOMPLEK TERMINAL BUS NO. 22 KEL. MON GEUDONG KEC. BANDA SAKTI KOT,0,EU,Kuning - Kendaraan Umum,2024-10-03,2025-10-03,BELUM LUNAS,BELUM DIKUNJUNGI
PT NURI JAYA TRANSPORT,Perusahaan,BL-7001-KS,ACEH,JLN. MEDAN-BANDA ACEH KEC. LHOKSUKON KAB. ACEH UTARA,85276040403,EU,Kuning - Kendaraan Umum,2024-10-14,2025-10-23,BELUM LUNAS,BELUM DIKUNJUNGI
PT NURI JAYA TRANSPORT,Perusahaan,BL-1609-NB,ACEH,JL. MERDEKA BARAT NO. 22 KOMP. TERMINAL KEL. MON GEUDONG KEC. BAN,85263258526,DU,Kuning - Kendaraan Umum,2025-12-22,2026-03-31,BELUM LUNAS,BELUM DIKUNJUNGI
PT NURI JAYA TRANSPORT,Perusahaan,BL-1706-NB,ACEH,JL. MERDEKA NO. 73 KEL. MON GEUDONG KEC. BANDA SAKTI KOTA LHOKSEU,85260121700,EU,Kuning - Kendaraan Umum,2025-08-01,2026-07-23,BELUM LUNAS,BELUM DIKUNJUNGI
PT NURI JAYA TRANSPORT,Perusahaan,BL-7475-NL,ACEH,JL MERDEKA BARAT NO 22 KOMP TERMINAL BUS MON GEUDONG,85260121700,EU,Kuning - Kendaraan Umum,2024-12-03,2025-10-19,BELUM LUNAS,BELUM DIKUNJUNGI
PT NIAGA GAS,Perusahaan,BL-8741-N,ACEH,JL. DARUSSALAM NO.06 GAMPONG UJONG BLANG,81269636363,F,Kuning - Kendaraan Umum,2025-03-11,2025-12-28,BELUM LUNAS,BELUM DIKUNJUNGI
PTNAKHLA SAMPURNA,Perusahaan,BL-8540-Z,ACEH,JLN PROF A MAJID NO.40 KEL. BANDAR BIREUEN KEC. KOTA JUANG KAB. B,85260328395,F,Kuning - Kendaraan Umum,2025-12-15,2026-04-06,BELUM LUNAS,BELUM DIKUNJUNGI
PTNAKHLA SAMPURNA,Perusahaan,BL-9504-Z,ACEH,JL.PROF.A MAJID IBRAHIM NO.40 KEL. BANDAR BIREUEN KEC. KOTA JUANG,85260009027,F,Kuning - Kendaraan Umum,2025-07-29,2026-07-18,LUNAS,BELUM DIKUNJUNGI
PT NAKHLA SAMPURNA,Perusahaan,BL-8656-ZK,ACEH,JLN. PROF A MAJID NO. 40 GP BANDAR BIREUEN KEC. KOTA JUANG KAB. B,85260916569,F,Kuning - Kendaraan Umum,2025-10-01,2026-05-14,BELUM LUNAS,BELUM DIKUNJUNGI
PT NAKHLA SAMPURNA,Perusahaan,BL-8629-ZT,ACEH,JL PROEF A MAJID IBRAHIM NO 40 DS. BANDAR BIREUEN KEC. KOTA JUANG,0,F,Kuning - Kendaraan Umum,2025-07-04,2026-04-03,BELUM LUNAS,BELUM DIKUNJUNGI
PT MUTIARA JAYA EXSPRES,Perusahaan,BL-8685-GB,ACEH,JL. ALFITRAH KP. KERAMAT MUPAKAT KEC. BEBESEN KAB. ACEH TENGAH,85213511710,F,Kuning - Kendaraan Umum,2025-04-16,2026-03-09,BELUM LUNAS,BELUM DIKUNJUNGI
PTMUTIARA ABADI EXPRES,Perusahaan,BL-8586-GP,ACEH,KOMPLEK TERMINAL BONGKAR MUAT PAYA ILANG KEC. BEBESEN KAB. ACEH T,85358467808,F,Kuning - Kendaraan Umum,2025-07-01,2026-05-04,BELUM LUNAS,BELUM DIKUNJUNGI
PT MUTIARA ABADI EXPRES,Perusahaan,BL-8769-GB,ACEH,DS PAYA ILANG KEC. BEBESEN KAB. ACEH TENGAH,85277767505,F,Kuning - Kendaraan Umum,2025-01-02,2025-10-03,BELUM LUNAS,BELUM DIKUNJUNGI
PTMUNARA MAJU UTAMA,Perusahaan,BL-8468-NG,ACEH,JALAN DARUSSALAM GANG KENARI NOMOR 6 KEL. JAWA BARU KEC. BANDA SA,0,F,Hitam - Kendaraan Pribadi,2025-04-17,2026-07-21,BELUM LUNAS,BELUM DIKUNJUNGI
PTMUARA JAYA PERKASA,Perusahaan,BL-8641-KS,ACEH,GAMPONG MEUNASAH BARO KEC.MUARA BATU KAB.ACEH UTARA,81269098810,F,Kuning - Kendaraan Umum,2024-08-15,2025-08-18,LUNAS,BELUM DIKUNJUNGI
PT MUARA JAYA PERKASA,Perusahaan,BL-8855-KU,ACEH,JL. B. ACEH-MEDAN KM. 248 KRUENG MANE MNS. BARO KEC. MUARA BATU K,81312189306,F,Kuning - Kendaraan Umum,2024-12-30,2025-12-12,BELUM LUNAS,BELUM DIKUNJUNGI
PT MUARA JAYA PERKASA,Perusahaan,BL-8932-KC,ACEH,GAMPONG MEUNASAH BARO,81269098810,F,Kuning - Kendaraan Umum,2025-12-17,2026-05-10,BELUM LUNAS,BELUM DIKUNJUNGI
PT MUARA JAYA PERKASA,Perusahaan,BL-8613-NH,ACEH,KEL. MEUNASAH BARO KEC. MUARA BATU KAB. ACEH UTARA,82210138921,F,Kuning - Kendaraan Umum,2026-04-23,2026-06-19,BELUM LUNAS,BELUM DIKUNJUNGI
PT M JUSUF  SONS,Perusahaan,BL-8908-NP,ACEH,JL. CUT MEUTIA NO. 33 LR. III KEL. PUSONG LHOKSEUMAWE KEC. BANDA,0,F,Kuning - Kendaraan Umum,2025-11-12,2026-04-10,LUNAS,BELUM DIKUNJUNGI
PT MITRA ENERGI COMPENI,Perusahaan,BL-8748-ZE,ACEH,JL. LINTAS SUMATERA KM. 223 KEL.MATANG SAGOE KEC.PEUSANGAN KAB BI,0,F,Kuning - Kendaraan Umum,2025-06-12,2026-06-12,BELUM LUNAS,BELUM DIKUNJUNGI
PT MINA JAYA UTAMA,Perusahaan,BL-8703-KS,ACEH,JLN PANG LATEH NO.07 KEC.LHOKSUKON KAB.ACEH UTARA,83232323233,F,Kuning - Kendaraan Umum,2025-01-02,2026-01-14,BELUM LUNAS,BELUM DIKUNJUNGI
PT MENARA KEMBAR TRANS,Perusahaan,BL-7116-ZT,ACEH,JL. MEDAN-BANDA ACEH DS. PANTE GAJAH KEC. PEUSANGAN KAB. BIREUEN,81111111111,EU,Kuning - Kendaraan Umum,2024-11-19,2026-02-12,BELUM LUNAS,BELUM DIKUNJUNGI
PT MENARA KEMBAR TRANS,Perusahaan,BL-7123-ZT,ACEH,JL MEDAN BANDA ACEH KEL PANTE GAJAH KEC PEUSANGAN KAB BIREUEN,81111111111,EU,Kuning - Kendaraan Umum,2024-11-18,2025-11-10,BELUM LUNAS,BELUM DIKUNJUNGI
PT MEGA CITRA BAYAKU,Perusahaan,BL-8650-GP,ACEH,JL. PUTRI IJO NO. 57 KP. TAKENGON TIMUR KEC. LAUT TAWAR KAB. ACEH,85260426113,F,Kuning - Kendaraan Umum,2025-01-13,2025-09-20,BELUM LUNAS,BELUM DIKUNJUNGI
PT M DJAMIL IDRIS,Perusahaan,BL-8565-GB,ACEH,JL. PASAR INPRES NO.411 KP. BALE ATU KEC. LUT TAWAR KAB. ACEH TEN,85277732006,F,Kuning - Kendaraan Umum,2024-12-23,2025-12-24,BELUM LUNAS,BELUM DIKUNJUNGI
PT MASRA INDAH PERMAI,Perusahaan,BL-8792-KC,ACEH,JL.T.HAMZAH BENDAHARA NO.17 P.LABU. TANAH JAMBO AYE,85262352551,F,Kuning - Kendaraan Umum,2024-12-20,2025-11-18,BELUM LUNAS,BELUM DIKUNJUNGI
PTMANDIRI SEJATI ANDALAS,Perusahaan,BL-8799-ZP,ACEH,JL.MESJID DSN KUTA TRIENG NO.7A DS.GEUDONG GEUDONG KEC.KOTA JUANG,85277360440,F,Kuning - Kendaraan Umum,2024-08-12,2025-08-12,LUNAS,BELUM DIKUNJUNGI
PT MANDIRI SEJATI ANDALAS,Perusahaan,BL-8863-ZP,ACEH,JL.BIREUEN-TEKENGON KM.8 DESA BLANG KEUTUMBA KEC.JULI KAB.BIREUEN,8,F,Kuning - Kendaraan Umum,2025-12-31,2026-05-21,BELUM LUNAS,BELUM DIKUNJUNGI
PT MANDIRI SEJATI ANDALAS,Perusahaan,BL-8930-ZP,ACEH,JL. MESJID DSN. KUTA TRIENG NO. 7A DS. GEUDONG GEUDONG KEC. KOTA,81212112211,F,Kuning - Kendaraan Umum,2024-12-04,2025-12-02,BELUM LUNAS,BELUM DIKUNJUNGI
PT MANDIRI SEJATI ANDALAS,Perusahaan,BL-8923-ZP,ACEH,JL. MESJID DSN. KUTA TRIENG NO 7A DS. GEUDONG GEUDONG KEC. KOTA J,0,F,Kuning - Kendaraan Umum,2025-05-15,2026-03-09,BELUM LUNAS,BELUM DIKUNJUNGI
PT MANDIRI SEJATI ANDALAS,Perusahaan,BL-8909-ZK,ACEH,JL MESJID DSN KUTA TRIENG NO 7 A GEUDONG DEUDONG KEC. KOTA JUANG,85243332475,F,Kuning - Kendaraan Umum,2025-02-10,2026-02-13,BELUM LUNAS,BELUM DIKUNJUNGI
PT MANDIRI SEJATI ANDALAS,Perusahaan,BL-8867-ZK,ACEH,JLN MESJID DSN KUTA TRIENG KEC. KOTA JUANG KAB. BIREUEN,85275543267,F,Kuning - Kendaraan Umum,2025-01-15,2025-12-27,BELUM LUNAS,BELUM DIKUNJUNGI
PT MANDIRI SEJATI ANDALAS,Perusahaan,BL-8846-ZP,ACEH,JL. MESJID DSN. KUTA TRIENG NO. 7A DS. GEUDONG GEUDONG KEC. KOTA,0,F,Kuning - Kendaraan Umum,2025-05-02,2026-04-28,BELUM LUNAS,BELUM DIKUNJUNGI
PT MANDIRI SEJATI ANDALAS,Perusahaan,BL-8698-ZP,ACEH,JL MESJID DSN KUTA TRIENG NO 7 A DS. GEUDONG GEUDONG KEC. KOTA JU,85362473111,F,Kuning - Kendaraan Umum,2025-04-10,2026-02-15,LUNAS,BELUM DIKUNJUNGI
PT MANDIRI SEJATI ANDALAS,Perusahaan,BL-8856-ZK,ACEH,JL. MESJID DSN. KUTA TRIENG NO. 7A DS. GEUDONG-GEUDONG KEC. KOTA,85261399432,F,Kuning - Kendaraan Umum,2025-01-08,2026-01-26,BELUM LUNAS,BELUM DIKUNJUNGI
PT MANDIRI SEJATI ANDALAS,Perusahaan,BL-8750-ZP,ACEH,JL.MESJID DSN KUTA TRIENG NO.7A KEL.GEUDONG-GEUDONG KEC.KOTA JUAN,0,F,Kuning - Kendaraan Umum,2025-10-23,2026-04-28,BELUM LUNAS,BELUM DIKUNJUNGI
PT MANDIRI SEJATI ANDALAS,Perusahaan,BL-8874-ZP,ACEH,JL.MESJID DSN. KUTA TRIENG NO.7A GEUDONG GEUDONG KEC. KOTA JUANG,81111111111,F,Kuning - Kendaraan Umum,2025-08-05,2026-07-28,LUNAS,BELUM DIKUNJUNGI
PT MANDIRI SEJATI ANDALAS,Perusahaan,BL-8545-ZY,ACEH,JL. MESJID DSN. KUTA TRIENG NO. 7A DS. GEUDONG-GEUDONG KEC. KOTA,85360081754,F,Kuning - Kendaraan Umum,2025-11-17,2026-04-25,BELUM LUNAS,BELUM DIKUNJUNGI
PT MANDIRI SEJATI ANDALAS,Perusahaan,BL-8931-ZP,ACEH,JL. BIREUEN-TAKENGON KM.8 DS. BLANG KETUMBA KEC. JULI KAB. BIREUE,80000000000,F,Kuning - Kendaraan Umum,2025-05-07,2026-05-05,BELUM LUNAS,BELUM DIKUNJUNGI
PT MANDIRI SEJATI ANDALAS,Perusahaan,BL-8601-ZT,ACEH,JL.MESJID DSN.KUTA TRIENG NO.7A DS. GEUDONG-GEUDONG KEC. KOTA JUA,85276617968,F,Kuning - Kendaraan Umum,2025-03-05,2025-10-21,BELUM LUNAS,BELUM DIKUNJUNGI
PT MANDIRI SEJATI ANDALAS,Perusahaan,BL-8654-ZP,ACEH,JL. MESJID DSN. KUTA TRIENG NO. 7A DS. GEUDONG-GEUDONG KEC. KOTA,85262831531,F,Kuning - Kendaraan Umum,2025-06-30,2026-06-30,BELUM LUNAS,BELUM DIKUNJUNGI
PT MANDIRI SEJATI ANDALAS,Perusahaan,BL-8709-ZP,ACEH,JL. MESJID DSN. KUTA TRIENG NO. 7A DS. GEUDONG GEUDONG KEC. KOTA,0,F,Kuning - Kendaraan Umum,2024-10-14,2025-10-08,BELUM LUNAS,BELUM DIKUNJUNGI
PT MALEM DIWA GROUP,Perusahaan,BL-8528-KT,ACEH,JL. MEDAN - BANDA ACEH NO.11-12,81377099991,F,Kuning - Kendaraan Umum,2025-06-12,2026-06-12,BELUM LUNAS,BELUM DIKUNJUNGI
PT MALEM DIWA GROUP,Perusahaan,BL-8519-KT,ACEH,JL. MEDAN - BANDA ACEH NO.11-12 KEL.KEUDE SAMPOINIET,85206750372,F,Kuning - Kendaraan Umum,2025-02-17,2026-02-20,BELUM LUNAS,BELUM DIKUNJUNGI
PTMAH REZEKI SINGKITE,Perusahaan,BL-8832-GB,ACEH,DS.GELELUNGI KEC. PEGASING KAB. ACEH TENGAH,82363639262,F,Kuning - Kendaraan Umum,2025-11-21,2026-07-09,BELUM LUNAS,BELUM DIKUNJUNGI
PTMAH REZEKI SINGKITE,Perusahaan,BL-8805-GB,ACEH,JL.TAKENGON JAGONG JEGET KEC.PEGASING KAB.ACEH TENGAH,0,F,Kuning - Kendaraan Umum,2025-04-25,2026-02-20,BELUM LUNAS,BELUM DIKUNJUNGI
PT MAHREZEKI SINGKITE,Perusahaan,BL-8795-GB,ACEH,KEL. JURUSEN KEC. PEGASING KAB. ACEH TENGAH,85262955534,F,Kuning - Kendaraan Umum,2024-11-18,2025-11-15,BELUM LUNAS,BELUM DIKUNJUNGI
PT MAH REZEKI SINGKITE,Perusahaan,BL-8718-GB,ACEH,JLN. TAKENGON-JAGONG JEGET KEL. GELELUNGI KEC. PEGASING KAB. ACEH,82304626069,F,Kuning - Kendaraan Umum,2025-01-16,2026-01-05,BELUM LUNAS,BELUM DIKUNJUNGI
PT MAH REZEKI SINGKITE,Perusahaan,BL-8874-GB,ACEH,JL. TAKENGON - JAGONG JEGET KEL. GELELUNGI KEC. PEGASING KAB. ACE,81108090603,F,Kuning - Kendaraan Umum,2024-12-18,2025-11-20,BELUM LUNAS,BELUM DIKUNJUNGI
PT MAH REZEKI SINGKITE,Perusahaan,BL-8793-GB,ACEH,JL. TAKENGON - JAGONG JEGET,85211031267,F,Kuning - Kendaraan Umum,2025-01-15,2025-11-06,BELUM LUNAS,BELUM DIKUNJUNGI
PT MAH REZEKI SINGKITE,Perusahaan,BL-8854-GB,ACEH,DS. GELE LUNGI KEC. PEGASING KAB. ACEH TENGAH,82361286680,F,Kuning - Kendaraan Umum,2024-12-13,2025-12-17,BELUM LUNAS,BELUM DIKUNJUNGI
PT MAH REZEKI SINGKITE,Perusahaan,BL-8623-GP,ACEH,JALAN TAKENEGON KEC.PEGASING KAB.ACEH TENGAH,85262287180,F,Kuning - Kendaraan Umum,2024-12-17,2025-12-10,BELUM LUNAS,BELUM DIKUNJUNGI
PT MAH REZEKI SINGKITE,Perusahaan,BL-8526-GP,ACEH,DESA GELELUNGI KEC. PEGASING KAB. ACEH TENGAH,82363639262,F,Kuning - Kendaraan Umum,2026-02-27,2026-06-16,BELUM LUNAS,BELUM DIKUNJUNGI
PT LISA LINTAS NUSANTARA,Perusahaan,BL-8626-GP,ACEH,DS. KEBET KEC. BEBESEN KAB. ACEH TENGAH,85247062143,F,Kuning - Kendaraan Umum,2025-02-10,2026-02-10,BELUM LUNAS,BELUM DIKUNJUNGI
PT LISA LINTAS NUSANTARA,Perusahaan,BL-8684-GB,ACEH,DESA KEBET KEC. BEBESEN KAB. ACEH TENGAH,85277232030,F,Kuning - Kendaraan Umum,2025-02-04,2026-02-12,BELUM LUNAS,BELUM DIKUNJUNGI
PT LHOKNGA SARANA ANDALAS,Perusahaan,BL-8951-NH,ACEH,JL. MERDEKA BARAT NO. 06 CUNDA,85260121700,F,Kuning - Kendaraan Umum,2025-07-15,2026-07-14,LUNAS,BELUM DIKUNJUNGI
PTLESTARI BARU SINGKITE,Perusahaan,BL-1130-GZ,ACEH,DESA.KEBET KEC. BEBESEN KAB. ACEH TENGAH,85269206060,EU,Kuning - Kendaraan Umum,2024-09-23,2025-09-22,BELUM LUNAS,BELUM DIKUNJUNGI
PTLESTARI BARU SINGKITE,Perusahaan,BL-1294-GZ,ACEH,KOMPEK TERMINAL PAYA ILANG KEL. KEMILI KEC. BEBESEN KAB. ACEH TEN,82367002767,EU,Kuning - Kendaraan Umum,2025-06-16,2026-06-17,BELUM LUNAS,BELUM DIKUNJUNGI
PT LESTARI BARU SINGKITE,Perusahaan,BL-1271-GZ,ACEH,JL. SENGEDA KOMPLEK TERMINAL PAYA ILANG KEC. BEBESEN KAB. ACEH TE,81396888106,EU,Kuning - Kendaraan Umum,2024-12-17,2025-10-31,BELUM LUNAS,BELUM DIKUNJUNGI
PT LESTARI BARU SINGKITE,Perusahaan,BL-7584-G,ACEH,KOMPLEK TERMINAL PAYA ILANG KEC. BEBESAN KAB. ACEH TENGAH,0,EU,Kuning - Kendaraan Umum,2025-08-22,2026-07-07,BELUM LUNAS,BELUM DIKUNJUNGI
PT LESTARI BARU SINGKITE,Perusahaan,BL-7602-GB,ACEH,KAMPUNG PINANGAN RT/RW 000/000 DESA PINANGAN KEC KEBAYAKAN KAB AC,0,EU,Kuning - Kendaraan Umum,2025-08-22,2026-05-18,BELUM LUNAS,BELUM DIKUNJUNGI
PT LESTARI BARU SINGKITE,Perusahaan,BL-7582-GV,ACEH,DS. PINANGAN KEC. KEBAYAKAN KAB. ACEH TENGAH,85288408001,EU,Kuning - Kendaraan Umum,2025-03-03,2026-01-27,BELUM LUNAS,BELUM DIKUNJUNGI
PT LESTARI BARU SINGKITE,Perusahaan,BL-7324-GB,ACEH,KOMPLEK TERMINAL PAYA ILANG DESA BLANG KOLAK II KEC. BEBESEN KAB.,80000000000,EU,Kuning - Kendaraan Umum,2025-04-16,2026-03-02,LUNAS,BELUM DIKUNJUNGI
PTLEO RAKAN UTAMA,Perusahaan,BL-8681-ZK,ACEH,JLN.TGK.CHIEK PEUSANGAN DS BANDAR BIREUEN KEC KOTA JUANG KAB BIRE,80000000000,F,Kuning - Kendaraan Umum,2025-07-11,2026-07-12,LUNAS,BELUM DIKUNJUNGI
PTLEO RAKAN UTAMA,Perusahaan,BL-8634-ZE,ACEH,JL.TGK.CHIK PEUSANGAN KEL.GAMPONG BANDAR BIREUEN KEC. KOTA JUANG,82278267661,F,Kuning - Kendaraan Umum,2025-08-19,2026-07-24,BELUM LUNAS,BELUM DIKUNJUNGI
PTLEO RAKAN UTAMA,Perusahaan,BL-8680-ZE,ACEH,JL. TGK. CHIK PEUSANGAN KEL.GAMPONG BANDAR BIREUEN KEC.KOTA JUANG,0,F,Kuning - Kendaraan Umum,2025-07-04,2026-07-05,LUNAS,BELUM DIKUNJUNGI
PT LEO RAKAN UTAMA,Perusahaan,BL-8540-ZE,ACEH,JL. TGK CHIK PEUSANGAN KEL. GAMPONG BANDAR BIREUN KEC. KOTA JUANG,85358444007,F,Kuning - Kendaraan Umum,2025-07-04,2026-07-05,LUNAS,BELUM DIKUNJUNGI
PT LEO RAKAN UTAMA,Perusahaan,BL-8769-Z,ACEH,JL. TGK. CHIK PEUSANGAN DS. BANDRA BIREUEN KEC. KOTA JUANG KAB. B,0,F,Kuning - Kendaraan Umum,2025-12-29,2026-01-08,BELUM LUNAS,BELUM DIKUNJUNGI
PT LEO RAKAN UTAMA,Perusahaan,BL-8663-ZK,ACEH,JALAN TGK CHIEK PEUSANGAN DS. BANDAR BIREUEN KEC. KOTA JUANG KAB.,81279914337,F,Kuning - Kendaraan Umum,2026-04-28,2026-05-27,BELUM LUNAS,BELUM DIKUNJUNGI
PT LEO RAKAN UTAMA,Perusahaan,BL-8746-Z,ACEH,JL. TGK. CHIK PEUSANGAN KOTA BIREUEN KEC. KOTA JUANG KAB. BIREUEN,8,F,Kuning - Kendaraan Umum,2025-01-06,2026-01-05,BELUM LUNAS,BELUM DIKUNJUNGI
PT LEO RAKAN UTAMA,Perusahaan,BL-8780-Z,ACEH,GP.BANDAR BIREUEN KEC. KOTA JUANG KAB. BIREUEN,85260255959,F,Kuning - Kendaraan Umum,2024-12-12,2026-02-18,BELUM LUNAS,BELUM DIKUNJUNGI
PT LEO RAKAN UTAMA,Perusahaan,BL-8963-Z,ACEH,JL. TGK CHIK PEUSANGAN KEL. GMPG BANDAR BIREUN KEC KOTA JUANG KAB,82368488674,F,Kuning - Kendaraan Umum,2026-01-28,2026-03-08,BELUM LUNAS,BELUM DIKUNJUNGI
PTKUINIMI JAYA EXPRES,Perusahaan,BL-8815-GB,ACEH,JL.PERTAMINA KEBET KP.LEMAH BURBANA KEC. BEBESEN KAB. ACEH TENGAH,8,F,Kuning - Kendaraan Umum,2025-06-30,2026-03-07,BELUM LUNAS,BELUM DIKUNJUNGI
PT KUINIMI JAYA EXPRES,Perusahaan,BL-8637-GP,ACEH,JL PAYA ILANG DEPAN TERMINAL KEC BEBESEN KAB ACEH TENGAH,85358622856,F,Kuning - Kendaraan Umum,2025-02-21,2025-12-14,BELUM LUNAS,BELUM DIKUNJUNGI
PT KUINIMI JAYA EXPRES,Perusahaan,BL-8836-GB,ACEH,JL. PERTAMINA KEBET KEL. KP. LEMAH BURBANA KEC. BEBESEN KAB. ACEH,80000000000,F,Kuning - Kendaraan Umum,2025-08-04,2026-08-03,BELUM LUNAS,BELUM DIKUNJUNGI
PTKRUENG MEUH,Perusahaan,BL-8571-ZA,ACEH,JL.MEDAN-BANDA ACEH KM.232 NO.52 KEC. PEUSANGAN KAB. BIREUEN,81111111111,F,Kuning - Kendaraan Umum,2024-12-17,2025-12-14,BELUM LUNAS,BELUM DIKUNJUNGI
PTKRUENG MEUH,Perusahaan,BL-8923-Z,ACEH,JL. B.ACEH - MEDAN NO.52 KEL. KEUDE TANJONG KEC. PEUSANGAN KAB. B,81263455030,F,Kuning - Kendaraan Umum,2025-09-25,2026-07-22,BELUM LUNAS,BELUM DIKUNJUNGI
PTKRUENG MEUH,Perusahaan,BL-8750-ZK,ACEH,JL.BANDA ACEH-MEDAN NO.52 GP. KEUDE TANJONG,8214512010,F,Kuning - Kendaraan Umum,2026-01-05,2026-04-07,BELUM LUNAS,BELUM DIKUNJUNGI
PTKRUENG MEUH,Perusahaan,BL-8657-ZT,ACEH,JL MEDAN B ACEH NO.52 KM 232 KEC.PEUSANGAN KAB.BIREUEN,0,F,Kuning - Kendaraan Umum,2025-07-22,2026-07-16,LUNAS,BELUM DIKUNJUNGI
PT KRUENG MEUH,Perusahaan,BL-8949-ZP,ACEH,JL. MEDAN - BANDA ACEH KEL. TANJONG PAYA KEC. PEUSANGAN BIREUEN,85252524252,F,Kuning - Kendaraan Umum,2025-05-15,2026-05-14,BELUM LUNAS,BELUM DIKUNJUNGI
PT KRUENG MEUH,Perusahaan,BL-8541-ZP,ACEH,JLN B.ACEH - MEDAN NO.52 GP. KEUDE TANJONG KEC. PEUSANGAN KAB. BI,85245454512,F,Kuning - Kendaraan Umum,2024-10-22,2025-10-23,BELUM LUNAS,BELUM DIKUNJUNGI
PT KRUENG MEUH,Perusahaan,BL-8359-ZO,ACEH,JL. MEDAN-BANDA ACEH KEL. TANJONG PAYA KEC. PEUSANGAN KAB. BIREUE,85262423222,F,Hitam - Kendaraan Pribadi,2025-04-21,2026-04-04,BELUM LUNAS,BELUM DIKUNJUNGI
PT KRUENG MEUH,Perusahaan,BL-8755-ZE,ACEH,JALAN MEDAN-BANDA ACEH KEL. TANJONG PAYA KEC. PEUSANGAN KABUPATEN,8,F,Kuning - Kendaraan Umum,2025-07-02,2026-06-30,BELUM LUNAS,BELUM DIKUNJUNGI
PT KRUENG MEUH,Perusahaan,BL-8824-Z,ACEH,JL. B.ACEH - MEDAN NO.52 DS .GP. KEUDE TANJONG KEC. PEUSANGAN KAB,0,F,Kuning - Kendaraan Umum,2024-08-06,2025-08-10,LUNAS,BELUM DIKUNJUNGI
PT KRUENG MEUH,Perusahaan,BL-8861-ZK,ACEH,JL. BANDA ACEH MEDAN NO. 52 KEL . KEUDE TANJONG KEC. PEUSANGAN KA,85262405011,F,Kuning - Kendaraan Umum,2024-10-24,2025-10-28,BELUM LUNAS,BELUM DIKUNJUNGI
PT KRUENG MEUH,Perusahaan,BL-1830-ZU,ACEH,JL. MEDAN - BANDA ACEH DESA TANJONG PAYA KEC. PEUSANGAN KAB. BIRE,8,DP,Hitam - Kendaraan Pribadi,2025-04-29,2026-03-30,BELUM LUNAS,BELUM DIKUNJUNGI
PT KRUENG MEUH,Perusahaan,BL-9519-Z,ACEH,JL. B. ACEH - MEDAN NO. 52 KEL. GP. KEUDE TANJONG KEC. PEUSANGAN,81265416439,F,Kuning - Kendaraan Umum,2025-07-14,2026-07-11,BELUM LUNAS,BELUM DIKUNJUNGI
PTKOETA RADJA,Perusahaan,BL-8589-KC,ACEH,JL.SAWANG RISEH KEC. SAWANG KAB. ACEH UTARA,85277495151,F,Kuning - Kendaraan Umum,2024-12-03,2025-10-16,BELUM LUNAS,BELUM DIKUNJUNGI
PT KOETA RADJA,Perusahaan,BL-8578-KC,ACEH,JL.SAWANG RISEH,81152125212,F,Kuning - Kendaraan Umum,2024-11-19,2025-10-16,BELUM LUNAS,BELUM DIKUNJUNGI
PT KIMIA FARMA PERSERO,Perusahaan,BL-1915-NS,ACEH,JL. MERDEKA NO. 47B KEC. BANDA SAKTI KOTA LHOKSEUMAWE,8126965708,DP,Hitam - Kendaraan Pribadi,2025-05-28,2026-05-10,BELUM LUNAS,BELUM DIKUNJUNGI
PTKHATAMI MOBIL JAYA,Perusahaan,BL-8770-ZK,ACEH,DUSUN BALE AROEN BIREUEN MNS REULEUT KEC. KOTA JUANG KAB. BIREUEN,81269286168,F,Kuning - Kendaraan Umum,2026-02-18,2026-06-05,BELUM LUNAS,SUDAH DIKUNJUNGI
PTKHATAMI MOBIL JAYA,Perusahaan,BL-8673-ZP,ACEH,JL.MEDAN - B.ACEH GAMPONG BIREUEN MEUNASAH BLANG KEC.KOTA JUANG K,85282750117,F,Kuning - Kendaraan Umum,2024-11-28,2025-11-30,BELUM LUNAS,SUDAH DIKUNJUNGI
PTKHATAMI MOBIL JAYA,Perusahaan,BL-8582-ZP,ACEH,JLN.MEDAN-B.ACEH MEUNASAH BLANG,812651616210,F,Kuning - Kendaraan Umum,2025-07-22,2026-07-15,LUNAS,SUDAH DIKUNJUNGI
PTKHATAMI MOBIL JAYA,Perusahaan,BL-8953-ZY,ACEH,JLN MEDAN-B.ACEH GP.BIREUEN MNS DAYAH KEC. KOTA JUANG KAB. BIREUE,852778385511,F,Kuning - Kendaraan Umum,2025-11-05,2026-06-10,LUNAS,SUDAH DIKUNJUNGI
PT KHATAMI MOBIL JAYA,Perusahaan,BL-8975-ZP,ACEH,DSN. BALEE ARON DS. BIREUEN MEUNASAH REULEUT KEC. KOTA JUANG KAB.,0,F,Kuning - Kendaraan Umum,2025-06-19,2026-04-21,BELUM LUNAS,SUDAH DIKUNJUNGI
PT KHATAMI MOBIL JAYA,Perusahaan,BL-8518-ZT,ACEH,DSN. BALE AROEN DS. BIREUEN MEUNASAH REULEUT KEC. KOTA JUANG KAB.,81360811234,F,Kuning - Kendaraan Umum,2025-01-15,2026-01-12,BELUM LUNAS,SUDAH DIKUNJUNGI
PT KHATAMI MOBIL JAYA,Perusahaan,BL-8956-ZP,ACEH,JLN. MEDAN B.ACEH DS. BIREUEN MEUNASAH BLANG KEC. KOTA JUANG KAB.,8,F,Kuning - Kendaraan Umum,2025-07-15,2026-06-20,BELUM LUNAS,SUDAH DIKUNJUNGI
PT KHATAMI MOBIL JAYA,Perusahaan,BL-8737-Z,ACEH,JLN MEDAN - BANDA ACEH GAMPONG BIREUEN MNS BLANG,82328219150,F,Kuning - Kendaraan Umum,2024-12-02,2025-11-30,BELUM LUNAS,SUDAH DIKUNJUNGI
PT KHATAMI MOBIL JAYA,Perusahaan,BL-8661-ZK,ACEH,JL MEDAN - BANDA ACEH KEL. BIREUEN MNS BLANG KEC. KOTA JUANG KAB.,82167278773,F,Kuning - Kendaraan Umum,2025-11-25,2026-05-18,BELUM LUNAS,SUDAH DIKUNJUNGI
PT KHATAMI MOBIL JAYA,Perusahaan,BL-8965-ZK,ACEH,DSN. BALEE AROEN DS. BIREUEN MEUNASAH REULEUT KEC. KOTA JUANG KAB,0,F,Kuning - Kendaraan Umum,2025-06-10,2026-06-12,BELUM LUNAS,SUDAH DIKUNJUNGI
PT KHATAMI MOBIL JAYA,Perusahaan,BL-8902-ZK,ACEH,JLN MEDAN B. ACEH GAMPONG BIREUEN MNS BLANG KEC. KOTA JUANG KAB.,82370400037,F,Kuning - Kendaraan Umum,2025-05-14,2026-04-21,BELUM LUNAS,SUDAH DIKUNJUNGI
PT KHATAMI MOBIL JAYA,Perusahaan,BL-8508-ZK,ACEH,JLN. MEDAN-BANDA ACEH DS. BIREUEN MEUNASAH BLANG KEC. KOTA JUANG,81360811234,F,Kuning - Kendaraan Umum,2024-09-03,2025-10-23,BELUM LUNAS,SUDAH DIKUNJUNGI
PT KHATAMI MOBIL JAYA,Perusahaan,BL-8786-ZY,ACEH,DSN. BALEE ARON DS. BIREUEN MEUNASAH REULEUT KEC. KOTA JUANG KAB.,82316470105,F,Kuning - Kendaraan Umum,2025-02-04,2026-04-08,BELUM LUNAS,SUDAH DIKUNJUNGI
PT KHATAMI MOBIL JAYA,Perusahaan,BL-8630-ZK,ACEH,JLN. MEDAN - B.ACEH DS BIREUEN MEUNASAH BLANG KEC. KOTA JUANG KAB,85262831531,F,Kuning - Kendaraan Umum,2024-12-06,2025-12-10,BELUM LUNAS,SUDAH DIKUNJUNGI
PTKHARISMA TRANS PERKASA,Perusahaan,BL-8698-KS,ACEH,TERMINAL KEUDE GEUDONG,8526052525,F,Kuning - Kendaraan Umum,2024-12-10,2025-12-24,BELUM LUNAS,BELUM DIKUNJUNGI
PTKHARISMA TRANS PERKASA,Perusahaan,BL-8807-NH,ACEH,JL. MERDEKA TIMUR NO. 3 A KEL. UTEUNKOT KEC. MUARA DUA KOTA LHOKS,85260012700,F,Kuning - Kendaraan Umum,2025-10-01,2026-06-23,BELUM LUNAS,BELUM DIKUNJUNGI
PTKHARISMA TRANS PERKASA,Perusahaan,BL-8642-NH,ACEH,JL. MERDEKA TIMUR NO. 04 05 CUNDA KEC. MUARA DUA KOTA LHOKSEUMAWE,82293997838,F,Kuning - Kendaraan Umum,2024-08-30,2025-08-30,BELUM LUNAS,BELUM DIKUNJUNGI
PTKHARISMA TRANS PERKASA,Perusahaan,BL-8704-NP,ACEH,JLN. MERDEKA TIMUR NO. 3A KEL. UTEUNKOT KEC. MUARA DUA KOTA LHOKS,0,F,Kuning - Kendaraan Umum,2025-08-13,2026-06-08,LUNAS,BELUM DIKUNJUNGI
PTKHARISMA TRANS PERKASA,Perusahaan,BL-8858-ZY,ACEH,JL. B. ACEH-MEDAN NO.04 DS. GEULANGANG BARO KEC. KOTA JUANG KAB.,81396174290,F,Kuning - Kendaraan Umum,2024-09-26,2025-10-03,BELUM LUNAS,BELUM DIKUNJUNGI
PTKHARISMA TRANS PERKASA,Perusahaan,BL-8609-KS,ACEH,KOMPLEK TERMINAL GEUDONG KEC. SAMUDERA KAB. ACEH UTARA,82274356083,F,Kuning - Kendaraan Umum,2025-05-08,2026-05-12,BELUM LUNAS,BELUM DIKUNJUNGI
PTKHARISMA TRANS PERKASA,Perusahaan,BL-8733-KS,ACEH,KOMPLEK TERMINAL KEUDE GEUDONG,81108116504,F,Kuning - Kendaraan Umum,2024-10-29,2025-10-29,BELUM LUNAS,BELUM DIKUNJUNGI
PTKHARISMA TRANS PERKASA,Perusahaan,BL-8795-NP,ACEH,JL. MERDEKA TIMUR NO. 3 A KEL. UTEUNKOT KEC. MUARA DUA KOTA LHOKS,85359138873,F,Kuning - Kendaraan Umum,2024-09-23,2025-09-23,BELUM LUNAS,BELUM DIKUNJUNGI
PTKHARISMA TRANS PERKASA,Perusahaan,BL-7424-NL,ACEH,JLN. MERDEKA TIMUR NO. 3 A KEL. UTEUNKOT KEC. MUARA DUA KOTA LHOK,0,EU,Kuning - Kendaraan Umum,2025-07-04,2026-07-06,BELUM LUNAS,BELUM DIKUNJUNGI
PTKHARISMA TRANS PERKASA,Perusahaan,BL-8746-KS,ACEH,KOMPLEK TERMINAL KEUDE GEUDONG,85260269738,F,Kuning - Kendaraan Umum,2025-07-11,2026-04-30,BELUM LUNAS,BELUM DIKUNJUNGI
PTKHARISMA TRANS PERKASA,Perusahaan,BL-8567-KC,ACEH,KOMPLEK TERMINAL KEUDE GEUDONG KEC. SAMUDERA KAB. ACEH UTARA,81269197019,F,Kuning - Kendaraan Umum,2025-06-04,2026-06-27,BELUM LUNAS,BELUM DIKUNJUNGI
PTKHARISMA TRANS PERKASA,Perusahaan,BL-8710-NH,ACEH,JL.MERDEKA TIMUR NO.3 A KEL UTEUNKOT,85262211285,F,Kuning - Kendaraan Umum,2024-08-09,2025-08-08,LUNAS,BELUM DIKUNJUNGI
PTKHARISMA TRANS PERKASA,Perusahaan,BL-8653-NP,ACEH,JL.MERDEKA TIMUR NO.3A KEL UTEUENKOT,81373214321,F,Kuning - Kendaraan Umum,2024-12-05,2025-11-11,BELUM LUNAS,BELUM DIKUNJUNGI
PTKHARISMA TRANS PERKASA,Perusahaan,BL-1855-NB,ACEH,"JL.MERDEKA TIMUR NO. 03A KEL. UTEUNKOT,KEC.MUARA DUA",85260121210,EU,Kuning - Kendaraan Umum,2025-02-07,2026-02-03,BELUM LUNAS,BELUM DIKUNJUNGI
PTKHARISMA TRANS PERKASA,Perusahaan,BL-8722-KS,ACEH,KOMPLEK TERMINAL GEUDONG KEC. SAMUDERA KAB. ACEH UTARA,0,F,Kuning - Kendaraan Umum,2025-07-07,2026-07-01,BELUM LUNAS,BELUM DIKUNJUNGI
PTKHARISMA TRANS PERKASA,Perusahaan,BL-8705-KY,ACEH,KOMPLEK TERMINAL KEUDE GEUDONG KEC. SAMUDERA KAB. ACEH UTARA,8234566676,F,Kuning - Kendaraan Umum,2025-07-29,2026-07-26,BELUM LUNAS,BELUM DIKUNJUNGI
PTKHARISMA TRANS PERKASA,Perusahaan,BL-8755-KU,ACEH,CAB.KOMPLEK TERMINAL KEUDE GEUDONG KEC.SAMUDERA KAB.ACEH UTARA,85240565140,F,Kuning - Kendaraan Umum,2024-12-10,2025-09-26,BELUM LUNAS,BELUM DIKUNJUNGI
PTKHARISMA TRANS PERKASA,Perusahaan,BL-7495-NL,ACEH,JLN. MERDEKA TIMUR NOMOR 3A KEL. UTEUNKOT KEC. MUARA DUA KOTA LHO,85203658458,EU,Kuning - Kendaraan Umum,2025-04-30,2026-03-13,BELUM LUNAS,BELUM DIKUNJUNGI
PTKHARISMA TRANS PERKASA,Perusahaan,BL-8682-KS,ACEH,KOMPLEK TERMINAL KEUDEE GEUDONG KEC. SAMUDERA KAB. ACEH UTARA,85263626230,F,Kuning - Kendaraan Umum,2025-05-06,2026-02-10,BELUM LUNAS,BELUM DIKUNJUNGI
PTKHARISMA TRANS PERKASA,Perusahaan,BL-8702-KS,ACEH,KEUDE GEUDONG KEC. SAMUDERA KAB. ACEH UTARA,85260121233,F,Kuning - Kendaraan Umum,2025-02-05,2026-01-18,BELUM LUNAS,BELUM DIKUNJUNGI
PTKHARISMA TRANS PERKASA,Perusahaan,BL-8864-KS,ACEH,KOMPLEK TERMINAL KEUDE GEUDONG KEC. SAMUDERA KAB. ACEH UTARA,0,F,Kuning - Kendaraan Umum,2025-11-21,2026-08-02,BELUM LUNAS,BELUM DIKUNJUNGI
PTKHARISMA TRANS PERKASA,Perusahaan,BL-8806-NP,ACEH,JL.MERDEKA TIMUR NO.3A KEL.UTEUNKOT KEC.MUARA DUA KOTA LHOKSEUMAW,0,F,Kuning - Kendaraan Umum,2024-12-30,2025-12-15,BELUM LUNAS,BELUM DIKUNJUNGI
PTKHARISMA TRANS PERKASA,Perusahaan,BL-8751-KU,ACEH,KOMPLEK TERMINAL KEUDE GEUDONG,85213110814,F,Kuning - Kendaraan Umum,2024-10-08,2025-09-14,BELUM LUNAS,BELUM DIKUNJUNGI
PTKHARISMA TRANS PERKASA,Perusahaan,BL-8679-NP,ACEH,JL.MERDEKA TIMUR NO.3A KEL UTEUNKOT KEC.MUARA DUA KOTA LHOKSEUMAW,85260121700,F,Kuning - Kendaraan Umum,2025-01-15,2026-01-29,BELUM LUNAS,BELUM DIKUNJUNGI
PTKHARISMA TRANS PERKASA,Perusahaan,BL-8816-KU,ACEH,CAB.KOMPLEK TERMINAL KEUDE GEUDONG,81360332828,F,Kuning - Kendaraan Umum,2025-06-17,2026-06-05,BELUM LUNAS,BELUM DIKUNJUNGI
PTKHARISMA TRANS PERKASA,Perusahaan,BL-8803-NH,ACEH,JL. MERDEKA TIMUR NO. 3 A KEL. UTEUNKOT KEC. MUARA DUA KOTA LHOKS,8527878000,F,Kuning - Kendaraan Umum,2025-10-09,2026-06-04,BELUM LUNAS,BELUM DIKUNJUNGI
PTKHARISMA TRANS PERKASA,Perusahaan,BL-8669-NP,ACEH,JL.MERDEKA TIMUR NO.3 A KEL UTEUNKOT,85260121700,F,Kuning - Kendaraan Umum,2024-10-31,2025-12-14,BELUM LUNAS,BELUM DIKUNJUNGI
PTKHARISMA TRANS PERKASA,Perusahaan,BL-8618-KS,ACEH,KOMPLEK TERMINAL KEUDEE GEUDONG KEC SAMUDERA KAB ACEH UTARA,812694545656,F,Kuning - Kendaraan Umum,2025-12-23,2026-06-20,BELUM LUNAS,BELUM DIKUNJUNGI
PTKHARISMA TRANS PERKASA,Perusahaan,BL-8741-KS,ACEH,KOMPLEK TERMINLA KEUDE GEUDONG KEC. SAMUDERA KAB. ACEH UTARA,81108010505,F,Kuning - Kendaraan Umum,2025-11-18,2026-02-24,BELUM LUNAS,BELUM DIKUNJUNGI
PTKHARISMA TRANS PERKASA,Perusahaan,BL-8601-NP,ACEH,JL.MERDEKA TIMUR NO.3A KEL.UTEUNKOT KEC.MUARA DUA KOTA LHOKSEUMAW,8,F,Kuning - Kendaraan Umum,2025-04-15,2026-03-10,BELUM LUNAS,BELUM DIKUNJUNGI
PTKHARISMA TRANS PERKASA,Perusahaan,BL-8319-N,ACEH,JL.MERDEKA TIMUR NO.3A KEL UTEUENKOT,85260121700,F,Kuning - Kendaraan Umum,2025-01-15,2026-04-11,BELUM LUNAS,BELUM DIKUNJUNGI
PTKHARISMA TRANS PERKASA,Perusahaan,BL-1930-NB,ACEH,JL. MERDEKA NO. 3A KEL. UTEUNKOT KEC. MUARA DUA KOTA LHOKSEUMAWE,85260121700,EU,Kuning - Kendaraan Umum,2025-07-22,2026-07-23,BELUM LUNAS,BELUM DIKUNJUNGI
PTKHARISMA TRANS PERKASA,Perusahaan,BL-8862-KU,ACEH,KOMPLEK TERMINAL KEC.SAMUDERA KAB.ACEH UTARA,82367285379,F,Kuning - Kendaraan Umum,2025-04-29,2026-04-29,BELUM LUNAS,BELUM DIKUNJUNGI
PTKHARISMA TRANS PERKASA,Perusahaan,BL-8757-KU,ACEH,CAB.KOMPLEK TERMINAL KEUDE GEUDONG KEC.SAMUDERA KAB.ACEH UTARA,8240565140,F,Kuning - Kendaraan Umum,2024-09-27,2025-09-26,BELUM LUNAS,BELUM DIKUNJUNGI
PTKHARISMA TRANS PERKASA,Perusahaan,BL-8589-KU,ACEH,KOMPLEK TERMINAL KEUDE GEUDONG KEC.SAMUDERA KAB.ACEH UTARA,811111111,F,Kuning - Kendaraan Umum,2025-01-30,2025-08-18,LUNAS,BELUM DIKUNJUNGI
PT KHARISMA TRANS PERKASA,Perusahaan,BL-8694-N,ACEH,JL. MERDEKA TIMUR NO. 03 A KEL. UTEUNKOT KEC. MUARA DUA KOTA LHOK,80000000000,F,Kuning - Kendaraan Umum,2024-11-25,2025-12-05,BELUM LUNAS,BELUM DIKUNJUNGI
PT KHARISMA TRANS PERKASA,Perusahaan,BL-8681-NP,ACEH,JL MERDEKA TIMUR NO 3 A KEL. UTEUNKOT,80000000000,F,Kuning - Kendaraan Umum,2024-12-23,2026-02-14,BELUM LUNAS,BELUM DIKUNJUNGI
PT KHARISMA TRANS PERKASA,Perusahaan,BL-8799-N,ACEH,JL. MERDEKA TIMUR NO. 03 A GP. UTEUNKOT KEC. MUARA DUA KOTA LHOKS,85206506333,F,Kuning - Kendaraan Umum,2024-06-26,2025-09-25,BELUM LUNAS,BELUM DIKUNJUNGI
PT KHARISMA TRANS PERKASA,Perusahaan,BL-8564-ZT,ACEH,JLN. B. ACEH - MEDAN NO. 04 ( DEPAN SMAN 2 ) GEULANGGANG BARO COT,0,F,Kuning - Kendaraan Umum,2025-05-16,2026-05-17,LUNAS,BELUM DIKUNJUNGI
PT KHARISMA TRANS PERKASA,Perusahaan,BL-8622-NP,ACEH,JL. MERDEKA TIMUR NO. 3 A KEL. UTEUNKOT KEC. MUARA DUA KOTA LHOKS,81111111111,F,Kuning - Kendaraan Umum,2025-02-10,2025-12-14,BELUM LUNAS,BELUM DIKUNJUNGI
PT KHARISMA TRANS PERKASA,Perusahaan,BL-8841-NP,ACEH,JL. MERDEKA TIMUR NO. 3 A KEL. UTEUNKOT KEC. MUARA DUA KOTA LHOKS,85278780000,F,Kuning - Kendaraan Umum,2025-04-29,2026-06-15,BELUM LUNAS,BELUM DIKUNJUNGI
PT KHARISMA TRANS PERKASA,Perusahaan,BL-8863-NB,ACEH,JL. MERDEKA TIMUR NO. 3 A KEL. UTEUNKOT KEC. MUARA DUA KOTA LHOKS,85260012700,F,Kuning - Kendaraan Umum,2025-11-25,2026-06-26,BELUM LUNAS,BELUM DIKUNJUNGI
PT KHARISMA TRANS PERKASA,Perusahaan,BL-8783-NH,ACEH,JL. MERDEKA TIMUR NO. 3-A KEL. UTEUNKOT KEC. MUARA DUA KOTA LHOKS,8527878000,F,Kuning - Kendaraan Umum,2025-04-09,2026-03-31,BELUM LUNAS,BELUM DIKUNJUNGI
PT KHARISMA TRANS PERKASA,Perusahaan,BL-8535-NP,ACEH,JL. MERDEKA TIMUR NO. 3A KEL. UTEUNKOT KEC. MUARA DUA KOTA LHOKSE,81360096004,F,Kuning - Kendaraan Umum,2025-07-31,2026-08-01,BELUM LUNAS,BELUM DIKUNJUNGI
PT KHARISMA TRANS PERKASA,Perusahaan,BL-7632-NL,ACEH,JL. MERDEKA TIMUR NO. 3A KEL. UTEUNKOT KEC. MUARA DUA KOTA LHOKSE,85260121700,EU,Kuning - Kendaraan Umum,2025-05-23,2026-01-24,BELUM LUNAS,BELUM DIKUNJUNGI
PT KHARISMA TRANS PERKASA,Perusahaan,BL-8756-KS,ACEH,KOMPLEK TERMINAL KEUDEE GEUDONG KEC. SAMUDERA KAB. ACEH UTARA,811111111,F,Kuning - Kendaraan Umum,2024-12-24,2025-12-15,BELUM LUNAS,BELUM DIKUNJUNGI
PT KHARISMA TRANS PERKASA,Perusahaan,BL-8859-N,ACEH,JALAN MERDEKA TIMUR NO.3A KEL. GP UTEUNKOT KEC. MUARA DUA KOTA LH,80000000000,F,Kuning - Kendaraan Umum,2024-10-24,2025-10-11,BELUM LUNAS,BELUM DIKUNJUNGI
PT KHARISMA TRANS PERKASA,Perusahaan,BL-8714-KC,ACEH,TERMINAL KEUDE GEUDONG KEC. SAMUDERA KAB.ACEH UTARA,8527878000,F,Kuning - Kendaraan Umum,2025-12-30,2026-04-01,BELUM LUNAS,BELUM DIKUNJUNGI
PT KHARISMA TRANS PERKASA,Perusahaan,BL-8529-NL,ACEH,JL. MERDEKA TIMUR NO. 3A KEL. UTEUNKOT KEC. MUARA DUA KOTA LHOKSE,80000000000,F,Kuning - Kendaraan Umum,2025-01-03,2025-08-21,LUNAS,BELUM DIKUNJUNGI
PT KHARISMA TRANS PERKASA,Perusahaan,BL-8636-N,ACEH,JL. MUTIARA XIII NO. 17C GP. ALUE AWE,82364088637,F,Kuning - Kendaraan Umum,2025-06-04,2026-05-04,BELUM LUNAS,BELUM DIKUNJUNGI
PT KHARISMA TRANS PERKASA,Perusahaan,BL-8746-N,ACEH,JL. MERDEKA TIMUR NO.03 A KEL. GAMPONG UTEUNKOT,85270041848,F,Kuning - Kendaraan Umum,2025-01-30,2026-01-12,BELUM LUNAS,BELUM DIKUNJUNGI
PT KHARISMA TRANS PERKASA,Perusahaan,BL-8564-KS,ACEH,KOMPLEK TERMINAL KEUDEE GEUDONG KEC. SAMUDERA KAB. ACEH UTARA,8527878000,F,Kuning - Kendaraan Umum,2025-07-31,2026-08-02,LUNAS,BELUM DIKUNJUNGI
PT KHARISMA TRANS PERKASA,Perusahaan,BL-8638-N,ACEH,JL. MERDEKA TIMUR NO. 3 A KEL. UTEUNKOT KEC. MUARA DUA KOTA LHOKS,8129077772,F,Kuning - Kendaraan Umum,2025-05-22,2026-05-22,BELUM LUNAS,BELUM DIKUNJUNGI
PT KHARISMA TRANS PERKASA,Perusahaan,BL-8921-NH,ACEH,JL. MERDEKA TIMUR NO. 3A KEL. UTEUNKOT KEC. MUARA DUA KOTA LHOKSE,82368585210,F,Kuning - Kendaraan Umum,2025-11-25,2026-04-20,BELUM LUNAS,BELUM DIKUNJUNGI
PT KHARISMA TRANS PERKASA,Perusahaan,BL-8720-N,ACEH,JL. MERDEKA TIMUR NO. 03 A KEL. UTEUNKOT KEC. MUARA DUA KOTA LHOK,8256565000,F,Kuning - Kendaraan Umum,2025-09-12,2026-04-24,BELUM LUNAS,BELUM DIKUNJUNGI
PT KHARISMA TRANS PERKASA,Perusahaan,BL-8968-NH,ACEH,JL. MERDEKA TIMUR NO. 3A KEL. UTEUNKOT KEC. MUARA DUA KOTA LHOKSE,8126958034,F,Kuning - Kendaraan Umum,2025-07-16,2026-04-16,BELUM LUNAS,BELUM DIKUNJUNGI
PT KHARISMA TRANS PERKASA,Perusahaan,BL-8730-KS,ACEH,KOMP. TERMINAL KEUDEE GEUDONG,85210018505,F,Kuning - Kendaraan Umum,2025-06-23,2026-05-16,BELUM LUNAS,BELUM DIKUNJUNGI
PT KHARISMA TRANS PERKASA,Perusahaan,BL-8940-NP,ACEH,JL. MERDEKA TIMUR NO. 3 A KEL. UTEUNKOT KEC. MUARA DUA KOTA LHOKS,82396939010,F,Kuning - Kendaraan Umum,2025-01-21,2026-01-21,BELUM LUNAS,BELUM DIKUNJUNGI
PT KHARISMA TRANS PERKASA,Perusahaan,BL-8533-NP,ACEH,JL. MERDEKA TIMUR NO. 03A KEL. UTEUNKOT KEC. MUARA DUA KOTA LHOKS,82275350558,F,Kuning - Kendaraan Umum,2025-02-14,2026-02-16,BELUM LUNAS,BELUM DIKUNJUNGI
PT KHARISMA TRANS PERKASA,Perusahaan,BL-8801-NP,ACEH,JL. MERDEKA TIMUR NO. 3 A KEL. UTEUNKOT KEC. MUARA DUA KOTA LHOKS,80000000,F,Kuning - Kendaraan Umum,2025-09-18,2026-06-30,BELUM LUNAS,BELUM DIKUNJUNGI
PT KHARISMA TRANS PERKASA,Perusahaan,BL-8690-NH,ACEH,JL.MERDEKA TIMUR NO. 3A KEL. UTEUNKOT KEC MUARA DUA KOTA LHOKSEUM,85260121700,F,Kuning - Kendaraan Umum,2025-11-19,2026-03-04,BELUM LUNAS,BELUM DIKUNJUNGI
PT KHARISMA TRANS PERKASA,Perusahaan,BL-8621-N,ACEH,JL. MERDEKA TIMUR NO. 3 A KEL. UTEUNKOT KEC. MUARA DUA KOTA LHOKS,81265487445,F,Kuning - Kendaraan Umum,2024-10-30,2025-09-18,BELUM LUNAS,BELUM DIKUNJUNGI
PT KHARISMA TRANS PERKASA,Perusahaan,BL-8836-KU,ACEH,KOMPLEK TERMINAL KEUDE GEUDONG,85248948948,F,Kuning - Kendaraan Umum,2024-11-04,2025-09-19,BELUM LUNAS,BELUM DIKUNJUNGI
PT KHARISMA TRANS PERKASA,Perusahaan,BL-8512-NP,ACEH,JL. MERDEKA TIMUR NO. 3A KEL. UTEUNKOT KEC. MUARA DUA KOTA LHOKSE,80000000000,F,Kuning - Kendaraan Umum,2025-12-22,2026-08-03,BELUM LUNAS,BELUM DIKUNJUNGI
PT KHARISMA TRANS PERKASA,Perusahaan,BL-8735-N,ACEH,JL. MERDEKA TIMUR NO.03 A GAMPONG UTEUNKOT,85261354170,F,Kuning - Kendaraan Umum,2024-11-28,2025-11-30,BELUM LUNAS,BELUM DIKUNJUNGI
PT KHARISMA TRANS PERKASA,Perusahaan,BL-8655-N,ACEH,JL. MERDEKA TIMUR NO.3A KEL UTEUNKOT,82532532532,F,Kuning - Kendaraan Umum,2025-02-12,2025-11-02,BELUM LUNAS,BELUM DIKUNJUNGI
PT KHARISMA TRANS PERKASA,Perusahaan,BL-8875-NH,ACEH,JL. MERDEKA TIMUR NO. 3-A KEL. UTEUENKOT KEC. MUARA DUA KOTA LHOK,0,F,Kuning - Kendaraan Umum,2025-04-22,2026-03-26,BELUM LUNAS,BELUM DIKUNJUNGI
PT KHARISMA TRANS PERKASA,Perusahaan,BL-8764-NP,ACEH,JL. MERDEKA TIMUR NO. 3 A KEL. UTEUNKOT,85206518303,F,Kuning - Kendaraan Umum,2025-07-25,2026-07-14,BELUM LUNAS,BELUM DIKUNJUNGI
PT KHARISMA TRANS PERKASA,Perusahaan,BL-8518-NP,ACEH,JL. MERDEKA TIMUR NO. 3A KEL. UTEUNKOT KEC. MUARA DUA KOTA LHOKSE,85260121700,F,Kuning - Kendaraan Umum,2025-11-24,2026-06-18,BELUM LUNAS,BELUM DIKUNJUNGI
PT KHARISMA TRANS PERKASA,Perusahaan,BL-8736-NP,ACEH,JL. MERDEKA BARAT NO.3A KEL. UTEUNKOT KEC. MUARA DUA KOTA LHOKSEU,85260121700,F,Kuning - Kendaraan Umum,2024-11-18,2026-01-02,BELUM LUNAS,BELUM DIKUNJUNGI
PT KHARISMA TRANS PERKASA,Perusahaan,BL-8996-KS,ACEH,KOMPLEK TERMINAL KEUDE GEUDONG KEC. SAMUDERA KAB. ACEH UTARA,82277104349,F,Kuning - Kendaraan Umum,2026-04-21,2026-07-21,BELUM LUNAS,BELUM DIKUNJUNGI
PT KHARISMA TRANS PERKASA,Perusahaan,BL-7573-NB,ACEH,JL. MERDEKA TIMUR NO. 3A KEL. UTEUNKOT KEC. MUARA DUA KOTA LHOKSE,85260121700,EU,Kuning - Kendaraan Umum,2025-07-08,2026-07-28,BELUM LUNAS,BELUM DIKUNJUNGI
PT KHARISMA TRANS PERKASA,Perusahaan,BL-8812-NP,ACEH,JL. MERDEKA TIMUR NO. 3 A KEL. UTENKOT KEC. MUARA DUA KOTA LHOKSE,8527878000,F,Kuning - Kendaraan Umum,2025-05-20,2026-01-11,BELUM LUNAS,BELUM DIKUNJUNGI
PT KHARISMA TRANS PERKASA,Perusahaan,BL-8730-N,ACEH,JL. MERDEKA TIMUR NO.03 A KEL. GMPG UETUNKOT,85260121700,F,Kuning - Kendaraan Umum,2024-11-04,2025-11-01,BELUM LUNAS,BELUM DIKUNJUNGI
PT KHARISMA TRANS PERKASA,Perusahaan,BL-8783-N,ACEH,JL. MERDEKA TIMUR NO. 03A GAMPONG KEL. UTEUNKOT KEC. MUARA DUA KO,8126958034,F,Kuning - Kendaraan Umum,2025-10-22,2026-07-10,LUNAS,BELUM DIKUNJUNGI
PT KHARISMA TRANS PERKASA,Perusahaan,BL-1470-NL,ACEH,JL. MERDEKA TIMUR NO. 3A KEL UTEUNKOT,85262121241,DU,Kuning - Kendaraan Umum,2024-11-08,2025-11-08,BELUM LUNAS,BELUM DIKUNJUNGI
PT KHARISMA TRANS PERKASA,Perusahaan,BL-8908-N,ACEH,JL. MERDEKA TIMUR NO. 03 A KEL. GAMPONG UTEUNKOT KEC. MUARA DUA K,85229381867,F,Kuning - Kendaraan Umum,2025-03-17,2026-01-20,BELUM LUNAS,BELUM DIKUNJUNGI
PT KHARISMA TRANS PERKASA,Perusahaan,BL-8517-KS,ACEH,TERMINAL KEUDE GEUDONG,82163525425,F,Kuning - Kendaraan Umum,2025-05-26,2026-01-04,BELUM LUNAS,BELUM DIKUNJUNGI
PT KHARISMA TRANS PERKASA,Perusahaan,BL-8721-NP,ACEH,JL. MERDEKA TIMUR NO. 3A KEL UTEUNKOT KEC. MUARA DUA KOTA LHOKSEU,8526415326541,F,Kuning - Kendaraan Umum,2025-08-14,2026-07-14,BELUM LUNAS,BELUM DIKUNJUNGI
PT KHARISMA TRANS PERKASA,Perusahaan,BL-7306-N,ACEH,JL.MERDEKA TIMUR NO.03-A KEL. UTEUNKOT KEC. MUARA DUA KOTA LHOKSE,81111111111,EU,Kuning - Kendaraan Umum,2025-07-28,2026-07-25,BELUM LUNAS,BELUM DIKUNJUNGI
PT KHARISMA TRANS PERKASA,Perusahaan,BL-8961-NH,ACEH,JL. MERDEKA TIMUR NO. 3A KEL. UTEUNKOT,85314456465,F,Kuning - Kendaraan Umum,2025-06-02,2026-06-04,BELUM LUNAS,BELUM DIKUNJUNGI
PT KHARISMA TRANS PERKASA,Perusahaan,BL-1845-NB,ACEH,JL. MERDEKA TIMUR NO. 3 A KEL. UTEUNKOT KEC. MUARA DUA KOTA LHOKS,8126958034,DU,Kuning - Kendaraan Umum,2025-07-10,2026-02-19,BELUM LUNAS,BELUM DIKUNJUNGI
PT KHARISMA TRANS PERKASA,Perusahaan,BL-8609-NP,ACEH,JL MERDEKA TIMUR NO 3 A,8126021245,F,Kuning - Kendaraan Umum,2025-12-11,2026-04-05,BELUM LUNAS,BELUM DIKUNJUNGI
PT KHARISMA TRANS PERKASA,Perusahaan,BL-8865-N,ACEH,"JL. MERDEKA TIMUR NO. 3 A, KEL. UTEUENKOT, KEC. MUARA DUA KOTA LH",8,F,Kuning - Kendaraan Umum,2025-06-12,2026-06-09,BELUM LUNAS,BELUM DIKUNJUNGI
PT KHARISMA TRANS PERKASA,Perusahaan,BL-8838-NL,ACEH,JL. MERDEKA TIMUR NO. 3A KEL. UTEUNKOT KEC. MUARA DUA KOTA LHOKSE,8234567890,F,Kuning - Kendaraan Umum,2024-08-05,2025-08-15,LUNAS,BELUM DIKUNJUNGI
PT KHARISMA TRANS PERKASA,Perusahaan,BL-8760-KH,ACEH,KOMLEK TERMINAL GEUDONG,85275406555,F,Kuning - Kendaraan Umum,2025-07-29,2026-07-20,BELUM LUNAS,BELUM DIKUNJUNGI
PT KHARISMA TRANS PERKASA,Perusahaan,BL-8733-NP,ACEH,JL. MERDEKA TIMUR NO. 3A KEL. UTEUNKOT KEC. MUARA DUA KOTA LHOKSE,8234567890,F,Kuning - Kendaraan Umum,2024-08-27,2025-08-09,LUNAS,BELUM DIKUNJUNGI
PT KHARISMA TRANS PERKASA,Perusahaan,BL-8747-NH,ACEH,JL. MERDEKA TIMUR NO.3A KEL UTEUNKOT,81263636363,F,Kuning - Kendaraan Umum,2024-12-31,2025-12-13,BELUM LUNAS,BELUM DIKUNJUNGI
PT KHARISMA TRANS PERKASA,Perusahaan,BL-8572-NL,ACEH,JL. MERDEKA TIMUR NO. 3A KEL. UTEUNKOT KEC. MUARA DUA KOTA LHOKSE,81108075606,F,Kuning - Kendaraan Umum,2024-09-24,2025-09-25,BELUM LUNAS,BELUM DIKUNJUNGI
PT KHARISMA TRANS PERKASA,Perusahaan,BL-7379-NB,ACEH,JL. MERDEKA TIMUR NO. 3 A KEL. UTEUNKOT KEC. MUARA DUA KOTA LHOKS,811111111111,EU,Kuning - Kendaraan Umum,2025-05-08,2026-05-02,BELUM LUNAS,BELUM DIKUNJUNGI
PT KHARISMA TRANS PERKASA,Perusahaan,BL-7518-NL,ACEH,JL. MERDEKA TIMUR NO. 03 A KEL. UTEUNKOT KEC. MUARA DUA KOTA LHOK,8136052452,EU,Kuning - Kendaraan Umum,2024-08-06,2025-08-21,LUNAS,BELUM DIKUNJUNGI
PT KHARISMA TRANS PERKASA,Perusahaan,BL-8924-NP,ACEH,JL. MERDEKA TIMUR NO. 3A KEL. UTEUNKOT KEC. MUARA DUA KOTA LHOKSE,85262521214,F,Kuning - Kendaraan Umum,2025-01-02,2025-11-27,BELUM LUNAS,BELUM DIKUNJUNGI
PT KHARISMA TRANS PERKASA,Perusahaan,BL-1808-NB,ACEH,JL. MERDEKA TIMUR NO. 3A KEL. UTEUNKOT KEC. MUARA DUA KOTA LHOKSE,85278780000,EU,Kuning - Kendaraan Umum,2024-10-25,2025-10-25,BELUM LUNAS,BELUM DIKUNJUNGI
PT KHARISMA TRANS PERKASA,Perusahaan,BL-8723-N,ACEH,JL. MERDEKA TIMUR NO. 03 A KEL. UTEUNKOT KEC. MUARA DUA KOTA LHOK,81235144746,F,Kuning - Kendaraan Umum,2025-01-20,2025-09-05,BELUM LUNAS,BELUM DIKUNJUNGI
PT KHARISMA TRANS PERKASA,Perusahaan,BL-8550-KS,ACEH,KOMPLEK TERMINAL GEUDONG KEC. SAMUDERA KAB. ACEH UTARA,8526522411,F,Kuning - Kendaraan Umum,2024-10-31,2025-10-22,BELUM LUNAS,BELUM DIKUNJUNGI
PT KHARISMA TRANS PERKASA,Perusahaan,BL-8540-NP,ACEH,JL. MERDEKA TIMUR NO. 3A KEL. UTEUNKOT KEC. MUARA DUA KOTA LHOKSE,85260121700,F,Kuning - Kendaraan Umum,2025-05-27,2025-09-28,BELUM LUNAS,BELUM DIKUNJUNGI
PT KHARISMA TRANS PERKASA,Perusahaan,BL-8735-NH,ACEH,JL. MERDEKA TIMUR NO. 3A KEL. UTEUNKOT KEC. MUARA DUA KOTA LHOKSE,8,F,Kuning - Kendaraan Umum,2025-07-23,2026-07-19,BELUM LUNAS,BELUM DIKUNJUNGI
PT KHARISMA TRANS PERKASA,Perusahaan,BL-8805-N,ACEH,JL. MERDEKA TIMUR NO.03 A KEL. GAMPONG UTEUNKOT,80000000000,F,Kuning - Kendaraan Umum,2024-10-11,2025-10-12,BELUM LUNAS,BELUM DIKUNJUNGI
PT KHARISMA TRANS PERKASA,Perusahaan,BL-8857-NH,ACEH,JL. MERDEKA TIMUR NO. 3A KEL. UTEUNKOT KEC. MUARA DUA KOTA LHOKSE,81365245264,F,Kuning - Kendaraan Umum,2024-12-23,2025-12-28,BELUM LUNAS,BELUM DIKUNJUNGI
PT KHARISMA TRANS PERKASA,Perusahaan,BL-8650-N,ACEH,JL.MERDEKA TIMUR NO.3A KEL.UTEUNKOT KEC.MUARA DUA KOTA LHOKSEUMAW,8121211111,F,Kuning - Kendaraan Umum,2024-07-22,2025-08-27,BELUM LUNAS,BELUM DIKUNJUNGI
PT KHARISMA TRANS PERKASA,Perusahaan,BL-8759-NP,ACEH,"JL. MERDEKA TIMUR NO. 3A KEL, UTEUNKOT KEC. MUARA DUA KOTA LHOKSE",8126958034,F,Kuning - Kendaraan Umum,2025-03-06,2026-02-17,BELUM LUNAS,BELUM DIKUNJUNGI
PT KHARISMA TRANS PERKASA,Perusahaan,BL-1411-NL,ACEH,JL. MERDEKA TIMUR NO. 3 A KEL. UTEUNKOT KEC. MUARA DUA KOTA LHOKS,82166268034,DU,Kuning - Kendaraan Umum,2025-04-11,2026-03-31,BELUM LUNAS,BELUM DIKUNJUNGI
PT KHARISMA TRANS PERKASA,Perusahaan,BL-8741-NL,ACEH,JL. MERDEKA TIMUR NO.3A KEL. UTEUNKOT KEC. MUARA DUA KOTA LHOKSEU,85260121700,F,Kuning - Kendaraan Umum,2024-10-08,2025-10-19,BELUM LUNAS,BELUM DIKUNJUNGI
PT KHARISMA TRANS PERKASA,Perusahaan,BL-8576-NP,ACEH,JL. MERDEKA TIMUR NO. 03 A KEL. UTEUNKOT KEC. MUARA DUA KOTA LHOK,85260121700,F,Kuning - Kendaraan Umum,2024-12-19,2025-12-19,BELUM LUNAS,BELUM DIKUNJUNGI
PT KHARISMA TRANS PERKASA,Perusahaan,BL-8927-NP,ACEH,JL.MERDEKA TIMUR NO.3A KEL. UTEUNKOT KEC. MUARA DUA KOTA LHOKSEUM,8527878000,F,Kuning - Kendaraan Umum,2025-04-16,2025-12-04,BELUM LUNAS,BELUM DIKUNJUNGI
PT KHARISMA TRANS PERKASA,Perusahaan,BL-1866-NB,ACEH,JL. MERDEKA TIMUR NO. 3A KEL. UTEUNKOT KEC. MUARA DUA KOTA LHOKSE,81263636363,EU,Kuning - Kendaraan Umum,2025-01-02,2026-01-02,BELUM LUNAS,BELUM DIKUNJUNGI
PT KHARISMA TRANS PERKASA,Perusahaan,BL-8685-NP,ACEH,JL. MERDEKA NO. 3A KEL. UTEUNKOT KEC. MUARA DUA KOTA LHOKSEUMAWE,86740766746,F,Kuning - Kendaraan Umum,2025-03-27,2026-03-22,BELUM LUNAS,BELUM DIKUNJUNGI
PT KHARISMA TRANS PERKASA,Perusahaan,BL-8570-NP,ACEH,JL. MERDEKA TIMUR NO. 03 A KEL. UTEUNKOT KEC. MUARA DUA KOTA LHOK,85212521252,F,Kuning - Kendaraan Umum,2024-10-25,2025-10-26,BELUM LUNAS,BELUM DIKUNJUNGI
PT KHARISMA TRANS PERKASA,Perusahaan,BL-8964-N,ACEH,JALAN MERDEKA TIMUR NO. 3A KEL. UTEUNKOT KEC. MUARA DUA KOTA LHOK,81111111111,F,Kuning - Kendaraan Umum,2025-09-10,2026-04-28,BELUM LUNAS,BELUM DIKUNJUNGI
PT KHARISMA TRANS PERKASA,Perusahaan,BL-8569-NP,ACEH,JL MERDEKA TIMUR NO 3A KEL UTEUNKOT,85260121700,F,Kuning - Kendaraan Umum,2025-01-15,2025-12-19,BELUM LUNAS,BELUM DIKUNJUNGI
PT KHARISMA TRANS PERKASA,Perusahaan,BL-8620-KS,ACEH,KOMPLEK TERMINAL KEL. KEUDEE GEUDONG KEC. SAMUDERA KAB. ACEH UTAR,85276762357,F,Kuning - Kendaraan Umum,2025-02-28,2026-02-20,BELUM LUNAS,BELUM DIKUNJUNGI
PT KHARISMA TRANS PERKASA,Perusahaan,BL-8868-KU,ACEH,KOMPLEK TERMINAL KEUDE GEUDONG,85260121700,F,Kuning - Kendaraan Umum,2024-11-18,2025-09-05,BELUM LUNAS,BELUM DIKUNJUNGI
PT KHARISMA TRANS PERKASA,Perusahaan,BL-8947-N,ACEH,JALAN MERDEKA TIMUR NO. 03 A GAMPONG UTEUNKOT KEC. MUARA DUA KOTA,85362853905,F,Kuning - Kendaraan Umum,2025-04-29,2026-03-17,BELUM LUNAS,BELUM DIKUNJUNGI
PT KHARISMA TRANS PERKASA,Perusahaan,BL-1948-NB,ACEH,JL MERDEKA TIMUR NO 3A KEL UTEUNKOT,85200000000,EU,Kuning - Kendaraan Umum,2024-09-17,2025-10-10,BELUM LUNAS,BELUM DIKUNJUNGI
PT KHARISMA TRANS PERKASA,Perusahaan,BL-8530-NP,ACEH,JL. MERDEKA TIMUR NO. 03A KEL. UTEUNKOT KEC. MUARA DUA KOTA LHOKS,8527878000,F,Kuning - Kendaraan Umum,2025-07-21,2026-01-17,BELUM LUNAS,BELUM DIKUNJUNGI
PT KHARISMA TRANS PERKASA,Perusahaan,BL-9402-NP,ACEH,JL.MERDEKA TIMUR NO.3A KEL.UTEUNKOT K,85213541108,F,Kuning - Kendaraan Umum,2025-04-22,2026-04-23,BELUM LUNAS,BELUM DIKUNJUNGI
PT KHARISMA TRANS PERKASA,Perusahaan,BL-1289-NB,ACEH,JL. MERDEKA TIMUR NO. 3A KEL. UTEUNKOT KEC. MUARA DUA KOTA LHOKSE,8111111111,EU,Kuning - Kendaraan Umum,2024-10-29,2025-09-25,BELUM LUNAS,BELUM DIKUNJUNGI
PT KHARISMA TRANS PERKASA,Perusahaan,BL-1368-NL,ACEH,JL. MERDEKA TIMUR NO. 3A KEL.UTEUNKOT KEC. MUARA DUA KOTA LHOKSEU,85278780000,DU,Kuning - Kendaraan Umum,2025-04-08,2026-03-16,BELUM LUNAS,BELUM DIKUNJUNGI
PT KHARISMA TRANS PERKASA,Perusahaan,BL-7524-NL,ACEH,JL. MERDEKA TIMUR NO. 3A KEL. UTEUNKOT KEC. MUARA DUA KOTA LHOKSE,81111111111,EU,Kuning - Kendaraan Umum,2025-01-15,2026-01-18,BELUM LUNAS,BELUM DIKUNJUNGI
PT KHARISMA TRANS PERKASA,Perusahaan,BL-8813-ZP,ACEH,JL. B. ACEH - MEDAN NO. 04 DS. GEULANGGANG BARO KEC. KOTA JUANG K,0,F,Kuning - Kendaraan Umum,2025-10-13,2026-01-05,BELUM LUNAS,BELUM DIKUNJUNGI
PT KHARISMA TRANS PERKASA,Perusahaan,BL-7560-NB,ACEH,JL. MERDEKA TIMUR NO. 3A KEL. UTEUNKOT KEC. MUARA DUA KOTA LHOKSE,8126958035,F,Kuning - Kendaraan Umum,2025-04-30,2026-04-04,BELUM LUNAS,BELUM DIKUNJUNGI
PT KHARISMA TRANS PERKASA,Perusahaan,BL-8757-NP,ACEH,JL. MERDEKA TIMUR NO. 03 A KEL. UTEUNKOT KEC. MUARA DUA KOTA LHOK,81212111111,F,Kuning - Kendaraan Umum,2024-12-16,2025-12-12,BELUM LUNAS,BELUM DIKUNJUNGI
PT KHARISMA TRANS PERKASA,Perusahaan,BL-1774-NB,ACEH,JL. MERDEKA TIMUR NO. 3A KEL. UTEUNKOT KEC. MUARA DUA KOTA LHOKSE,8136542542,EU,Kuning - Kendaraan Umum,2025-06-12,2026-04-22,BELUM LUNAS,BELUM DIKUNJUNGI
PT KHARISMA TRANS PERKASA,Perusahaan,BL-7616-NB,ACEH,JLN.MERDEKA TIMUR NO.04-ACUNDAKEC. MUARA DUA KOTA LHOKSEUMAWE,85275570541,EU,Kuning - Kendaraan Umum,2025-09-03,2026-05-20,BELUM LUNAS,BELUM DIKUNJUNGI
PT KHARISMA TRANS PERKASA,Perusahaan,BL-8796-NP,ACEH,KOMPLEK TERMINAL KEUDE GEUDONG KEC. MUARA DUA KOTA LHOKSEUMAWE,8121212111,F,Kuning - Kendaraan Umum,2026-04-30,2026-08-01,BELUM LUNAS,BELUM DIKUNJUNGI
PT KHARISMA TRANS PERKASA,Perusahaan,BL-7460-NL,ACEH,JL. MERDEKA TIMUR NO. 3A KEL. UTEUNKOT KEC. MUARA DUA KOTA LHOKSE,8527878000,EU,Kuning - Kendaraan Umum,2025-07-09,2026-07-06,BELUM LUNAS,BELUM DIKUNJUNGI
PT KHARISMA TRANS PERKASA,Perusahaan,BL-1773-NB,ACEH,JL. MERDEKA TIMUR NO. 3A KEL. UTEUNKOT KEC. MUARA DUA KOTA LHOKSE,8116565465,EU,Kuning - Kendaraan Umum,2025-04-23,2026-04-22,BELUM LUNAS,BELUM DIKUNJUNGI
PT KHARISMA TRANS PERKASA,Perusahaan,BL-8736-N,ACEH,JL. MERDEKA TIMUR NO.03 A KEL. UTEUNKOT KEC. BANDA SAKTI KOTA LHO,82137998789,F,Kuning - Kendaraan Umum,2024-12-02,2025-11-30,BELUM LUNAS,BELUM DIKUNJUNGI
PT KHARISMA TRANS PERKASA,Perusahaan,BL-8679-N,ACEH,JL. MERDEKA TIMUR NO. 03A KEL. UTEUNKOT KEC. MUARA DUA KOTA LHOKS,85270150530,F,Kuning - Kendaraan Umum,2025-06-17,2026-05-24,BELUM LUNAS,BELUM DIKUNJUNGI
PT KHARISMA TRANS PERKASA,Perusahaan,BL-9509-NP,ACEH,JL. MERDEKA TIMUR NO. 3A KEL. UTEUNKOT KEC. MUARA DUA KOTA LHOKSE,823444555,F,Kuning - Kendaraan Umum,2025-04-30,2026-03-25,BELUM LUNAS,BELUM DIKUNJUNGI
PT KHARISMA TRANS PERKASA,Perusahaan,BL-7614-NB,ACEH,JL. MERDEKA TIMUR NO. 3A KEL. UTEUNKOT KEC. MURA DUA KOTA LHOKSEU,8526371458,EU,Kuning - Kendaraan Umum,2025-01-03,2026-01-07,BELUM LUNAS,BELUM DIKUNJUNGI
PT KHARISMA TRANS PERKASA,Perusahaan,BL-8637-N,ACEH,JL. MERDEKA TIMUR NO. 3A KEL. UTEUNKOT,85236991935,F,Kuning - Kendaraan Umum,2025-05-19,2026-05-11,BELUM LUNAS,BELUM DIKUNJUNGI
PT KHARISMA TRANS PERKASA,Perusahaan,BL-8726-N,ACEH,JL. MERDEKA TIMUR NO.03 A KEL. UTEUNKOT,85260121700,F,Kuning - Kendaraan Umum,2024-10-17,2025-10-09,BELUM LUNAS,BELUM DIKUNJUNGI
PT KHARISMA TRANS PERKASA,Perusahaan,BL-1891-NB,ACEH,JLN.MERDEKA TIMUR NO.3A KEL. UTEUNKOT KEC. MUARA DUA KOTA LHOKSEU,811111111,EU,Kuning - Kendaraan Umum,2025-05-28,2026-03-29,BELUM LUNAS,BELUM DIKUNJUNGI
PT KHARISMA TRANS PERKASA,Perusahaan,BL-7493-NL,ACEH,JL. MERDEKA TIMUR NO. 3-A KEL. UTEUNKOT KEC. MUARA DUA KOTA LHOKS,85277774086,EU,Kuning - Kendaraan Umum,2024-11-11,2025-11-08,BELUM LUNAS,BELUM DIKUNJUNGI
PT KHARISMA TRANS PERKASA,Perusahaan,BL-8971-N,ACEH,JL. MERDEKA TIMUR NO.3A DESA UTEUNKOT KEC. MUARA DUA KOTA LHOKSEU,81222221111,F,Kuning - Kendaraan Umum,2024-10-16,2025-08-15,LUNAS,BELUM DIKUNJUNGI
PT KHARISMA TRANS PERKASA,Perusahaan,BL-8674-N,ACEH,JL. MERDEKA TIMUR NO. 3A KEL. UTEUNKOT KEC. MUARA DUA KOTA LHOKSE,8136532546,F,Kuning - Kendaraan Umum,2025-05-19,2026-04-05,BELUM LUNAS,BELUM DIKUNJUNGI
PT KHARISMA TRANS PERKASA,Perusahaan,BL-8649-N,ACEH,JL. MERDEKA TIMUR NO. 3A KEL. UTEUNKOT KEC. MUARA DUA KOTA LHOKSE,85215452527,F,Kuning - Kendaraan Umum,2024-07-01,2025-08-11,LUNAS,BELUM DIKUNJUNGI
PT KHARISMA TRANS PERKASA,Perusahaan,BL-8737-N,ACEH,JL. MERDEKA TIMUR NO.03 A KEL. UTEUNKOT KEC. MUARA DUA KOTA LHOKS,80000000000,F,Kuning - Kendaraan Umum,2024-12-02,2025-11-30,BELUM LUNAS,BELUM DIKUNJUNGI
PT KHARISMA TRANS PERKASA,Perusahaan,BL-7509-NL,ACEH,JL. MERDEKA TIMUR NO. 03 A KEL. UTEUNKOT KEC. MUARA DUA KOTA LHOK,8136005245,EU,Kuning - Kendaraan Umum,2025-03-27,2026-03-27,BELUM LUNAS,BELUM DIKUNJUNGI
PT  KHARISMA TRANS PERKASA,Perusahaan,BL-8969-KS,ACEH,KOMPLEK TERMINAL KEUDE GEUDONG KEC SAMUDERA KAB ACEH UTARA,0,F,Kuning - Kendaraan Umum,2026-03-10,2026-07-25,BELUM LUNAS,BELUM DIKUNJUNGI
PT KHARISMA PERKASA,Perusahaan,BL-8974-KB,ACEH,KOMPLEK TERMINAL KEUDEE GEUDONG KEC. SAMUDERA KAB. ACEH UTARA,81370000458,F,Kuning - Kendaraan Umum,2025-07-15,2026-07-16,BELUM LUNAS,BELUM DIKUNJUNGI
PTKHARISMA,Perusahaan,BL-8576-KS,ACEH,KOMP TERMINAL KEUDE GEUDONG,85212225458,F,Kuning - Kendaraan Umum,2025-07-23,2026-07-26,LUNAS,BELUM DIKUNJUNGI
PTKHARISMA,Perusahaan,BL-8697-KU,ACEH,KOMPLEK TERMINAL KEUDE GEUDONG,85231110814,F,Kuning - Kendaraan Umum,2025-01-07,2026-01-05,BELUM LUNAS,BELUM DIKUNJUNGI
PT KHARISMA,Perusahaan,BL-8659-N,ACEH,JL. MUTIARA XIII NO. 17 C KEL. ALUE AWE KEC. MUARA DUA KOTA LHOKS,85260109693,F,Kuning - Kendaraan Umum,2025-04-16,2025-12-12,BELUM LUNAS,BELUM DIKUNJUNGI
PTKHADAFI NIAGA PERSADA,Perusahaan,BL-8945-ZP,ACEH,DSN. TGK.MUDA SADANG KEL. COT UNOU KEC. KUALA KAB. BIREUEN,0,F,Kuning - Kendaraan Umum,2025-03-27,2026-04-05,BELUM LUNAS,BELUM DIKUNJUNGI
PT  KARYA MOBIL EXSPRES,Perusahaan,BL-8681-RA,ACEH,JL CUT MEUTIA KEL  TULAAN,0,F,Kuning - Kendaraan Umum,2026-01-28,2026-07-10,BELUM LUNAS,BELUM DIKUNJUNGI
PTKARINSA MAPERLINDO,Perusahaan,BL-6566-NAH,ACEH,JL.MEDAN-B.ACEH NO.65 MNS MESJID KEL.PANGGOI KEC. MUARA DUA KOTA,85278787000,C1,Hitam - Kendaraan Pribadi,2025-12-09,2026-04-07,BELUM LUNAS,BELUM DIKUNJUNGI
PT KARINSA MAPERLINDO,Perusahaan,BL-6858-NAH,ACEH,JL. MEDAN-B. ACEH NO. 65 KEL. MEUNASAH MESJID KEC. MUARA DUA KOTA,85360069530,C1,Hitam - Kendaraan Pribadi,2025-07-01,2026-07-01,BELUM LUNAS,BELUM DIKUNJUNGI
PT KANEUBI RAHMAT RASEUKI,Perusahaan,BL-8635-N,ACEH,JL.PANGLIMA KAOM LR SAKTI DSN JEULEUPE UTEUN BAYI,85260121700,F,Hitam - Kendaraan Pribadi,2025-03-24,2026-03-31,BELUM LUNAS,BELUM DIKUNJUNGI
PT KANA PRISMA AKSES,Perusahaan,BL-4548-ZBE,ACEH,JL MEDAN - BANDA ACEH NO 3 KEL GEULANGGANG GAMPONG KEC KOTA JUANG,81269090091,C1,Hitam - Kendaraan Pribadi,2025-01-14,2025-12-30,BELUM LUNAS,BELUM DIKUNJUNGI
PT KANA PRISMA AKSES,Perusahaan,BL-4565-ZBG,ACEH,JL MEDAN-BANDA  ACEH NO 3 GEULANGGANG GAMPONG,8,C1,Hitam - Kendaraan Pribadi,2025-06-26,2026-05-27,BELUM LUNAS,BELUM DIKUNJUNGI
PT KANA PRISMA AKSES,Perusahaan,BL-4528-ZBE,ACEH,JL MEDAN - BANDA ACEH NO 3 KEL GEULANGGANG GAMPONG KEC KOTA JUANG,812690009,C1,Hitam - Kendaraan Pribadi,2025-01-14,2025-12-30,BELUM LUNAS,BELUM DIKUNJUNGI
PT KANA PRISMA AKSES,Perusahaan,BL-3404-ZBE,ACEH,JL MEDAN - BANDA ACEH NO 3 KEL GEULANGGANG GAMPONG KEC KOTA JUANG,8,C1,Hitam - Kendaraan Pribadi,2025-01-14,2025-12-30,BELUM LUNAS,BELUM DIKUNJUNGI
PT KANA PRISMA AKSES,Perusahaan,BL-5386-ZAS,ACEH,JL MEDAN - BANDA ACEH NO 3 KEL GEULANGGANG GAMPONG KEC KOTA JUANG,8,C1,Hitam - Kendaraan Pribadi,2025-01-14,2025-12-30,BELUM LUNAS,BELUM DIKUNJUNGI
PT KANA PRISMA AKSES,Perusahaan,BL-5632-ZAS,ACEH,JL MEDAN - BANDA ACEH NO 3 KEL GEULANGGANG GAMPONG KEC KOTA JUANG,8,C1,Hitam - Kendaraan Pribadi,2025-01-14,2025-12-30,BELUM LUNAS,BELUM DIKUNJUNGI
PTKANA INSANIMITRA,Perusahaan,BL-1582-NG,ACEH,JL.MERDEKA NO.10 GAMPONG KEUDE CUNDA KEC. MUARA DUA KOTA LHOKSEUM,0,DP,Hitam - Kendaraan Pribadi,2025-03-17,2026-04-05,BELUM LUNAS,BELUM DIKUNJUNGI
PT KANA INSANIMITRA,Perusahaan,BL-1942-NU,ACEH,JLN MERDEKA NO.10 KEL KEUDE CUNDA KEC MUARA DUA KOTA LHOKSEUMAWE,8111111111,DP,Hitam - Kendaraan Pribadi,2025-08-25,2026-07-31,BELUM LUNAS,BELUM DIKUNJUNGI
PT KANA INSANIMITRA,Perusahaan,BL-1920-NR,ACEH,JLN MERDEKA NO. 10 KEL KEUDE CUNDA KEC MUARA DUA KOTA LHOKSEUMAWE,8116702041,DP,Hitam - Kendaraan Pribadi,2025-08-06,2026-07-22,BELUM LUNAS,BELUM DIKUNJUNGI
PT KANA INSANIMITRA,Perusahaan,BL-1583-NG,ACEH,JL.MERDEKA NO.10 GAMPONG KEUDE CUNDA KEC. MUARA DUA KOTA LHOKSEUM,811111111,DP,Hitam - Kendaraan Pribadi,2025-10-15,2026-04-05,BELUM LUNAS,BELUM DIKUNJUNGI
PT KANA INSANIMITRA,Perusahaan,BL-1799-NU,ACEH,JLN MERDEKA NO. 10 KEL KEUDE CUNDA KEC MUARA DUA KOTA LHOKSEUMAWE,8116702041,DP,Hitam - Kendaraan Pribadi,2025-08-04,2026-07-22,BELUM LUNAS,BELUM DIKUNJUNGI
PT JASA MITRA WISATA,Perusahaan,BL-1283-GZ,ACEH,KEL. BLANG KOLAK II KEC. BEBESEN KAB. ACEH TENGAH,81359979090,EU,Kuning - Kendaraan Umum,2025-07-08,2026-07-07,BELUM LUNAS,BELUM DIKUNJUNGI
PT IRHAM JAYA,Perusahaan,BL-8463-NT,ACEH,JL. MAHARAJA NO. 74 DUSUN I KEL. KUTA BLANG KEC. BANDA SAKTI KOTA,85278780000,F,Hitam - Kendaraan Pribadi,2025-01-23,2026-01-19,BELUM LUNAS,BELUM DIKUNJUNGI
PT INTERNASIONAL BUDI MAPAM,Perusahaan,BL-4614-ZAV,ACEH,JL. ISKANDAR MUDA NO. 103 DS. BIREUEN MEUNASAH CAPA KEC. KOTA JUA,82376226308,C1,Hitam - Kendaraan Pribadi,2025-07-17,2026-07-14,LUNAS,BELUM DIKUNJUNGI
PT INDRA UTAMA ACEH,Perusahaan,BL-8267-KC,ACEH,JL. CUT MEUTIA NO. 10 LHOKSEUMAWE KEC. BANDA SAKTI KOTA LHOKSEUMA,0,DP,Hitam - Kendaraan Pribadi,2024-12-23,2025-09-11,BELUM LUNAS,BELUM DIKUNJUNGI
PT INDAH BUKIT TURSINA,Perusahaan,BL-8316-KA,ACEH,JALAN MEDAN-BANDA ACEH DS. MEUNASAH GEUMATA KEC. LHOKSUKON KAB. A,0,DP,Hitam - Kendaraan Pribadi,2025-03-10,2026-03-13,LUNAS,BELUM DIKUNJUNGI
PT INAYA DARKA ABADI,Perusahaan,BL-8907-GB,ACEH,KAMPUNG NUNANG ANTARA KEL NUNANG ANTARA KEC BEBESEN KAB ACEH TENG,8,F,Kuning - Kendaraan Umum,2025-07-02,2026-06-30,BELUM LUNAS,BELUM DIKUNJUNGI
PTIMA MEUKAT RAYA,Perusahaan,BL-3777-QY,ACEH,JL.MDN-B.ACEH PO.BOX 21 K.PT PIM TB TUNONG,82253071820,C1,Hitam - Kendaraan Pribadi,2025-02-20,2025-12-29,BELUM LUNAS,BELUM DIKUNJUNGI
PT IMA MEUKAT RAYA,Perusahaan,BL-1676-KB,ACEH,JLN. SINGGALANG NO. 16 DESA TAMBON TUNONG KEC. DEWANTARA KAB. ACE,81111111111,DP,Hitam - Kendaraan Pribadi,2025-06-25,2026-06-30,BELUM LUNAS,BELUM DIKUNJUNGI
PT IMA MEUKAT RAYA,Perusahaan,BL-6828-KW,ACEH,JL. GEUREUDONG NO. 37 KOMPLEK PT. PIM KEC. DEWANTARA KAB. ACEH UT,0,C1,Hitam - Kendaraan Pribadi,2025-02-05,2026-02-27,BELUM LUNAS,BELUM DIKUNJUNGI
PTILHAM MAKMUR MANDIRI,Perusahaan,BL-8705-KC,ACEH,DUSUN T.MUDA BRAMAT KEL.TRIENG MATANG UBI KEC.LHOK SUKON KAB.ACEH,81104121020,F,Kuning - Kendaraan Umum,2025-05-22,2026-02-23,BELUM LUNAS,BELUM DIKUNJUNGI
PTILHAM MAKMUR MANDIRI,Perusahaan,BL-8548-KS,ACEH,DSN T MUDA BRAMAT GP.TRIENG MT.UBI,85260636644,F,Kuning - Kendaraan Umum,2025-03-10,2026-02-23,BELUM LUNAS,BELUM DIKUNJUNGI
PTILHAM MAKMUR MANDIRI,Perusahaan,BL-8980-KC,ACEH,GAMPONG MEUNASAH TRIENG MATANG UBI DESA TRIENG MATANG UBI KEC.LHO,8,F,Kuning - Kendaraan Umum,2026-03-04,2026-06-30,BELUM LUNAS,BELUM DIKUNJUNGI
PT ILHAM MAKMUR MANDIRI,Perusahaan,BL-8708-KC,ACEH,GAMPONG MEUNASAH TRIENG MATANG UBI KEL. TRIENG MATANG UBI KEC. LH,0,F,Kuning - Kendaraan Umum,2025-12-23,2026-07-25,BELUM LUNAS,BELUM DIKUNJUNGI
PT ILHAM MAKMUR MANDIRI,Perusahaan,BL-8505-KT,ACEH,GAMPONG MEUNASAH TRIENG MATANG UBI KEL. TRIENG MATANG UBI KEC. LH,0,F,Kuning - Kendaraan Umum,2024-10-22,2025-10-24,BELUM LUNAS,BELUM DIKUNJUNGI
PT ILHAM MAKMUR MANDIRI,Perusahaan,BL-8508-KT,ACEH,GAMPONG MEUNASAH TRIENG MATANG UBI,85235774040,F,Kuning - Kendaraan Umum,2025-02-06,2025-12-03,BELUM LUNAS,BELUM DIKUNJUNGI
PT ILHAM MAKMUR MANDIRI,Perusahaan,BL-8994-KC,ACEH,GP MEUNASAH TRIENG MATANG UBI DESA TRIENG MATANG UBI KEC. LHOKSUK,0,F,Kuning - Kendaraan Umum,2025-05-19,2026-06-30,LUNAS,BELUM DIKUNJUNGI
PT ILHAM MAKMUR MANDIRI,Perusahaan,BL-8986-KC,ACEH,DSN. T. MUDA BRAMAT KEL.TRIENG MATANG UBI KEC. LHOKSUKON KAB. ACE,85358618823,F,Kuning - Kendaraan Umum,2024-11-28,2025-11-30,BELUM LUNAS,BELUM DIKUNJUNGI
PT ILHAM MAKMUR MANDIRI,Perusahaan,BL-8615-KT,ACEH,GAMPONG MEUNASAH TRIENG MATANG UBI KEL. TRIENG MATANG UBI KEC. LH,8,F,Kuning - Kendaraan Umum,2025-06-26,2026-06-23,BELUM LUNAS,BELUM DIKUNJUNGI
PTIKA LIMA DEWANTARA,Perusahaan,BL-8811-KU,ACEH,JL.BANDA ACEH - MEDAN KM 258 KEUDE KRUENG GEUKUEH KEC.DEWANTARA K,82365652020,F,Kuning - Kendaraan Umum,2025-04-21,2026-04-25,LUNAS,BELUM DIKUNJUNGI
PT IKA LIMA DEWANTARA,Perusahaan,BL-8510-NW,ACEH,JL. BANDA ACEH - MEDAN KM. 258 KEL. KEUDE KRUENG GEUKEUH KEC. DEW,8111111111,F,Kuning - Kendaraan Umum,2025-07-21,2026-07-23,LUNAS,BELUM DIKUNJUNGI
PT HORAS GAYO EKSPRES,Perusahaan,BL-8525-GB,ACEH,JL SENGEDA NO 566 KEL TAKENGON TIMUR KEC LUT TAWAR KAB ACEH TENGA,0,F,Kuning - Kendaraan Umum,2024-10-04,2025-10-04,BELUM LUNAS,BELUM DIKUNJUNGI
PT HORAS GAYO EKSPRES,Perusahaan,BL-8631-GB,ACEH,JL. SENGEDA KEL. BALE ATU KEC LUT TAWAR KAB ACEH TENGAH,85213251108,F,Kuning - Kendaraan Umum,2025-11-17,2026-06-02,BELUM LUNAS,BELUM DIKUNJUNGI
PT HOKA LINTAS TRANSPORTINDO,Perusahaan,BL-8923-KU,ACEH,JL PERTAMINA HULU ENERGI DS KEUDE NIBONG KEC NIBONG KAB ACEH UTAR,81397045257,F,Kuning - Kendaraan Umum,2024-12-12,2025-12-01,BELUM LUNAS,BELUM DIKUNJUNGI
PTHIKA EXPRESS PERDANA,Perusahaan,BL-8741-GB,ACEH,"JLN.ABDUL WAHAB NO.7 KEBAYAKAN,TAKENGON KEC. KEBAYAKAN KAB. ACEH",8126933909,F,Kuning - Kendaraan Umum,2025-07-01,2026-04-12,BELUM LUNAS,BELUM DIKUNJUNGI
PT HASANUL SADRI,Perusahaan,BL-8774-KC,ACEH,KEL. MEUNASAH ARON KEC. MUARA BATU KAB. ACEH UTARA,85362592483,F,Kuning - Kendaraan Umum,2025-07-31,2026-07-11,BELUM LUNAS,BELUM DIKUNJUNGI
PT HASANUL SADRI,Perusahaan,BL-8635-KC,ACEH,GAMPONG MEUNASAH ARON KEC. MUARA BATU KAB. ACEH UTARA,82369294007,F,Kuning - Kendaraan Umum,2025-08-06,2026-06-02,BELUM LUNAS,BELUM DIKUNJUNGI
PT HASANUL SADRI,Perusahaan,BL-8894-KC,ACEH,KEL. MEUNASAH ARON,8136052555,F,Kuning - Kendaraan Umum,2025-03-12,2026-03-15,LUNAS,BELUM DIKUNJUNGI
PT HASANUL SADRI,Perusahaan,BL-8770-KC,ACEH,KEL. MEUNASAH ARON KEC. MUARA BATU KAB. ACEH UTARA,822344565677,F,Kuning - Kendaraan Umum,2025-12-18,2026-05-09,BELUM LUNAS,BELUM DIKUNJUNGI
PT HASANUL SADRI,Perusahaan,BL-8890-KC,ACEH,KEL. MEUNASAH ARON KEC. MUARA BATU KAB. ACEH UTARA,0,F,Kuning - Kendaraan Umum,2025-07-30,2026-02-01,BELUM LUNAS,BELUM DIKUNJUNGI
PT HASANUL SADRI,Perusahaan,BL-8871-KC,ACEH,GAMPONG MEUNASAH ARON,85259874519,F,Kuning - Kendaraan Umum,2025-01-02,2025-12-07,BELUM LUNAS,BELUM DIKUNJUNGI
PT HARUM JAYA,Perusahaan,BL-8846-KC,ACEH,JL. MEDAN-B. ACEH GP. MNS. TUTONG KEC. LHOKSUKON KAB. ACEH UTARA,85362006456,F,Kuning - Kendaraan Umum,2025-08-26,2026-05-24,BELUM LUNAS,BELUM DIKUNJUNGI
PT HARUM JAYA,Perusahaan,BL-8922-KU,ACEH,JL MEDAN BANDA ACEH KM 307 RT RW MNS MEUNYE MATANG UBI LHOSUKON A,0,F,Kuning - Kendaraan Umum,2024-11-29,2025-08-19,LUNAS,BELUM DIKUNJUNGI
PT HARUM JAYA,Perusahaan,BL-8116-KL,ACEH,JL. MEDAN-BANDA ACEH KM. 307 KEL MNS MEUNYE MATANG UBI KEC. LHOKS,88262541178,F,Hitam - Kendaraan Pribadi,2026-03-30,2026-06-15,BELUM LUNAS,BELUM DIKUNJUNGI
PT GENERAL AGROMESIN LESTARI,Perusahaan,BL-8239-NG,ACEH,JLN.B.ACEH-MEDAN DUSUN C ALUE SERIBU GP MEUNASAH PANGGOI KEC.MUAR,8520000000,DP,Hitam - Kendaraan Pribadi,2025-06-02,2026-06-02,BELUM LUNAS,BELUM DIKUNJUNGI
PT GAYO HIGHLAND TRANSPORT,Perusahaan,BL-7343-GZ,ACEH,JL. LEMBAGA KEL. KEMILI KEC. BEBESEN KAB. ACEH TENGAH,80000000000,EU,Kuning - Kendaraan Umum,2025-04-25,2026-04-27,BELUM LUNAS,BELUM DIKUNJUNGI
PTGAYO DUMP PERKASA,Perusahaan,BL-8744-G,ACEH,JLN BIREUEN-TAKENGON DS PAYA TUMPI KEC.KEBAYAKAN KAB.ACEH TENGAH,81173010507,F,Kuning - Kendaraan Umum,2025-03-24,2026-02-11,BELUM LUNAS,BELUM DIKUNJUNGI
PTGAYO DUMP PERKASA,Perusahaan,BL-8505-GB,ACEH,PAYA TUMPI KEC. KEBAYAKAN KAB. ACEH TENGAH,85277269252,F,Kuning - Kendaraan Umum,2025-07-02,2026-07-18,BELUM LUNAS,BELUM DIKUNJUNGI
PTGAYO DUMP PERKASA,Perusahaan,BL-8602-GP,ACEH,DS PAYA TUMPI I KEC. KEBAYAKAN KAB. ACEH TENGAH,80000000000,F,Kuning - Kendaraan Umum,2025-01-03,2026-01-26,BELUM LUNAS,BELUM DIKUNJUNGI
PTGAYO DUMP PERKASA,Perusahaan,BL-8523-GP,ACEH,JLN.TAKENGON-BIREUN DS.PAYA TUMPI KEC. KEBAYAKAN KAB. ACEH TENGAH,81323609820,F,Kuning - Kendaraan Umum,2025-05-28,2026-05-28,BELUM LUNAS,BELUM DIKUNJUNGI
PT GAYO DUMP PERKASA,Perusahaan,BL-8622-GP,ACEH,DS.PAYA TUMPI 1 KEC. KEBAYAKAN KAB. ACEH TENGAH,85371603755,F,Kuning - Kendaraan Umum,2025-01-08,2025-11-10,BELUM LUNAS,BELUM DIKUNJUNGI
PT GAYO DUMP PERKASA,Perusahaan,BL-8672-GP,ACEH,JL. BIREUEN-TAKENGON KEL. PAYA TUMPI I KEC. KEBAYAKAN KAB. ACEH T,81360210078,F,Kuning - Kendaraan Umum,2025-01-08,2026-01-11,BELUM LUNAS,BELUM DIKUNJUNGI
PT GAYO DUMP PERKASA,Perusahaan,BL-8671-GB,ACEH,JL. BIREUEN - TAKENGON KP. PAYA TUMPI I KEC KEBAYAKAN KAB ACEH TE,85261774144,F,Kuning - Kendaraan Umum,2024-09-27,2025-12-26,BELUM LUNAS,BELUM DIKUNJUNGI
PT GAYO DUMP PERKASA,Perusahaan,BL-8621-GP,ACEH,DS PAYA TUMPI I KEC. KEBAYAKAN KAB. ACEH TENGAH,82256451251,F,Kuning - Kendaraan Umum,2024-11-04,2025-11-11,BELUM LUNAS,BELUM DIKUNJUNGI
PT GAYO DUMP PERKASA,Perusahaan,BL-8619-GP,ACEH,DS. MONGAL KEC. BEBESEN KAB. ACEH TENGAH,82325250055,F,Kuning - Kendaraan Umum,2024-09-03,2025-08-25,LUNAS,BELUM DIKUNJUNGI
PT GAYO DUMP PERKASA,Perusahaan,BL-8680-GP,ACEH,JL TAKENGON-BIREUEN KEL. PAYA TUMPI KEC. KEBAYAKAN KAB. ACEH TENG,82360130674,F,Kuning - Kendaraan Umum,2024-12-31,2025-12-19,BELUM LUNAS,BELUM DIKUNJUNGI
PT GAYO DUMP PERKASA,Perusahaan,BL-8682-GP,ACEH,JLN. TAKENGON - BIREUEN KEL. PAYA TUMPI,85211032328,F,Kuning - Kendaraan Umum,2025-02-12,2026-01-23,BELUM LUNAS,BELUM DIKUNJUNGI
PT GAYO DUMP PERKASA,Perusahaan,BL-8667-GP,ACEH,JL. TAKENGON-BIREUEN KEL. PAYA TUMPI KEC. KEBAYAKAN KAB. ACEH TEN,82360130674,F,Kuning - Kendaraan Umum,2025-06-10,2026-05-25,BELUM LUNAS,BELUM DIKUNJUNGI
PT GAYO DUMP PERKASA,Perusahaan,BL-8557-GB,ACEH,DS. PAYA TUMPI I KEC.KEBANYAKAN KAB.ACEH TENGAH,80000000000,F,Kuning - Kendaraan Umum,2025-06-05,2025-12-10,BELUM LUNAS,BELUM DIKUNJUNGI
PT GAYO DUMP PERKASA,Perusahaan,BL-8696-GB,ACEH,DS. PAYA TUMPI I KEC. KEBAYAKAN KAB. ACEH TENGAH,8000000000,F,Kuning - Kendaraan Umum,2025-08-04,2026-07-03,BELUM LUNAS,BELUM DIKUNJUNGI
PT GAYO DUMP PERKASA,Perusahaan,BL-8635-GP,ACEH,DS. PAYA TUMPI KEC. KEBAYAKAN KAB. ACEH TENGAH,8527878000,F,Kuning - Kendaraan Umum,2025-12-23,2026-04-28,BELUM LUNAS,BELUM DIKUNJUNGI
PT GAYO DUMP PERKASA,Perusahaan,BL-8739-GB,ACEH,KEL PAYA TUMPI KEC KEBAYAKAN KAB ACEH TENGAH,82276614164,F,Kuning - Kendaraan Umum,2025-11-13,2026-03-12,BELUM LUNAS,BELUM DIKUNJUNGI
PT GAYO DUMP PERKASA,Perusahaan,BL-8761-GB,ACEH,DS.PAYA TUMPI I KEC. KEBAYAKAN KAB. ACEH TENGAH,80000000000,F,Kuning - Kendaraan Umum,2025-11-20,2026-07-18,BELUM LUNAS,BELUM DIKUNJUNGI
PT GAYO DUMP PERKASA,Perusahaan,BL-8655-GP,ACEH,JL. TAKENGON-BIREUN KEL. PAYA TUMPI KEC. KEBAYAKAN KAB. ACEH TENG,85294821283,F,Kuning - Kendaraan Umum,2024-11-22,2025-11-25,BELUM LUNAS,BELUM DIKUNJUNGI
PT GAYO DUMP PERKASA,Perusahaan,BL-8646-GP,ACEH,JLN. TAKENGON-BIREUEN DS. PAYA TUMPI I KEC. KEBAYAKAN KAB. ACEH T,85263625241,F,Kuning - Kendaraan Umum,2025-01-02,2025-12-08,BELUM LUNAS,BELUM DIKUNJUNGI
PT GAYO DUMP PERKASA,Perusahaan,BL-8784-GB,ACEH,JL.TAKENGON-BIREUEN KEL. PAYA TUMPI KEC. KEBAYAKAN KAB. ACEH TENG,82211615202,F,Kuning - Kendaraan Umum,2026-04-30,2026-05-23,BELUM LUNAS,BELUM DIKUNJUNGI
PT GAYO DUMP PERKASA,Perusahaan,BL-8698-GP,ACEH,JL. BIREUEN TAKENGON KP. PAYA TUMPI KEC. KEBAYAKAN KAB. ACEH TENG,82360130674,F,Kuning - Kendaraan Umum,2025-02-25,2026-01-23,BELUM LUNAS,BELUM DIKUNJUNGI
PT GAYO DUMP PERKASA,Perusahaan,BL-8711-GB,ACEH,JL. TAKENGON-BIREUEN KP. PAYA TUMPI KEC. KEBAYAKAN KAB. ACEH TENG,85297559331,F,Kuning - Kendaraan Umum,2024-11-22,2025-11-25,BELUM LUNAS,BELUM DIKUNJUNGI
PT GAYO DUMP PERKASA,Perusahaan,BL-8860-GB,ACEH,JL.BIREUN - TAKENGON KEL. KP. PAYA TUMPI I,0,F,Kuning - Kendaraan Umum,2025-07-09,2026-07-11,BELUM LUNAS,BELUM DIKUNJUNGI
PT GAYO DUMP PERKASA,Perusahaan,BL-8674-GP,ACEH,JL. TAKENGON-BIREUEN KEL. PAYA TUMPI KEC. KEBAYAKAN KAB. ACEH TEN,82315321779,F,Kuning - Kendaraan Umum,2025-05-21,2026-02-24,BELUM LUNAS,BELUM DIKUNJUNGI
PT GAYO DUMP PERKASA,Perusahaan,BL-8684-GP,ACEH,JL. TAKENGON-BIREUEN KEL. PAYA TUMPI KEC. KEBAYAKAN KAB. ACEH TEN,85260746280,F,Kuning - Kendaraan Umum,2025-01-24,2026-01-25,BELUM LUNAS,BELUM DIKUNJUNGI
PTFISAFA IHTIYERI CIPTA,Perusahaan,BL-8595-GP,ACEH,DS.SIMPANG EMPAT KEC. BEBESEN KAB. ACEH TENGAH,82260022112,F,Kuning - Kendaraan Umum,2024-10-22,2025-10-20,BELUM LUNAS,BELUM DIKUNJUNGI
PTFARAMIGA SINDO ENERGY,Perusahaan,BL-8801-ZK,ACEH,JLN TGK DIPULO NO.31 A KEL.GAMPONG BARO KEC KOTA JUANG KAB BIREUE,85277238835,F,Kuning - Kendaraan Umum,2024-12-18,2025-11-01,BELUM LUNAS,BELUM DIKUNJUNGI
PTFAJAR FERDIAN COMPANY,Perusahaan,BL-8617-KS,ACEH,JL.MEDAN - B.ACEH GAMPONG ULEE TANOH KEC.TANAH PASIR KAB.ACEH UTA,81361631814,F,Kuning - Kendaraan Umum,2025-10-09,2026-06-18,BELUM LUNAS,BELUM DIKUNJUNGI
PT ENSEVAL PUTERA MEGATRADING TBK,Perusahaan,BL-1543-NR,ACEH,JLN. ELAK GAMPONG DS. JEULIKAT KEC. BLANG MANGAT KOTA LHOKSEUMAWE,811111111,DP,Hitam - Kendaraan Pribadi,2025-10-30,2026-08-01,LUNAS,BELUM DIKUNJUNGI
PT ENERGY MUTU PRATAMA,Perusahaan,BL-8982-NH,ACEH,JL. RANCUNG NO. 68-B DUSUN A KEL. BATUPHAT TIMUR KEC. MUARA SATU,85265212151,F,Kuning - Kendaraan Umum,2025-10-14,2026-04-25,BELUM LUNAS,BELUM DIKUNJUNGI
PT DUTA PEUGANDA PERLASA,Perusahaan,BL-8793-Z,ACEH,DS PALOH ME KEC. GANDAPURA KAB. BIREUEN,81262298880,F,Kuning - Kendaraan Umum,2025-04-08,2026-04-02,BELUM LUNAS,BELUM DIKUNJUNGI
PTDUNIA KATALIS,Perusahaan,BL-8744-ZK,ACEH,JL.BIREUEN-TAKENGON GP.JULI SEUTUY,85277881650,F,Kuning - Kendaraan Umum,2025-01-13,2026-03-21,BELUM LUNAS,BELUM DIKUNJUNGI
PT DUNIA BARUSA,Perusahaan,BL-8154-NG,ACEH,JL MERDEKA NO.76 DESA MON GEUDONG KEC. BANDA SAKTI KOTA LHOKSEUMA,8,DP,Hitam - Kendaraan Pribadi,2025-01-03,2025-12-27,BELUM LUNAS,BELUM DIKUNJUNGI
PTDIAN PRATAMA DEWANTARA,Perusahaan,BL-8672-KS,ACEH,JL.MEDAN-B.ACEH KM.255 DSN COT TUNONG ULEE REULIENG K,85260610226,F,Kuning - Kendaraan Umum,2024-10-16,2025-10-09,BELUM LUNAS,BELUM DIKUNJUNGI
PT DIAN PRATAMA DEWANTARA,Perusahaan,BL-8852-KU,ACEH,JL. MEDAN - BANDA ACEH KM. 225 KEL. ULEE REULEUNG KEC. DEWANTARA,81108040768,F,Kuning - Kendaraan Umum,2025-02-14,2026-02-11,LUNAS,BELUM DIKUNJUNGI
PT DIAN PRATAMA DEWANTARA,Perusahaan,BL-8723-KU,ACEH,JL. MEDAN- BANDA ACEH KM. 225 DUSUN COT TUNONG KEC. DEWANTARA KAB,0,F,Kuning - Kendaraan Umum,2025-06-16,2026-06-16,BELUM LUNAS,BELUM DIKUNJUNGI
PT DIAN PRATAMA DEWANTARA,Perusahaan,BL-8853-NP,ACEH,DUSUN COT TUNONG KEL. ULEE REULEUNG KEC. DEWANTARA KAB. ACEH UTAR,8523658458,F,Hitam - Kendaraan Pribadi,2025-04-15,2026-03-23,BELUM LUNAS,BELUM DIKUNJUNGI
PTDEWI ANDI GROUP,Perusahaan,BL-8683-KS,ACEH,JL.MEDAN-B.ACEH NO.72 SP.CIBREK KEC. SYAMTALIRA ARON KAB. ACEH UT,85263625242,F,Kuning - Kendaraan Umum,2024-10-21,2025-09-25,BELUM LUNAS,BELUM DIKUNJUNGI
PTDEWI ANDI GROUP,Perusahaan,BL-8591-KD,ACEH,JL.MEDAN-B.ACEH NO.72 CIBREK TUNONG,85211082018,F,Kuning - Kendaraan Umum,2025-05-05,2026-02-19,BELUM LUNAS,BELUM DIKUNJUNGI
PT DEWI ANDI GROUP,Perusahaan,BL-9538-KI,ACEH,JL. MEDAN - BANDA ACEH NO.72 SIMPANG CIBREK,85240565140,F,Kuning - Kendaraan Umum,2024-07-31,2025-08-09,LUNAS,BELUM DIKUNJUNGI
PT DEWI ANDI GROUP,Perusahaan,BL-8925-KU,ACEH,JL. MEDAN BANDA ACEH NO 72 CEUBREK TUNONG,85354785878,F,Kuning - Kendaraan Umum,2025-01-17,2026-01-18,BELUM LUNAS,BELUM DIKUNJUNGI
PT DEWI ANDI GROUP,Perusahaan,BL-8629-KC,ACEH,JL. MEDAN B.ACEH NO.72 KEL. SIMPANG CIBREK,811670131,F,Kuning - Kendaraan Umum,2025-05-28,2026-01-20,BELUM LUNAS,BELUM DIKUNJUNGI
PT DEWI ANDI GROUP,Perusahaan,BL-1220-KE,ACEH,JL MEDAN BANDA ACEH NO 72 KEL CIBREK TUNONG KEC SYAMTALIRA ARON K,0,DP,Hitam - Kendaraan Pribadi,2025-08-04,2026-07-20,BELUM LUNAS,BELUM DIKUNJUNGI
PT DEWI ANDI GROUP,Perusahaan,BL-8773-KS,ACEH,JL. MEDAN BANDA ACEH NO.72 CEUBREK TUNONG,85325478555,F,Kuning - Kendaraan Umum,2025-04-08,2026-01-18,BELUM LUNAS,BELUM DIKUNJUNGI
PT DEWI ANDI GROUP,Perusahaan,BL-8987-KC,ACEH,JL. MEDAN - BANDA ACEH NO.72 SIMPANG CIBREK,811670131,F,Kuning - Kendaraan Umum,2024-12-09,2025-08-29,BELUM LUNAS,BELUM DIKUNJUNGI
PT DERRE PRATION GROUP,Perusahaan,BL-8225-KT,ACEH,JL. A 12 EXXON MOBIL NO.2 KEL. SP CIBREK,85277738124,DP,Hitam - Kendaraan Pribadi,2025-11-03,2026-06-21,BELUM LUNAS,BELUM DIKUNJUNGI
PT DERRE PRATION GROUP,Perusahaan,BL-8239-KT,ACEH,JL. A 12 EXXON MOBIL NO.2 SP CIBREK,85262644577,DP,Hitam - Kendaraan Pribadi,2025-11-03,2026-05-10,LUNAS,BELUM DIKUNJUNGI
PT DERRE PRATION GROUP,Perusahaan,BL-8246-KA,ACEH,JALAN A-12 EXXON MOBIL NO. 2 KEL. SP. CIBREK N ACEH UTARA,81173022505,F,Hitam - Kendaraan Pribadi,2025-01-15,2026-01-02,LUNAS,BELUM DIKUNJUNGI
PT DARUSSALAM PERSADA,Perusahaan,BL-6935-NP,ACEH,JL. MALIKUSSALEH NO. 91A KAMPUNG JAWA KEC. BANDA SAKTI KOTA LHOKS,85655000000,C1,Kuning - Kendaraan Umum,2025-03-13,2026-03-13,BELUM LUNAS,BELUM DIKUNJUNGI
PTCITRA PERKASA MAJU,Perusahaan,BL-8662-ZT,ACEH,JL.SULTAN ISKANDAR MUDA-TITI RUMBIA NO.08 KEC.KOTA JUANG KAB. BIR,81360505353,F,Kuning - Kendaraan Umum,2024-06-06,2025-08-31,BELUM LUNAS,BELUM DIKUNJUNGI
PT CITRA PASE INDAH,Perusahaan,BL-1869-NF,ACEH,JALAN MERDEKA BARAT NO. 01 DESA KUTA BLANG KEC. BANDA SAKTI KOTA,8,DP,Hitam - Kendaraan Pribadi,2024-12-18,2025-12-25,BELUM LUNAS,BELUM DIKUNJUNGI
PT CITRA BINTANG FAMILINDO,Perusahaan,BL-8288-NF,ACEH,JL. MERDEKA NO. 32 KEL. SIMPANG EMPAT KEC. BANDA SAKTI KOTA LHOKS,81167542100,F,Hitam - Kendaraan Pribadi,2025-04-11,2026-01-02,BELUM LUNAS,BELUM DIKUNJUNGI
PT CITRA BINTANG FAMILINDO,Perusahaan,BL-8570-N,ACEH,JL. MERDEKA NO. 32 KEL. SIMPANG EMPAT KEC. BANDA SAKTI KOTA LHOKS,81123467787,F,Kuning - Kendaraan Umum,2025-08-27,2026-07-15,LUNAS,BELUM DIKUNJUNGI
PT CITRA BINTANG FAMILINDO,Perusahaan,BL-8264-NF,ACEH,JL. MERDEKA NO. 32 KEL. SIMPANG EMPAT KEC. BANDA SAKTI KOTA LHOKS,85260121700,F,Hitam - Kendaraan Pribadi,2024-09-20,2025-09-05,BELUM LUNAS,BELUM DIKUNJUNGI
PT CITRA BINTANG FAMILINDO,Perusahaan,BL-8971-NP,ACEH,JL. MERDEKA NO. 32 KEL. SIMPANG EMPAT KEC. BANDA SAKTI KOTA LHOKS,85278780000,F,Kuning - Kendaraan Umum,2025-02-20,2026-01-20,LUNAS,BELUM DIKUNJUNGI
PT CITRA BINTANG FAMILINDO,Perusahaan,BL-8930-NB,ACEH,JL. MERDEKA NO. 32 KEC. BANDA SAKTI KOTA LHOKSEUMAWE,85362773716,F,Kuning - Kendaraan Umum,2026-01-07,2026-07-07,BELUM LUNAS,BELUM DIKUNJUNGI
PT CIPUGA GAS,Perusahaan,BL-8423-NF,ACEH,JL. MERDEKA NO.138A KEL. GAMPONG UTEUNKOT KEC. MUARA DUA KOTA LHO,85262121214,F,Hitam - Kendaraan Pribadi,2025-02-25,2026-01-21,BELUM LUNAS,BELUM DIKUNJUNGI
PTCIA SURYA ABADI,Perusahaan,BL-8572-KC,ACEH,DUSUN BTN AAF BLOCK E NO.02 GAMPONG PALOH LADA KEC.DEWANTARA KAB.,85211080429,F,Kuning - Kendaraan Umum,2025-06-18,2025-11-16,BELUM LUNAS,BELUM DIKUNJUNGI
PTCIA SURYA ABADI,Perusahaan,BL-9501-KR,ACEH,DUSUN BTN AAF BLOK E. N0.02 GAMPONG PALOH LADA,85211060327,F,Kuning - Kendaraan Umum,2025-06-16,2026-04-02,BELUM LUNAS,BELUM DIKUNJUNGI
PTCIA SURYA ABADI,Perusahaan,BL-8931-KU,ACEH,KOMPLEK BTN AAF E NO.02 PALOH LADA DEWANTARAN,85213110804,F,Kuning - Kendaraan Umum,2025-06-16,2026-06-28,BELUM LUNAS,BELUM DIKUNJUNGI
PTCIA SURYA ABADI,Perusahaan,BL-9502-KI,ACEH,DUSUN BTN AAF BLOCK E NO.02 KEL. PALOH LADA,85213110808,F,Kuning - Kendaraan Umum,2024-10-03,2026-01-17,BELUM LUNAS,BELUM DIKUNJUNGI
PTCIA SURYA ABADI,Perusahaan,BL-9503-KI,ACEH,KOMP.BTN AAF BLOK E NO.02 DSN IV GP.PALOH LADA KEC DEWANTARA KAB,81398755545,F,Kuning - Kendaraan Umum,2025-06-18,2026-01-17,BELUM LUNAS,BELUM DIKUNJUNGI
PT CIA SURYA ABADI,Perusahaan,BL-9511-KI,ACEH,KPR BTN AAF BLOK E 02 PALOH LADA,85123511080,F,Kuning - Kendaraan Umum,2024-10-03,2025-10-22,BELUM LUNAS,BELUM DIKUNJUNGI
PT CIA SURYA ABADI,Perusahaan,BL-9512-KI,ACEH,KPR BTN AAF BLOK E 02 PALOH LADA,852,F,Kuning - Kendaraan Umum,2024-10-03,2025-10-22,BELUM LUNAS,BELUM DIKUNJUNGI
PT CIA SURYA ABADI,Perusahaan,BL-9510-KI,ACEH,KPR BTN AAF BLOK E 02 PALOH LADA,81114024706,F,Kuning - Kendaraan Umum,2024-10-03,2025-10-22,BELUM LUNAS,BELUM DIKUNJUNGI
PT CENDRAWASIH JAYA TRNSPORT,Perusahaan,BL-8718-ZK,ACEH,JLN LAKSAMANA MALAHAYATI GP PULO KITON KEC. KOTA JUANG KAB. BIREU,85260343089,F,Kuning - Kendaraan Umum,2025-07-30,2026-07-01,BELUM LUNAS,BELUM DIKUNJUNGI
PTCENDRAWASIH JAYA TRANSPORT,Perusahaan,BL-7519-ZA,ACEH,JL.UTAMA KEL.GEUDONG ALUE KEC.KOTA JUANG KAB.BIREUEN,85260691160,EU,Kuning - Kendaraan Umum,2025-11-17,2026-03-20,BELUM LUNAS,BELUM DIKUNJUNGI
PTCENDRAWASIH JAYA TRANSPORT,Perusahaan,BL-1937-ZZ,ACEH,JL.UTAMA KEL.GEUDONG ALUE KEC.KOTA JUANG KAB.BIREUEN,85260691162,EU,Kuning - Kendaraan Umum,2024-12-06,2025-12-09,BELUM LUNAS,BELUM DIKUNJUNGI
PTCENDRAWASIH JAYA TRANSPORT,Perusahaan,BL-7658-ZA,ACEH,JLN LAKSAMANA MALAHAYATI DS. PULO KITON KEC. KOTA JUANG KAB. BIRE,81396714290,EU,Kuning - Kendaraan Umum,2025-12-23,2026-07-15,BELUM LUNAS,BELUM DIKUNJUNGI
PTCENDRAWASIH JAYA TRANSPORT,Perusahaan,BL-7334-Z,ACEH,JLN UTAMA RT.00 RW.00 KEL.GEDONG ALUE KEC. KOTA JUANG KAB. BIREUE,85260691162,EU,Kuning - Kendaraan Umum,2025-08-26,2026-08-03,LUNAS,BELUM DIKUNJUNGI
PTCENDRAWASIH JAYA TRANSPORT,Perusahaan,BL-1232-ZA,ACEH,JALAN UTAMA KEL.GEUDONG ALUE KEC.KOTA JUANG KAB.BIREUEN,82277257750,DU,Kuning - Kendaraan Umum,2025-06-26,2026-06-28,BELUM LUNAS,BELUM DIKUNJUNGI
PTCENDRAWASIH JAYA TRANSPORT,Perusahaan,BL-7112-ZT,ACEH,JL. UTAMA KEL. GEUDONG ALUE KEC. KOTA JUANG KAB. BIREUEN,85260691162,EU,Kuning - Kendaraan Umum,2024-12-18,2025-11-02,BELUM LUNAS,BELUM DIKUNJUNGI
PTCENDRAWASIH JAYA TRANSPORT,Perusahaan,BL-1341-ZA,ACEH,JL.UTAMA GP. GEUDONG ALUE KEC.KOTA JUANG KAB.BIREUEN,85260691162,EU,Kuning - Kendaraan Umum,2024-12-23,2026-01-03,BELUM LUNAS,BELUM DIKUNJUNGI
PT CENDRAWASIH JAYA TRANSPORT,Perusahaan,BL-7508-ZA,ACEH,JL LAKSAMANA MALAHAYATI DS PULO KITON KEC. KOTA JUANG KAB. BIREUE,85260691162,EU,Kuning - Kendaraan Umum,2024-08-19,2025-08-20,LUNAS,BELUM DIKUNJUNGI
PT CENDRAWASIH JAYA TRANSPORT,Perusahaan,BL-7352-ZA,ACEH,JL. UTAMA DS. GEUDONG ALUE,81108010107,EU,Kuning - Kendaraan Umum,2024-11-01,2025-12-23,BELUM LUNAS,BELUM DIKUNJUNGI
PT CENDRAWASIH JAYA TRANSPORT,Perusahaan,BL-8676-ZP,ACEH,JL. UTAMA DS GEUDONG ALEU KEC. KOTA JUANG KAB. BIREUEN,85260691162,F,Kuning - Kendaraan Umum,2025-08-12,2026-07-11,BELUM LUNAS,BELUM DIKUNJUNGI
PT CENDRAWASIH JAYA TRANSPORT,Perusahaan,BL-1324-ZA,ACEH,JL. LAKSAMANA MALAHAYATI GP. PULO KITON KEC. KOTA JUANG KAB. BIRE,85260691162,EU,Kuning - Kendaraan Umum,2025-02-26,2026-02-28,BELUM LUNAS,BELUM DIKUNJUNGI
PT CENDRAWASIH JAYA TRANSPORT,Perusahaan,BL-8682-ZK,ACEH,JLN LAKSAMANA MALAHAYATI DS PULO KITON KEC KOTA JUANG KAB BIREUEN,81360365684,F,Kuning - Kendaraan Umum,2025-05-19,2026-05-20,BELUM LUNAS,BELUM DIKUNJUNGI
PT CENDRAWASIH JAYA TRANSPORT,Perusahaan,BL-8679-ZP,ACEH,JL UTAMA KEL GEUDONG ALUE KEC. KOTA JUANG KAB. BIREUEN,85260671162,F,Kuning - Kendaraan Umum,2024-12-05,2025-12-26,BELUM LUNAS,BELUM DIKUNJUNGI
PT CENDRAWASIH JAYA TRANSPORT,Perusahaan,BL-1343-ZA,ACEH,JL. UTAMA DS. GEUDONG ALUE KEC. KOTA JUANG KAB. BIREUEN,81377280769,DU,Kuning - Kendaraan Umum,2025-01-06,2026-01-11,BELUM LUNAS,BELUM DIKUNJUNGI
PT CENDRAWASIH JAYA TRANSPORT,Perusahaan,BL-1289-ZL,ACEH,JLN. UTAMA GAMPONG GEUDONG ALUE KEC. KOTA JUANG KAB. BIREUEN,85260691162,EU,Kuning - Kendaraan Umum,2025-04-17,2026-03-23,BELUM LUNAS,BELUM DIKUNJUNGI
PT CENDRAWASIH JAYA TRANSPORT,Perusahaan,BL-8862-ZK,ACEH,JL LAKSAMANA MALAHAYATI NO.05 PULO KITON KEC. KOTA JUANG KAB. BIR,85262526255,F,Kuning - Kendaraan Umum,2024-08-27,2025-08-24,LUNAS,BELUM DIKUNJUNGI
PT CENDRAWASIH JAYA TRANSPORT,Perusahaan,BL-8928-Z,ACEH,JL LAKSAMANA MALAHAYATI DS PULO KITON KEC. KOTA JUANG KAB. BIREUE,85277927215,F,Kuning - Kendaraan Umum,2025-08-11,2026-07-25,BELUM LUNAS,BELUM DIKUNJUNGI
PT CENDRAWASIH JAYA TRANSPORT,Perusahaan,BL-7304-ZA,ACEH,JL LAKSAMANA MALAHAYATI DS PULO KITON KEC. KOTA JUANG KAB. BIREUE,85260691162,EU,Kuning - Kendaraan Umum,2025-07-02,2026-07-01,LUNAS,BELUM DIKUNJUNGI
PT CENDRAWASIH JAYA TRANSPORT,Perusahaan,BL-1608-ZF,ACEH,JL LAKSAMANA MALAHAYATI DS PULO KITON KEC. KOTA JUANG KAB. BIREUE,0,DU,Kuning - Kendaraan Umum,2025-06-30,2026-06-20,BELUM LUNAS,BELUM DIKUNJUNGI
PT CENDRAWASIH JAYA TRANSPORT,Perusahaan,BL-7494-ZA,ACEH,JL LAKSAMANA MALAHAYATI DS PULO KITON KEC. KOTA JUANG KAB. BIREUE,85270214721,EU,Kuning - Kendaraan Umum,2025-07-30,2026-07-15,BELUM LUNAS,BELUM DIKUNJUNGI
PT CENDRAWASIH JAYA TRANSPORT,Perusahaan,BL-1337-ZA,ACEH,JL. LAKSAMANA MALAHAYATI DS.PULO KITON KEC. KOTA JUANG KAB. BIREU,85276999100,EU,Kuning - Kendaraan Umum,2024-12-06,2025-12-10,BELUM LUNAS,BELUM DIKUNJUNGI
PT CENDRAWASIH JAYA TRANSPORT,Perusahaan,BL-7453-ZY,ACEH,JL LAKSAMANA MALAHAYATI DS PULO KITON KEC. KOTA JUANG KAB. BIREUE,85260691162,EU,Kuning - Kendaraan Umum,2024-08-22,2025-08-23,LUNAS,BELUM DIKUNJUNGI
PT CENDRAWASIH JAYA TRANSPORT,Perusahaan,BL-7513-ZA,ACEH,JL. LAKSAMANA MALAHAYATI GP. PULO KITON KEC. KOTA JUANG KAB. BIRE,85260691162,EU,Kuning - Kendaraan Umum,2024-08-13,2025-08-15,LUNAS,BELUM DIKUNJUNGI
PT CENDRAWASIH JAYA TRANSPORT,Perusahaan,BL-7638-ZA,ACEH,JL. LAKSAMANA MALAHAYATI DS. PULO KITON KEC. KOTA JUANG KAB. BIRE,85260691162,EU,Kuning - Kendaraan Umum,2025-10-03,2026-07-14,BELUM LUNAS,BELUM DIKUNJUNGI
PT CENDRAWASIH JAYA TRANSPORT,Perusahaan,BL-1182-ZL,ACEH,JLN. UTAMA DS. GEUDONG ALUE KEC. KOTA JUANG KAB. BIREUEN,85260691162,EU,Kuning - Kendaraan Umum,2024-10-24,2025-10-27,BELUM LUNAS,BELUM DIKUNJUNGI
PT CENDRAWASIH JAYA TRANSPORT,Perusahaan,BL-8719-Z,ACEH,JL LAKSAMANA MALAHAYATI DS PULO KITON KEC. KOTA JUANG KAB. BIREUE,85277084323,F,Kuning - Kendaraan Umum,2025-07-07,2026-07-08,BELUM LUNAS,BELUM DIKUNJUNGI
PT CENDRAWASIH JAYA TRANSPORT,Perusahaan,BL-1296-ZL,ACEH,JLN. UTAMA KEL. GEUDONG ALUE KEC. KOTA JUANG KAB. BIREUEN,85277412433,EU,Kuning - Kendaraan Umum,2025-07-30,2026-05-18,BELUM LUNAS,BELUM DIKUNJUNGI
PT CENDRAWASIH JAYA TRANSPORT,Perusahaan,BL-1557-ZF,ACEH,DSN JALAN UTAMA KEL. GEUDONG ALUE KEC. KOTA JUANG KAB. BIREUEN,81222222222,EU,Kuning - Kendaraan Umum,2025-05-14,2026-06-18,BELUM LUNAS,BELUM DIKUNJUNGI
PT CENDRAWASIH JAYA TRANSPORT,Perusahaan,BL-8538-ZK,ACEH,GAMPONG PULO KITON KEC. KOTA JUANG KAB. BIREUEN,5595243,F,Kuning - Kendaraan Umum,2024-12-12,2025-12-14,BELUM LUNAS,BELUM DIKUNJUNGI
PT CENDRAWASIH JAYA TRANSPORT,Perusahaan,BL-7640-ZA,ACEH,JL LAKSAMANA MALAHAYATI DS PULO KITON KEC. KOTA JUANG KAB. BIREUE,85260563326,EU,Kuning - Kendaraan Umum,2024-08-09,2025-08-16,LUNAS,BELUM DIKUNJUNGI
PT CENDRAWASIH JAYA TRANSPORT,Perusahaan,BL-7102-ZT,ACEH,JL. UTAMA DS. GEUDONG ALUE KEC. KOTA JUANG KAB. BIREUEN,85260691162,EU,Kuning - Kendaraan Umum,2025-07-14,2026-07-14,BELUM LUNAS,BELUM DIKUNJUNGI
PT CENDRAWASIH JAYA TRANSPORT,Perusahaan,BL-8647-ZY,ACEH,JL. UTAMA DS. GEUDONG ALUE KEC. KOTA JUANG KAB. BIREUEN,85377767676,F,Kuning - Kendaraan Umum,2025-12-23,2026-02-08,BELUM LUNAS,BELUM DIKUNJUNGI
PT CENDRAWASIH JAYA TRANSPORT,Perusahaan,BL-8710-ZY,ACEH,JL. UTAMA DS. GEUDONG ALUE KEC. KOTA JUANG KAB. BIREUEN,0,F,Kuning - Kendaraan Umum,2025-07-28,2026-07-26,LUNAS,BELUM DIKUNJUNGI
PT CENDRAWASIH JAYA TRANSPORT,Perusahaan,BL-8748-Z,ACEH,JL LAKSAMANA MALAHAYATI DS PULO KITON KEC. KOTA JUANG KAB. BIREUE,85260015805,F,Kuning - Kendaraan Umum,2025-01-02,2025-12-26,BELUM LUNAS,BELUM DIKUNJUNGI
PT CENDRAWASIH JAYA TRANSPORT,Perusahaan,BL-1344-ZA,ACEH,JL. UTAMA DESA GEUDONG ALUE KEC. KOTA JUANG KAB. BIREUEN,8531181153,EU,Kuning - Kendaraan Umum,2024-11-12,2025-12-28,BELUM LUNAS,BELUM DIKUNJUNGI
PT CENDRAWASIH JAYA TRANSPORT,Perusahaan,BL-7124-ZT,ACEH,JALAN UTAMA KEL. GEUDONG ALUE KEC. KOTA JUANG KAB. BIREUEN,0,EU,Kuning - Kendaraan Umum,2025-05-19,2026-05-13,BELUM LUNAS,BELUM DIKUNJUNGI
PT CENDRAWASIH JAYA TRANSPORT,Perusahaan,BL-7446-ZA,ACEH,JLN LAKSAMANA MALAHAYATI DS. PULO KITON KEC.KOTA JUANG KAB. BIREU,85260691162,EU,Kuning - Kendaraan Umum,2024-10-21,2025-10-09,BELUM LUNAS,BELUM DIKUNJUNGI
PT CENDRAWASIH JAYA TRANSPORT,Perusahaan,BL-7629-ZA,ACEH,JL LAKSAMANA MALAHAYATI DS PULO KITON KEC. KOTA JUANG KAB. BIREUE,85260691162,EU,Kuning - Kendaraan Umum,2025-08-21,2026-07-19,BELUM LUNAS,BELUM DIKUNJUNGI
PT CENDRAWASIH JAYA TRANSPORT,Perusahaan,BL-8523-ZK,ACEH,JLN. UTAMA DS. GEUDONG ALUE KEC. KOTA JUANG KAB. BIREUEN,85260416444,F,Kuning - Kendaraan Umum,2025-01-13,2026-02-05,BELUM LUNAS,BELUM DIKUNJUNGI
PT CENDRAWASIH JAYA TRANSPORT,Perusahaan,BL-1149-ZL,ACEH,JL. UTAMA DS. GEUDONG ALUE KEC. KOTA JUANG KAB. BIREUEN,81222221111,EU,Kuning - Kendaraan Umum,2025-03-19,2026-03-12,BELUM LUNAS,BELUM DIKUNJUNGI
PT CENDRA WASIH JAYA TRANSPORT,Perusahaan,BL-7127-ZT,ACEH,DESA PULO KITON KEC. KOTA JUANG KAB. BIREUEN,85260692162,F,Kuning - Kendaraan Umum,2025-05-05,2026-04-09,BELUM LUNAS,BELUM DIKUNJUNGI
PT CENDRAWASIH JAYA TRANSPOR,Perusahaan,BL-8977-ZY,ACEH,JL LAKSAMAN MALAHAYTI NO 5 GP PULO KITON KEC. KOTA JUANG KAB. BIR,85277786200,F,Kuning - Kendaraan Umum,2025-07-01,2026-05-24,LUNAS,BELUM DIKUNJUNGI
PT CENDERAWASIH JAYA TRANSPORT,Perusahaan,BL-8739-Z,ACEH,JL UTAMA DESA GEUDONG ALUE KEC. KOTA JUANG KAB. BIREUEN,0,F,Kuning - Kendaraan Umum,2025-01-02,2025-12-15,BELUM LUNAS,BELUM DIKUNJUNGI
PT CENDERAWASIH JAYA TRANSPORT,Perusahaan,BL-7643-ZA,ACEH,JL LAKSAMANA MALAHAYATI DS PULO KITON KEC. KOTA JUANG KAB. BIREUE,85260631162,EU,Kuning - Kendaraan Umum,2025-04-22,2026-01-13,BELUM LUNAS,BELUM DIKUNJUNGI
PT  CENDERAWASIH JAYA TRANSPORT,Perusahaan,BL-8982-ZA,ACEH,JL  UTAMA RT 00 RW 00 GEUDONG ALUE KEC  KOTA JUANG KAB  BIREUEN,0,F,Kuning - Kendaraan Umum,2026-04-30,2026-07-16,BELUM LUNAS,BELUM DIKUNJUNGI
PTCENDERAWASIH JAYA TRANPORT,Perusahaan,BL-7330-Z,ACEH,JALAN UTAMA DS. GEDONG ALUE KEC. KOTA JUANG KAB. BIREUEN,85260691162,EU,Kuning - Kendaraan Umum,2025-09-03,2026-07-16,LUNAS,BELUM DIKUNJUNGI
PTCAPELLA DINAMIK NUSANTARA,Perusahaan,BL-6080-GU,ACEH,LEBEKADER NO.158 KEMILI KEC. BEBESEN KAB. ACEH TENGAH,25864321221,C1,Hitam - Kendaraan Pribadi,2025-03-14,2026-03-16,BELUM LUNAS,BELUM DIKUNJUNGI
PT BUNGOENG SEULANGA ENERGY,Perusahaan,BL-8347-KA,ACEH,JL EXXON MOBILE KEL RANGKAYA KEC TANAH LUAS KAB ACEH UTARA,85222752125,DP,Hitam - Kendaraan Pribadi,2025-08-12,2026-07-19,BELUM LUNAS,BELUM DIKUNJUNGI
PT BUGAK DARMA KARYA MUDA,Perusahaan,BL-5393-KP,ACEH,JL.KRUENG SEUPENG NO.3 KEL MNS KULAM KEC. KUTA MAKMUR KAB. ACEH U,85260121700,C1,Hitam - Kendaraan Pribadi,2024-12-27,2025-10-28,BELUM LUNAS,BELUM DIKUNJUNGI
PT BUGAK BRAWANG CEMERLANG,Perusahaan,BL-8619-N,ACEH,JL. PASE NO. 6-8 GAMPONG,85261230212,F,Kuning - Kendaraan Umum,2024-08-22,2025-08-22,LUNAS,BELUM DIKUNJUNGI
PTBRI PERSERO TBK KC LHOKSEUMAWE,Perusahaan,BL-4261-NW,ACEH,JL.MERDEKA NO.01 KOTA LHOKSEUMAWE,81111111111,C1,Hitam - Kendaraan Pribadi,2024-12-17,2025-11-13,BELUM LUNAS,BELUM DIKUNJUNGI
PTBRI PERSERO TBK KC BIREUEN,Perusahaan,BL-3153-ZAD,ACEH,JL.MEDAN-B.ACEH SP.IV BIREUEN MNS.CAPA KEC. KOTA JUANG KAB. BIREU,85277149195,C1,Hitam - Kendaraan Pribadi,2025-01-06,2025-09-27,BELUM LUNAS,BELUM DIKUNJUNGI
PTBRI PERSERO TBK KC BIREUEN,Perusahaan,BL-3151-ZAD,ACEH,JL.MEDAN-B.ACEH SP.IV DS. BIREUEN MEUNASAH.CAPA KEC. KOTA JUANG K,85341331432,C1,Hitam - Kendaraan Pribadi,2024-11-06,2025-09-27,BELUM LUNAS,BELUM DIKUNJUNGI
PTBRI PERSERO TBK KC BIREUEN,Perusahaan,BL-4570-ZAD,ACEH,JL.MEDAN-B.ACEH SP.IV BIREUEN MNS.CAPA KEC. KOTA JUANG KAB. BIREU,81263839796,C1,Hitam - Kendaraan Pribadi,2024-11-14,2025-11-13,BELUM LUNAS,BELUM DIKUNJUNGI
PT BRI KC BIREUEN,Perusahaan,BL-1402-ZJ,ACEH,JL.MEDAN-BANDA ACEH SIMPANG 4 BIREUEN KEC. JEUMPA KAB. BIREUEN,8116701998,DP,Hitam - Kendaraan Pribadi,2025-07-15,2026-07-16,BELUM LUNAS,BELUM DIKUNJUNGI
PTBRI KANCA LHOKSEUMAWE,Perusahaan,BL-1529-NG,ACEH,JL. MERDEKA NO. 1 LHOKSEUMAWE KEC. BANDA SAKTI KOTA LHOKSEUMAWE,82367376676,DP,Hitam - Kendaraan Pribadi,2026-01-28,2026-07-16,BELUM LUNAS,BELUM DIKUNJUNGI
PT BRI KANCA LHOKSEUMAWE,Perusahaan,BL-1530-NG,ACEH,JL. MERDEKA NO. 1 KEL. LHOKSEUMAWE KEC. BANDA SAKTI KOTA LHOKSEUM,0,DP,Hitam - Kendaraan Pribadi,2025-07-11,2026-07-16,BELUM LUNAS,BELUM DIKUNJUNGI
PT BPRS RAHMAH HIJRAH AGUNG,Perusahaan,BL-1325-NS,ACEH,JL. MERDEKA NO. 1-2 KOMPLEK ACEH KONGSI LHOKSEUMAWE KEC. BANDA SA,8,DP,Hitam - Kendaraan Pribadi,2024-11-14,2025-11-10,BELUM LUNAS,BELUM DIKUNJUNGI
PT BPRS RAHMAH HIJRAH AGUNG,Perusahaan,BL-1302-NF,ACEH,JL. MERDEKA NO. 1-2 KOMPLEK ACEH KONGSI KEC. BANDA SAKTI KOTA LHO,85260771191,DP,Hitam - Kendaraan Pribadi,2025-03-18,2026-03-28,BELUM LUNAS,BELUM DIKUNJUNGI
PT BPR ACEH UTARA,Perusahaan,BL-6717-KR,ACEH,JL. MALIKUL SALEH NO 12 KEL. KUTA LHOKSUKON KEC. LHOKSUKON KAB. A,81111111111,C1,Hitam - Kendaraan Pribadi,2024-12-27,2025-12-28,BELUM LUNAS,BELUM DIKUNJUNGI
PTBOHANA JAYA NUSANTARA,Perusahaan,BL-8652-KS,ACEH,JL.SAWANG NO.12 PASAR,8232323232323,F,Kuning - Kendaraan Umum,2025-12-15,2026-07-07,BELUM LUNAS,BELUM DIKUNJUNGI
PTBOHANA JAYA NUSANTARA,Perusahaan,BL-8638-KC,ACEH,JL.SAWANG NO.12 PASAR INPRES KRUENG MANE,85200000000,F,Kuning - Kendaraan Umum,2025-11-17,2026-06-27,BELUM LUNAS,BELUM DIKUNJUNGI
PTBOHANA JAYA NUSANTARA,Perusahaan,BL-8657-KU,ACEH,JL.SAWANG NO.12 PASAR INPRES,85260121700,F,Kuning - Kendaraan Umum,2025-11-22,2026-06-02,BELUM LUNAS,BELUM DIKUNJUNGI
PTBOHANA JAYA NUSANTARA,Perusahaan,BL-8797-KU,ACEH,JL.SAWANG NO.12 PASAR INPRES KREUNG MANE,823344455,F,Kuning - Kendaraan Umum,2025-01-30,2026-03-24,BELUM LUNAS,BELUM DIKUNJUNGI
PTBOHANA JAYA NUSANTARA,Perusahaan,BL-8789-KU,ACEH,JL.SAWANG NO.12 PASAR INPRES KRUENG MANE,82344556676,F,Kuning - Kendaraan Umum,2025-01-30,2026-03-24,BELUM LUNAS,BELUM DIKUNJUNGI
PT BOHANA JAYA NUSANTARA,Perusahaan,BL-9001-KU,ACEH,JL. SAWANG NO. 12 PASAR INPRES KRUENG MANE KEC. MUARA SATU,8111111111,F,Kuning - Kendaraan Umum,2025-03-25,2026-01-11,BELUM LUNAS,BELUM DIKUNJUNGI
PT BOHANA JAYA NUSANTARA,Perusahaan,BL-8952-KC,ACEH,JL. SAWANG NO.12 PASAR INPRES DS. KRUENG MANE KEC. MUARA BATU KAB,85278780000,F,Kuning - Kendaraan Umum,2025-01-31,2026-01-07,BELUM LUNAS,BELUM DIKUNJUNGI
PT BOHANA JAYA NUSANTARA,Perusahaan,BL-8971-KC,ACEH,JL. SAWANG NO.12 PASAR INPRES KRUENG MANE,8126300141,F,Kuning - Kendaraan Umum,2025-03-12,2026-02-26,BELUM LUNAS,BELUM DIKUNJUNGI
PT BOHANA JAYA NUSANTARA,Perusahaan,BL-8764-KC,ACEH,JL. SAWANG NO 12 PASAR IMPRES KRUENG MANE KEC. MUARA BATU KAB. AC,81211080443,F,Kuning - Kendaraan Umum,2025-05-28,2026-04-20,BELUM LUNAS,BELUM DIKUNJUNGI
PT BOHANA JAYA NUSANTARA,Perusahaan,BL-8951-KC,ACEH,JL. SAWANG NO.12 PASAR INPRES DS. KRUENG MANE KEC. MUARA BATU KAB,85278780000,F,Kuning - Kendaraan Umum,2025-01-03,2026-01-07,BELUM LUNAS,BELUM DIKUNJUNGI
PT BOHANA JAYA NUSANTARA,Perusahaan,BL-8954-KC,ACEH,JL. SAWANG NO.12 PASAR INPRES DS. KRUENG MANE KEC. MUARA BATU KAB,81362120179,F,Kuning - Kendaraan Umum,2025-01-03,2026-01-07,BELUM LUNAS,BELUM DIKUNJUNGI
PT BOHANA JAYA NUSANTARA,Perusahaan,BL-8955-KC,ACEH,JL. SAWANG NO.12 PASAR INPRES DS. KRUENG MANE KEC. MUARA BATU KAB,85260202010,F,Kuning - Kendaraan Umum,2025-01-03,2026-01-07,BELUM LUNAS,BELUM DIKUNJUNGI
PT BOHANA JAYA NUSANTARA,Perusahaan,BL-8798-KU,ACEH,JL. SAWANG NO. 12 PASAR INPRES KREUNG MANE KEC. MUARA BATU KAB. A,85278780000,F,Kuning - Kendaraan Umum,2025-01-30,2026-03-24,BELUM LUNAS,BELUM DIKUNJUNGI
PT BOHANA JAYA NUSANTARA,Perusahaan,BL-8640-KC,ACEH,JL SAWANG NO 12 PASAR INPRES KRUENG MANE,0,F,Kuning - Kendaraan Umum,2026-04-23,2026-06-27,BELUM LUNAS,BELUM DIKUNJUNGI
PT BOHANA JAYA NUSANTARA,Perusahaan,BL-8763-KC,ACEH,JL. SAWANG PASAR IMPRES KEC. MUARA BATU KAB. ACEH UTARA,81211080443,F,Kuning - Kendaraan Umum,2025-06-02,2026-04-20,BELUM LUNAS,BELUM DIKUNJUNGI
PT BOHANA JAYA NUSANTARA,Perusahaan,BL-8953-KC,ACEH,JL. SAWANG NO.12 PASAR INPRES KEL. KRUENG MANE KEC. MUARA BATU KA,85278780000,F,Kuning - Kendaraan Umum,2025-01-03,2026-01-07,BELUM LUNAS,BELUM DIKUNJUNGI
PTBLANG MEUNARA,Perusahaan,BL-8610-GZ,ACEH,SIMPANG EMPAT KEC. BEBESEN KAB. ACEH TENGAH,85277017884,F,Kuning - Kendaraan Umum,2024-11-22,2025-11-23,BELUM LUNAS,BELUM DIKUNJUNGI
PTBLANG MEUNARA,Perusahaan,BL-8798-GZ,ACEH,KEL. SIMPANG EMPAT KEC. BEBESEN KAB. ACEH TENGAH,85277017884,F,Kuning - Kendaraan Umum,2025-01-14,2026-01-08,BELUM LUNAS,BELUM DIKUNJUNGI
PTBLANG KEUTUMBA,Perusahaan,BL-8532-ZE,ACEH,JL TGK CHIK DITIRO NO.26 KEL BIREUEN MEUNASAH CAPA KEC KOTA JUANG,8,F,Kuning - Kendaraan Umum,2025-08-01,2026-06-30,LUNAS,BELUM DIKUNJUNGI
PTBLANG KEUTUMBA,Perusahaan,BL-8731-Z,ACEH,JL.TGK CHIK DITIRO NO.26 GP.MEUNASAH CAPA KEC.KOTA JUANG KAB BIRE,85358232279,F,Kuning - Kendaraan Umum,2024-09-18,2025-09-24,BELUM LUNAS,BELUM DIKUNJUNGI
PTBLANG KETUMBA,Perusahaan,BL-8731-ZE,ACEH,JLN. TGK CHIK DI TIRO NO.26 KEL.BIREUEN MNS CAPA KEC.KOTA JUANG K,0,F,Kuning - Kendaraan Umum,2025-06-20,2026-01-26,BELUM LUNAS,BELUM DIKUNJUNGI
PTBLANG KETUMBA,Perusahaan,BL-8663-ZE,ACEH,JLN.TGK CHIK DI TIRO NO.26 KEL.BIREUEN MNS CAPA KEC.KOTA JUANG KA,82275855362,F,Kuning - Kendaraan Umum,2025-04-15,2026-04-26,BELUM LUNAS,BELUM DIKUNJUNGI
PTBLANG KETUMBA,Perusahaan,BL-8752-ZE,ACEH,JLN TGK CHIK DI TIRO NO.26 KEL.BIREUEN MEUNASAH CAPA KEC KOTA JUA,0,F,Kuning - Kendaraan Umum,2025-06-24,2026-07-19,BELUM LUNAS,BELUM DIKUNJUNGI
PT BINYASIN SEJAHTERA NIAGA,Perusahaan,BL-8875-ZP,ACEH,KEL. LHOKNGA KEC.KUTA BLANG KAB.BIREUEN,8,F,Kuning - Kendaraan Umum,2025-04-22,2026-02-14,BELUM LUNAS,BELUM DIKUNJUNGI
PT BINYASIN SEJAHTERA NIAGA,Perusahaan,BL-8542-ZE,ACEH,DESA LHOK NGA KEC. KUTA BLANG KAB. BIREUEN,0,F,Kuning - Kendaraan Umum,2025-03-05,2025-11-15,BELUM LUNAS,BELUM DIKUNJUNGI
PT BINYASIN SEJAHTERA NIAGA,Perusahaan,BL-8520-ZT,ACEH,DESA LHOK NGA KEC. KUTA BLANG KAB. BIREUEN,82397942054,F,Kuning - Kendaraan Umum,2025-11-24,2026-03-12,BELUM LUNAS,BELUM DIKUNJUNGI
PT BINTANG SEUMAWE NUSAMULIA,Perusahaan,BL-3313-N,ACEH,JL. GUDANG NO. 26 KEC. BANDA SAKTI KOTA LHOKSEUMAWE,85260121700,C1,Hitam - Kendaraan Pribadi,2024-09-09,2025-10-01,BELUM LUNAS,BELUM DIKUNJUNGI
PT BINTANG SEUMAWE NUSA MULIA,Perusahaan,BL-4701-ND,ACEH,JL. GUDANG NO. 26 KEC. BANDA SAKTI KOTA LHOKSEUMAWE,85260121700,C1,Hitam - Kendaraan Pribadi,2025-07-28,2026-07-12,BELUM LUNAS,BELUM DIKUNJUNGI
PTBINTANG RAIZA MOBIL,Perusahaan,BL-8641-ZK,ACEH,JL GAYO DS JULI COT MEURAK KEC JULI KAB BIREUEN,85263415211,F,Kuning - Kendaraan Umum,2025-08-11,2025-11-12,BELUM LUNAS,BELUM DIKUNJUNGI
PTBINTANG RAIZA MOBIL,Perusahaan,BL-8637-ZP,ACEH,JL.GAYO GP.JULI COT MEURAK KEC.JULI KAB. BIREUEN,85296622755,F,Kuning - Kendaraan Umum,2025-08-22,2025-11-09,BELUM LUNAS,BELUM DIKUNJUNGI
PTBINTANG RAIZA MOBIL,Perusahaan,BL-8599-ZP,ACEH,JLN GAYO GAMPONG JULI COT MEURAK KEC.JULI KAB.BIREUEN,0,F,Kuning - Kendaraan Umum,2024-11-28,2025-10-30,BELUM LUNAS,BELUM DIKUNJUNGI
PTBINTANG RAIZA MOBIL,Perusahaan,BL-8551-ZP,ACEH,JLN GAYO GP.JULI COT MEURAK KEC JULI KAB BIREUEN,82165478412,F,Kuning - Kendaraan Umum,2025-06-24,2025-11-26,BELUM LUNAS,BELUM DIKUNJUNGI
PTBINTANG RAIZA MOBIL,Perusahaan,BL-8502-ZT,ACEH,JL.GAYO GAMPONG JULI COT MEURAK,82267680156,F,Kuning - Kendaraan Umum,2025-08-20,2025-11-29,BELUM LUNAS,BELUM DIKUNJUNGI
PTBINTANG RAIZA MOBIL,Perusahaan,BL-8539-Z,ACEH,JL. GAYO GP. JULI COT MEURAK KEC. JULI KAB. BIREUEN,85277238835,F,Kuning - Kendaraan Umum,2025-10-30,2026-07-12,BELUM LUNAS,BELUM DIKUNJUNGI
PT BINTANG RAIZA MOBIL,Perusahaan,BL-8774-ZP,ACEH,GAMPONG JULI COT KEC. JULI KAB. BIREUEN,0,F,Kuning - Kendaraan Umum,2024-10-25,2025-09-29,BELUM LUNAS,BELUM DIKUNJUNGI
PT BINTANG RAIZA MOBIL,Perusahaan,BL-8653-ZP,ACEH,JL. GAYO GAMPONG JULI COT MEURAK KEC. JULI KAB. BIREUEN,82317171986,F,Kuning - Kendaraan Umum,2026-04-29,2026-06-11,BELUM LUNAS,BELUM DIKUNJUNGI
PT BINTANG RAIZA MOBIL,Perusahaan,BL-8631-ZP,ACEH,GAMPONG JULI COT MEURAK KEC. JULI KAB. BIREUEN,0,F,Kuning - Kendaraan Umum,2024-10-08,2025-10-07,BELUM LUNAS,BELUM DIKUNJUNGI
PT BINTANG RAIZA MOBIL,Perusahaan,BL-8920-Z,ACEH,JL. GAYO GP. JULI DS. COT MEURAK KEC. JULI KAB. BIREUEN,85260970128,F,Kuning - Kendaraan Umum,2025-09-04,2026-06-20,BELUM LUNAS,BELUM DIKUNJUNGI
PT BINTANG RAIZA MOBIL,Perusahaan,BL-8740-Z,ACEH,JALAN GAYO GAMPONG JULI COT MEURAK KEC. JULI KAB. BIREUEN,85261668230,F,Kuning - Kendaraan Umum,2025-07-29,2026-07-24,BELUM LUNAS,BELUM DIKUNJUNGI
PT BINTANG RAIZA MOBIL,Perusahaan,BL-8701-ZP,ACEH,JL. GAYO GP. JULI COT MEURAK KEC. JULI KAB. BIREUEUN,0,F,Kuning - Kendaraan Umum,2025-03-07,2026-03-07,BELUM LUNAS,BELUM DIKUNJUNGI
PT BINTANG RAIZA MOBIL,Perusahaan,BL-8873-ZP,ACEH,JLN. GAYA DS. JULI COT MEURAK KEC. JULI KAB. BIREUEN,0,F,Kuning - Kendaraan Umum,2025-12-30,2026-03-21,BELUM LUNAS,BELUM DIKUNJUNGI
PT BINTANG RAIZA MOBIL,Perusahaan,BL-8541-ZT,ACEH,JL. GAYO GAMPONG JULI COT MEURAK KEC. JULI KAB. BIREUEN,82365478965,F,Kuning - Kendaraan Umum,2024-10-24,2025-10-20,BELUM LUNAS,BELUM DIKUNJUNGI
PT BINTANG RAIZA MOBIL,Perusahaan,BL-8660-ZP,ACEH,JL GAYO GAMPONG JULI COT MEURAK,81396122413,F,Kuning - Kendaraan Umum,2025-07-21,2026-07-30,LUNAS,BELUM DIKUNJUNGI
PT BINTANG RAIZA MOBIL,Perusahaan,BL-8511-Z,ACEH,JLN GAYO DS COT MEURAK KEC. JULI KAB.BIREUEN,82368419655,F,Kuning - Kendaraan Umum,2024-11-13,2025-10-20,BELUM LUNAS,BELUM DIKUNJUNGI
PT BINTANG RAIZA MOBIL,Perusahaan,BL-8626-ZP,ACEH,GAMPONG JULI COT MEURAK KEC. JULI KAB. BIREUEN,0,F,Kuning - Kendaraan Umum,2024-09-09,2025-08-26,BELUM LUNAS,BELUM DIKUNJUNGI
PT BINTANG RAIZA MOBIL,Perusahaan,BL-8933-Z,ACEH,JL. GAYO DS. JULICOT MEURAK KEC. JULI KAB. BIREUEN,82277822227,F,Kuning - Kendaraan Umum,2024-10-10,2025-09-26,BELUM LUNAS,BELUM DIKUNJUNGI
PT BINTANG RAIZA MOBIL,Perusahaan,BL-8671-ZP,ACEH,JL. GAYO GAMPONG JULI COT MEURAK KEC. JULI KAB. BIREUEN,85377836976,F,Kuning - Kendaraan Umum,2024-12-02,2025-11-22,BELUM LUNAS,BELUM DIKUNJUNGI
PT BINTANG RAIZA MOBIL,Perusahaan,BL-8767-ZK,ACEH,JL. GAYO GP JULI COT MEURAK KEC. JULI KAB. BIREUEN,85372712985,F,Kuning - Kendaraan Umum,2025-03-07,2026-03-14,BELUM LUNAS,BELUM DIKUNJUNGI
PT BINTANG RAIZA MOBIL,Perusahaan,BL-8638-ZP,ACEH,JL. GAYO GP JULI COT MEURAK KEC.JULI KAB.BIREUN,81360266686,F,Kuning - Kendaraan Umum,2024-11-20,2025-11-23,BELUM LUNAS,BELUM DIKUNJUNGI
PT BINTANG RAIZA MOBIL,Perusahaan,BL-8932-ZP,ACEH,JL GAYO DS. JULI COT MEURAK KEC. JULI KAB. BIREUEN,0,F,Kuning - Kendaraan Umum,2025-01-17,2025-12-27,LUNAS,BELUM DIKUNJUNGI
PT BINTANG RAIZA MOBIL,Perusahaan,BL-8715-ZP,ACEH,JLN. GAYO GAMPONG JULI COT MEURAK KEC. JULI KAB. BIREUEN,81360977395,F,Kuning - Kendaraan Umum,2025-03-03,2026-03-25,BELUM LUNAS,BELUM DIKUNJUNGI
PTBINTANG KEJORA GAH,Perusahaan,BL-8764-ZK,ACEH,JL MEDAN-BANDA ACEH KEL.MATANG GLUMPANG DUA,85260784175,F,Kuning - Kendaraan Umum,2024-09-30,2025-10-02,BELUM LUNAS,BELUM DIKUNJUNGI
PTBINTANG KEJORA GAH,Perusahaan,BL-8967-ZK,ACEH,JL. BANDA ACEH MEDAN GP. MATANG GLP DUA MNS DAYAH KEC. PEUSANGAN,85359914085,F,Kuning - Kendaraan Umum,2024-10-07,2025-09-17,BELUM LUNAS,BELUM DIKUNJUNGI
PT BINTANG KEJORA GAH,Perusahaan,BL-8622-ZP,ACEH,KEL. MEUNASAH DAYAH KEC. PEUSANGAN KAB. BIREUEN,85260708699,F,Kuning - Kendaraan Umum,2025-11-06,2026-07-23,BELUM LUNAS,BELUM DIKUNJUNGI
PT BINTANG KEJORA GAH,Perusahaan,BL-8929-ZY,ACEH,JL. BANDA ACEH MEDAN NO. 16 DS. MEUNASAH DAYAH KEC. PEUSANGAN KAB,85260687184,F,Kuning - Kendaraan Umum,2025-04-15,2026-04-15,BELUM LUNAS,BELUM DIKUNJUNGI
PT BINTANG KEJORA GAH,Perusahaan,BL-8606-ZP,ACEH,DS MATANG GLP DUA MNS DAYAH KEC PEUSANGAN KAB BIREUEN,85260463836,F,Kuning - Kendaraan Umum,2025-02-26,2025-11-27,BELUM LUNAS,BELUM DIKUNJUNGI
PT BINTANG KEJORA GAH,Perusahaan,BL-8550-Z,ACEH,JL. BANDA ACEH-MEDAN NO. 16 DS. MEUNASAH DAYAH KEC. PEUSANGAN KAB,81360065768,F,Kuning - Kendaraan Umum,2025-04-14,2026-04-14,BELUM LUNAS,BELUM DIKUNJUNGI
PT BINTANG KEJORA GAH,Perusahaan,BL-8285-ZK,ACEH,JLN MEDAN-B.ACEH GAMPONG MATANG GLP II KEC. PEUSANGAN KAB. BIREUE,85277924929,F,Hitam - Kendaraan Pribadi,2025-02-26,2026-01-14,BELUM LUNAS,BELUM DIKUNJUNGI
PT BINTANG KEJORA GAH,Perusahaan,BL-8732-ZK,ACEH,JLN MEDAN B.ACEH NO.16 MTANG GLUMPANG DUA,0,F,Kuning - Kendaraan Umum,2025-06-17,2026-06-07,LUNAS,BELUM DIKUNJUNGI
PT BINTANG KEJORA GAH,Perusahaan,BL-8904-Z,ACEH,JL. MEDAN - B. ACEH DS. MATANG GLP II KEC. PEUSANGAN KAB. BIREUEN,85260009027,F,Kuning - Kendaraan Umum,2025-04-16,2026-04-18,BELUM LUNAS,BELUM DIKUNJUNGI
PT BINTANG KEJORA GAH,Perusahaan,BL-8577-ZP,ACEH,JLN MEDAN - B.ACEH GAMPONG MATANG GLP DUA MNS DAYAH KEC. PEUSANGA,85263415211,F,Kuning - Kendaraan Umum,2025-06-04,2026-06-24,LUNAS,BELUM DIKUNJUNGI
PT BINTANG KEJORA GAH,Perusahaan,BL-8623-ZP,ACEH,JL BANDA ACEH MEDAN NO 16 DS. MNS DAYAH KEC. PEUSANGAN KAB. BIREU,82204671017,F,Kuning - Kendaraan Umum,2025-11-06,2026-07-23,BELUM LUNAS,BELUM DIKUNJUNGI
PT BINTANG KEJORA GAH,Perusahaan,BL-8878-ZP,ACEH,JL. BANDA ACEH-MEDAN NO.16 KEL. MEUNASAH DAYAH KEC. PEUSANGAN KAB,0,F,Kuning - Kendaraan Umum,2025-12-31,2026-04-01,BELUM LUNAS,BELUM DIKUNJUNGI
PT BINTANG KEJORA GAH,Perusahaan,BL-8661-ZT,ACEH,JL.MEDAN-B.ACEH NO.16 GP.MATANG GLP II MNS DAYAH KEC. PEUSANGAN K,0,F,Kuning - Kendaraan Umum,2025-07-15,2026-05-06,BELUM LUNAS,BELUM DIKUNJUNGI
PT BINTANG KEJORA GAH,Perusahaan,BL-8549-ZK,ACEH,JL. BANDA ACEH MEDAN NO.16 DS. MNS DAYAH KEC. KOTA JUANG KAB. BIR,85277327923,F,Kuning - Kendaraan Umum,2024-08-06,2025-08-05,LUNAS,BELUM DIKUNJUNGI
PT BINTANG KEJORA GAH,Perusahaan,BL-8954-ZK,ACEH,JL. BANDA ACEH MEDAN NO.16 DS MEUNASAH DAYAH KEC PEUSANGAN KAB BI,85362672571,F,Kuning - Kendaraan Umum,2025-08-26,2026-06-23,BELUM LUNAS,BELUM DIKUNJUNGI
PTBINTANG BERLIAN PASEE,Perusahaan,BL-8970-N,ACEH,DUSUN C ALUE SERIBU KEL.PANGGOI,8116851886,F,Kuning - Kendaraan Umum,2025-07-28,2026-07-30,BELUM LUNAS,BELUM DIKUNJUNGI
PT BINTANG BERLIAN PASEE,Perusahaan,BL-8706-NP,ACEH,DUSUN C ALUE SERIBU KEL. PANGGOI KEC. MUARA DUA KOTA LHOKSEUMAWE,852310332001,F,Kuning - Kendaraan Umum,2025-06-16,2026-06-20,BELUM LUNAS,BELUM DIKUNJUNGI
PT BINTANG BERLIAN PASEE,Perusahaan,BL-8573-NP,ACEH,DUSUN C ALUE SERIBU KEL. PANGGOI,0,F,Kuning - Kendaraan Umum,2024-11-14,2025-10-19,BELUM LUNAS,BELUM DIKUNJUNGI
PT BINTANG BERLIAN PASE,Perusahaan,BL-8934-N,ACEH,DSN. C ALUE SERIBU KEL. PANGGOI,84522255522,F,Kuning - Kendaraan Umum,2024-10-23,2025-10-08,BELUM LUNAS,BELUM DIKUNJUNGI
PTBINA USAHA BERSAMA SEHATI,Perusahaan,BL-8257-NS,ACEH,JL. MEDAN-BANDA ACEH GG. KEUCHIK ANTARA KEL. BLANG PANYANG KEC. M,85200000000,F,Hitam - Kendaraan Pribadi,2025-11-13,2026-04-23,BELUM LUNAS,BELUM DIKUNJUNGI
PT BINA GUNA LESTARI,Perusahaan,BL-8747-Z,ACEH,JL. T. UMAR JOHAN PAHLAWAN NO. 18 GP. BANDAR BIREUEN KEC. KOTA JU,81236547894,F,Kuning - Kendaraan Umum,2024-12-17,2025-12-29,BELUM LUNAS,BELUM DIKUNJUNGI
PT BINA GUNA LESTARI,Perusahaan,BL-8934-ZK,ACEH,JLN. T UMAR JOHAN PAHLAWAN NO.18 KEL. BANDAR BIREUEN KEC. KOTA JU,8,F,Kuning - Kendaraan Umum,2025-12-18,2026-05-31,BELUM LUNAS,BELUM DIKUNJUNGI
PT BINA GUNA LESTARI,Perusahaan,BL-8568-ZK,ACEH,JL T UMAR JOHAN PAHLAWAN NO 18 GP BANDAR BIREUEN KEC. KOTA JUANG,82163467184,F,Kuning - Kendaraan Umum,2025-06-19,2026-06-13,BELUM LUNAS,BELUM DIKUNJUNGI
PTBIMA SATRIA MANDIRI,Perusahaan,BL-8943-N,ACEH,JL MEDAN-B.ACEH SIMPANG EMPAT PALOH NO.02 KEL.MEURIA PALOH KEC.MU,0,F,Kuning - Kendaraan Umum,2025-11-07,2026-03-18,BELUM LUNAS,BELUM DIKUNJUNGI
PTBIMA SATRIA MANDIRI,Perusahaan,BL-8944-N,ACEH,JL MEDAN-B.ACEH SIMPANG EMPAT PALOH NO.02 KEL.MEURIA PALOH KEC.MU,0,F,Kuning - Kendaraan Umum,2025-03-03,2026-03-18,BELUM LUNAS,BELUM DIKUNJUNGI
PT BIMA SATRIA MANDIRI,Perusahaan,BL-8395-NG,ACEH,JL MEDAN-B.ACEH SIMPANG EMPAT PALOH KEL.MEURIA PALOH KEC.MUARA SA,81260424353,DP,Hitam - Kendaraan Pribadi,2025-03-06,2026-03-13,BELUM LUNAS,BELUM DIKUNJUNGI
PT BIMA SATRIA MANDIRI,Perusahaan,BL-8269-NG,ACEH,JALAN MEDAN BANDA ACEH SIMPANG EMPAT NOMOR 02 KEL. MEURIA PALOH K,82370421986,F,Hitam - Kendaraan Pribadi,2024-12-03,2025-11-22,BELUM LUNAS,BELUM DIKUNJUNGI
PT BIMA SATRIA MANDIRI,Perusahaan,BL-8394-NG,ACEH,JL MEDAN-B.ACEH SIMPANG EMPAT PALOH KEL.MEURIA PALOH KEC.MUARA SA,81200000000,DP,Hitam - Kendaraan Pribadi,2025-03-06,2026-03-13,BELUM LUNAS,BELUM DIKUNJUNGI
PT BIMA SATRIA MANDIRI,Perusahaan,BL-8572-N,ACEH,JL MEDAN-B.ACEH SIMPANG EMPAT PALOH KEL.MEURIA PALOH KEC.MUARA SA,8,F,Kuning - Kendaraan Umum,2025-11-07,2026-05-10,BELUM LUNAS,BELUM DIKUNJUNGI
PT BERLIAN PUTIH INDAH,Perusahaan,BL-7341-Z,ACEH,DSN CUREH SELATAN DS. GP GEULANGGANG GAMPONG KEC. KOTA JUANG KAB.,85372681525,EU,Kuning - Kendaraan Umum,2025-07-25,2026-07-08,LUNAS,BELUM DIKUNJUNGI
PT BERLIAN PUTIH INDAH,Perusahaan,BL-7343-Z,ACEH,DSN CUREH SELATAN DS. GP GEULANGGANG GAMPONG KEC. KOTA JUANG KAB.,85262506422,EU,Kuning - Kendaraan Umum,2025-07-25,2026-07-08,LUNAS,BELUM DIKUNJUNGI
PT BERLIAN PUTIH INDAH,Perusahaan,BL-7342-Z,ACEH,DSN. CUREH SELATAN DS. GP GEULANGGANG GAMPONG KEC. KOTA JUANG KAB,85372681525,EU,Kuning - Kendaraan Umum,2025-07-25,2026-07-08,LUNAS,BELUM DIKUNJUNGI
PT BERKAT MITRA MULIA,Perusahaan,BL-8413-KT,ACEH,JL.MEDAN-B.ACEH KEL.MNS ARON KEC.MUARA BATU KAB.ACEH UTARA,85211081805,F,Hitam - Kendaraan Pribadi,2024-11-06,2025-11-09,BELUM LUNAS,BELUM DIKUNJUNGI
PT BENGKALIS KUDA LAUT,Perusahaan,BL-1135-K,ACEH,GP KEUPOK NIBONG KEC NIBONG KAB ACEH UTARA,85270067521,DP,Hitam - Kendaraan Pribadi,2025-01-06,2025-10-12,BELUM LUNAS,BELUM DIKUNJUNGI
PT BENER MERIAH EXSPRESS,Perusahaan,BL-8655-YZ,ACEH,DSN NANGKA KEL.SIMPANG UTAMA KEC.BANDAR KAB.BENER MERIAH,0,F,Kuning - Kendaraan Umum,2024-12-30,2025-12-19,BELUM LUNAS,SUDAH DIKUNJUNGI
PT BATARA JAYA ABADI,Perusahaan,BL-8615-ZT,ACEH,JL. BIREUEN TAKENGON KM.8 DSN. MATA LE GP. BLG KEUTUMBA KEC JULI,81360355446,F,Kuning - Kendaraan Umum,2025-04-10,2026-01-25,BELUM LUNAS,BELUM DIKUNJUNGI
PT BAPCO,Perusahaan,BL-5582-ZAS,ACEH,KOTAK POS NO 11 BIREUEN KEC KOTA JUANG KAB. BIREUEN,8,C1,Hitam - Kendaraan Pribadi,2024-08-30,2025-08-28,BELUM LUNAS,BELUM DIKUNJUNGI
PT BANK RAKYAT INDONESIA TBK KC TAK,Perusahaan,BL-3132-GT,ACEH,JL.YOS SUDARSO NO.164 TAKENGON KP. KETENI REJE KEC. LUT TAWAR KAB,81111111111,C1,Hitam - Kendaraan Pribadi,2025-04-14,2026-03-30,BELUM LUNAS,BELUM DIKUNJUNGI
PT BANK RAKYAT INDONESIA TBK KC LHO,Perusahaan,BL-3952-NAB,ACEH,JL. MERDEKA NO. 01 KEL. KOTA LHOKSEUMAWE KEC. BANDA SAKTI KOTA LH,85260121700,C1,Hitam - Kendaraan Pribadi,2025-04-21,2026-03-30,BELUM LUNAS,BELUM DIKUNJUNGI
PT BANK RAKYAT INDONESIAPERSERO,Perusahaan,BL-1409-NC,ACEH,JL MERDEKA NO 1 LHOKSEUMAWE,81260937657,DP,Hitam - Kendaraan Pribadi,2025-01-03,2026-03-20,BELUM LUNAS,BELUM DIKUNJUNGI
PT BANK RAKYAT INDONESIA PERSERO,Perusahaan,BL-8387-GC,ACEH,JL. YOS SUDARSO NO. 164 KP. KUTENI REJE KEC. LUT TAWAR KAB. ACEH,85260189452,F,Hitam - Kendaraan Pribadi,2025-06-19,2026-05-10,LUNAS,BELUM DIKUNJUNGI
PT BANK RAKYAT INDONESIA PERSERO,Perusahaan,BL-6326-ZW,ACEH,JL.MEDAN-B.ACEH SP IV BIREUEN KEC KOTA JUANG KAB BIREUEN,85277238835,C1,Hitam - Kendaraan Pribadi,2024-10-01,2025-09-26,BELUM LUNAS,BELUM DIKUNJUNGI
PT BANK RAKYAT INDONESIA PERSERO,Perusahaan,BL-6735-NR,ACEH,JL. MERDEKA NO. 1 KEL. SIMPANG IV KEC. BANDA SAKTI KOTA LHOKSEUMA,82364998204,C1,Hitam - Kendaraan Pribadi,2025-07-09,2026-07-04,BELUM LUNAS,BELUM DIKUNJUNGI
PT BANK RAKYAT INDONESIA PERSERO,Perusahaan,BL-6831-GN,ACEH,KANTOR CABANG TAKENGON JL YOS SUDARSO NO 164 KEC. LUTTAWAR KAB. A,85269857411,C1,Hitam - Kendaraan Pribadi,2025-04-22,2026-04-30,BELUM LUNAS,BELUM DIKUNJUNGI
PTBANK RAKYAT INDONESIA CABLHOKSE,Perusahaan,BL-4356-NAF,ACEH,JL.MERDEKA NO.1 KOTA LHOKSEUMAWE,85278780000,C1,Hitam - Kendaraan Pribadi,2024-11-26,2025-11-28,BELUM LUNAS,BELUM DIKUNJUNGI
PT BANK RAKYAT INDONESIABRI,Perusahaan,BL-4497-ZV,ACEH,JL MEDAN B ACEH SP IV BIREUEN KEC. KOTA JUANG KAB. BIREUEN,85260007991,C1,Hitam - Kendaraan Pribadi,2024-10-22,2025-10-07,BELUM LUNAS,BELUM DIKUNJUNGI
PT BANK PEMBANGUNAN DAERAH NAD,Perusahaan,BL-1169-JP,ACEH,JL  TGK H  M  DAUD BEUREUEH NO  24 KEC  KUTA ALAM KOTA BANDA ACEH,0,DP,Hitam - Kendaraan Pribadi,2026-05-11,2026-07-06,BELUM LUNAS,BELUM DIKUNJUNGI
PTBANK BPD ACEH TENGAH,Perusahaan,BL-6439-GK,ACEH,DS BALE ATU KEC. LUT TAWAR KAB. ACEH TENGAH,81246954927,C1,Hitam - Kendaraan Pribadi,2025-04-21,2026-04-01,BELUM LUNAS,BELUM DIKUNJUNGI
PTBANK BPD ACEH CABTAKENGON,Perusahaan,BL-3166-GM,ACEH,DS BALE ATU. KEC. LUT TAWAR KAB. ACEH TENGAH,82358465421,C1,Hitam - Kendaraan Pribadi,2025-11-11,2026-06-17,BELUM LUNAS,BELUM DIKUNJUNGI
PT BANK ACEH CABANG BIREUEN,Perusahaan,BL-3367-ZAK,ACEH,JL.SULTAN ISKANDAR MUDA NO.5-7 BANDAR BIREUEN KEC. KOTA JUANG KAB,0,C1,Hitam - Kendaraan Pribadi,2025-05-15,2026-02-20,LUNAS,BELUM DIKUNJUNGI
PTBANGUN MITRA BERSAMA,Perusahaan,BL-8549-N,ACEH,JL. MERDEKA NO. 2 KEL. KEUDE CUNDA KEC. MUARA DUA KOTA LHOKSEUMAW,81360067008,F,Kuning - Kendaraan Umum,2024-12-23,2025-12-18,BELUM LUNAS,BELUM DIKUNJUNGI
PTBANGUN MITRA BERSAMA,Perusahaan,BL-8848-N,ACEH,JL. MERDEKA NO. 2 KEL. GAMPONG KEUDE CUNDA KEC. MUARA DUA KOTA LH,0,F,Kuning - Kendaraan Umum,2025-11-12,2026-03-14,BELUM LUNAS,BELUM DIKUNJUNGI
PT BANGUN MITRA BERSAMA,Perusahaan,BL-8926-N,ACEH,JL.MERDEKA NO.2 GP.KEUDE CUNDA KEC.MUARA DUA KOTA LHOKSEUMAWE,811672148,F,Kuning - Kendaraan Umum,2024-09-19,2025-09-10,BELUM LUNAS,BELUM DIKUNJUNGI
PT BANGUN MITRA BERSAMA,Perusahaan,BL-8977-N,ACEH,JL MERDEKA NO. 2 KEL KEUDE CUNDA KEC MUARA DUA KOTA LHOKSEUMAWE,8,F,Kuning - Kendaraan Umum,2025-05-26,2026-05-19,BELUM LUNAS,BELUM DIKUNJUNGI
PT BANGUN MITRA BERSAMA,Perusahaan,BL-8565-NP,ACEH,JL. MERDEKA NO. 2 KEL. KEUDE CUNDA KEC. MUARA DUA KOTA LHOKSEUMAW,0,F,Kuning - Kendaraan Umum,2025-11-12,2026-05-25,BELUM LUNAS,BELUM DIKUNJUNGI
PT BANGUN MITRA BERSAMA,Perusahaan,BL-8928-NP,ACEH,JL. MERDEKA NO. 2 KEL. KEUDE CUNDA KEC. MUARA DUA KOTA LHOKSEUMAW,8527878000,F,Kuning - Kendaraan Umum,2025-11-13,2026-05-11,BELUM LUNAS,BELUM DIKUNJUNGI
PT BANGUN MITRA BERSAMA,Perusahaan,BL-8544-N,ACEH,JL. MERDEKA NO. 2 CUNDA KEC. MUARA DUA KOTA LHOKSEUMAWE,85255411768,F,Kuning - Kendaraan Umum,2024-10-17,2025-10-16,BELUM LUNAS,BELUM DIKUNJUNGI
PT BANGUN MITRA BERSAMA,Perusahaan,BL-8965-N,ACEH,JL. MERDEKA NO. 2 KEL. CUNDA KEC. MUARA DUA KOTA LHOKSEUMAWE,0,F,Kuning - Kendaraan Umum,2025-05-02,2026-04-28,BELUM LUNAS,BELUM DIKUNJUNGI
PT BANGUN MITRA BERSAMA,Perusahaan,BL-8935-N,ACEH,JL. MERDEKA NO.2 KEL. GAMPONG KEUDE CUNDA KEC. MUARA DUA KOTA LHO,81100000000,F,Kuning - Kendaraan Umum,2025-01-03,2025-11-10,BELUM LUNAS,BELUM DIKUNJUNGI
PT BANGUN MITRA BERSAMA,Perusahaan,BL-8520-N,ACEH,JL. MERDEKA NO.2 KEL KEUDE CUNDA KEC MUARA DUA - KOTA LHOKSEUMAWE,8,F,Kuning - Kendaraan Umum,2025-05-19,2026-04-30,BELUM LUNAS,BELUM DIKUNJUNGI
PT BANGUN MITRA BERSAMA,Perusahaan,BL-8919-N,ACEH,JL. MERDEKA NO.2 KEL KEUDE CUNDA KEC MUARA DUA KOTA LHOKSEUMAWE,8,F,Kuning - Kendaraan Umum,2025-05-19,2026-04-30,BELUM LUNAS,BELUM DIKUNJUNGI
PT BANGUN MITRA BERSAMA,Perusahaan,BL-8554-N,ACEH,JL. MERDEKA NO.2 KEL KEUDE CUNDA KEC MUARA DUA KOTA LHOKSEUMAWE,8,F,Kuning - Kendaraan Umum,2025-05-19,2026-04-30,BELUM LUNAS,BELUM DIKUNJUNGI
PT BANGUN MITRA BERSAMA,Perusahaan,BL-8995-N,ACEH,JL. MERDEKA NO.2 KEL KEUDE CUNDA KEC MUARA DUA KOTA LHOKSEUMAWE,8,F,Kuning - Kendaraan Umum,2025-05-19,2026-04-30,BELUM LUNAS,BELUM DIKUNJUNGI
PT BANGUN MITRA BERSAMA,Perusahaan,BL-8867-N,ACEH,JL. MERDEKA NO.2 CUNDA KECAMATAN MUARA DUA KOTA LHOKSEUMAWE,8527878000,F,Kuning - Kendaraan Umum,2025-06-13,2026-06-09,BELUM LUNAS,BELUM DIKUNJUNGI
PT BANGUN MITRA BERSAMA,Perusahaan,BL-8946-N,ACEH,JL. MERDEKA NO.2 KEL KEUDE CUNDA KEC MUARA DUA - KOTA LHOKSEUMAWE,8,F,Kuning - Kendaraan Umum,2025-05-19,2026-04-30,BELUM LUNAS,BELUM DIKUNJUNGI
PT BANGUN MITRA BERSAMA,Perusahaan,BL-8901-N,ACEH,JL. MERDEKA NO.2 GP DS. KEUDE CUNDA KEC. MUARA DUA KOTA LHOKSEUMA,82366753672,F,Kuning - Kendaraan Umum,2025-01-14,2025-11-22,BELUM LUNAS,BELUM DIKUNJUNGI
PT BANGUN MITRA BERSAMA,Perusahaan,BL-8991-N,ACEH,JL. MERDEKA NO.2 KEL KEUDE CUNDA KEC MUARA DUA KOTA LHOKSEUMAWE,8,F,Kuning - Kendaraan Umum,2025-05-19,2026-04-30,BELUM LUNAS,BELUM DIKUNJUNGI
PT BANGUN MITRA BERSAMA,Perusahaan,BL-8984-N,ACEH,JL. MERDEKA NO. 2 KEL. CUNDA KEC. MUARA DUA KOTA LHOKSEUMAWE,0,F,Kuning - Kendaraan Umum,2025-12-22,2026-03-02,BELUM LUNAS,BELUM DIKUNJUNGI
PT BANGUN MITRA BERSAMA,Perusahaan,BL-8774-N,ACEH,JL. MERDEKA NO. 2 KEL. GAMPUNG KEUDE CUNDA KEC. MUARA DUA KOTA LH,80000000000,F,Kuning - Kendaraan Umum,2025-09-04,2026-04-25,BELUM LUNAS,BELUM DIKUNJUNGI
PT BANGUN MITRA BERSAMA,Perusahaan,BL-8925-N,ACEH,JL. MERDEKA NO. 2 KEL. KEUDE CUNDA KEC. MUARA DUA KOTA LHOKSEUMAW,82360753672,F,Kuning - Kendaraan Umum,2025-08-11,2026-07-27,BELUM LUNAS,BELUM DIKUNJUNGI
PT BANGUN MITRA BERSAMA,Perusahaan,BL-8843-N,ACEH,JL. MERDEKA NO.2 KEL. GAMPONG KEUDE CUNDA KEC. MUARA DUA KOTA LHO,0,F,Kuning - Kendaraan Umum,2025-12-10,2026-03-14,BELUM LUNAS,BELUM DIKUNJUNGI
PT BANGUN MITRA BERSAMA,Perusahaan,BL-8509-N,ACEH,"JL. MERDEKA NO. 2 CUNDA KEC. MUARA DUA KOTA LHOKSEU,MAWE.",82366753672,F,Kuning - Kendaraan Umum,2025-06-24,2026-06-22,BELUM LUNAS,BELUM DIKUNJUNGI
PT BANGUN MITRA BERSAMA,Perusahaan,BL-8997-N,ACEH,JL. MERDEKA NO.2 KEL KEUDE CUNDA KEC MUARA DUA KOTA LHOKSEUMAWE,8,F,Kuning - Kendaraan Umum,2025-05-19,2026-04-30,BELUM LUNAS,BELUM DIKUNJUNGI
PT BANGUN MITRA BERSAMA,Perusahaan,BL-8847-N,ACEH,JL. MERDEKA NO. 2 GAMPONG KEUDE CUNDA KEC. MUARA DUA KOTA LHOKSEU,81111111111,F,Kuning - Kendaraan Umum,2025-11-12,2026-03-14,BELUM LUNAS,BELUM DIKUNJUNGI
PT BANGUN MITRA BERSAMA,Perusahaan,BL-8839-N,ACEH,JL. MERDEKA NO. 2 KEL. KEUDE CUNDA KEC. MUARA DUA KOTA LHOKSEUMAW,82366753672,F,Kuning - Kendaraan Umum,2025-11-12,2026-03-14,BELUM LUNAS,BELUM DIKUNJUNGI
PT BANGUN MITRA BERSAMA,Perusahaan,BL-8507-N,ACEH,JL. MERDEKA NO. 2 KEL. CUNDA KEC. MUARA DUA KOTA LHOKSEUMAWE,82366753672,F,Kuning - Kendaraan Umum,2025-06-24,2026-04-19,BELUM LUNAS,BELUM DIKUNJUNGI
PT BANGUN MITRA BERSAMA,Perusahaan,BL-8646-NP,ACEH,JL. MERDEKA NO. 2 KEL. KEUDE CUNDA KEC. MUARA DUA KOTA LHOKSEUMAW,85261616542,F,Kuning - Kendaraan Umum,2025-11-12,2026-05-25,BELUM LUNAS,BELUM DIKUNJUNGI
PT BANGUN MITRA BERSAMA,Perusahaan,BL-8951-N,ACEH,JL. MERDEKA NO.2 CUNDA KECAMATAN MUARA DUA KOTA LHOKSEUMAWE,8527878000,F,Kuning - Kendaraan Umum,2025-07-03,2026-06-09,BELUM LUNAS,BELUM DIKUNJUNGI
PT BANGUN MITRA BERSAMA,Perusahaan,BL-8750-N,ACEH,JL. MERDEKA NO.2 GP KEUDE CUNDA KEC. MUARA DUA KOTA LHOKSEUMAWE,82366753672,F,Kuning - Kendaraan Umum,2026-04-16,2026-07-27,BELUM LUNAS,BELUM DIKUNJUNGI
PT BANGUN MITRA BERSAMA,Perusahaan,BL-8583-NB,ACEH,JALAN MERDEKA NO. 2 KEL. KEUDE CUNDA KEC. MUARA DUA KOTA LHOKSEUM,8,F,Kuning - Kendaraan Umum,2025-07-07,2026-06-30,BELUM LUNAS,BELUM DIKUNJUNGI
PT BANGUN MITRA BERSAMA,Perusahaan,BL-8996-N,ACEH,JL. MERDEKA NO.2 KEL KEUDE CUNDA KEC MUARA DUA KOTA LHOKSEUMAWE,8,F,Kuning - Kendaraan Umum,2025-05-19,2026-04-30,BELUM LUNAS,BELUM DIKUNJUNGI
PT BANGUN MITRA BERSAMA,Perusahaan,BL-8799-NP,ACEH,JL.MERDEKA NO.2 KEL.CUNDA KEC.MUARA DUA KOTA LHOKSEUMAWE,8527878000,F,Kuning - Kendaraan Umum,2025-06-20,2025-10-01,BELUM LUNAS,BELUM DIKUNJUNGI
PT BANGUN MITRA BERSAMA,Perusahaan,BL-8533-N,ACEH,JL MERDEKA NO. 2 KEL KEUDE CUNDA KEC MUARA DUA KOTA KOTA LHOKSEUM,8,F,Kuning - Kendaraan Umum,2025-05-26,2026-05-19,BELUM LUNAS,BELUM DIKUNJUNGI
PT BANGUN MITRA BERSAMA,Perusahaan,BL-8918-N,ACEH,JL.MERDEKA NO.2 GP.KEUDE CUNDA KEC.MUARA DUA KOTA LHOKSEUMAWE,811672148,F,Kuning - Kendaraan Umum,2024-12-16,2025-09-14,BELUM LUNAS,BELUM DIKUNJUNGI
PT BAGHANA LESTARI JAYA,Perusahaan,BL-8745-ZP,ACEH,DSN. TELADAN DS. COT KEUTAPANG KEC. JEUMPA KAB. BIREUEN,0,F,Kuning - Kendaraan Umum,2025-09-23,2026-07-05,BELUM LUNAS,BELUM DIKUNJUNGI
PT BAGAHNIA LESTARI JAYA,Perusahaan,BL-8669-ZP,ACEH,JL. MEDAN - B.ACEH DS. COT KEUTAPANG KEC. JEUMPA KAB. BIREUEN,81108010107,F,Kuning - Kendaraan Umum,2024-11-04,2025-11-03,BELUM LUNAS,BELUM DIKUNJUNGI
PTBAGAHNA LESTARI JAYA,Perusahaan,BL-8701-ZI,ACEH,DUSUN TELADAN KEL.GAMPONG COT KEUTAPANG KEC.JEUMPA KAB. BIREUEN,81360025452,F,Kuning - Kendaraan Umum,2024-10-15,2025-10-15,BELUM LUNAS,BELUM DIKUNJUNGI
PTBAGAHNA LESTARI JAYA,Perusahaan,BL-8757-ZK,ACEH,DSN TELADAN DS.COT KEUTAPANG KEC. JEUMPA KAB. BIREUEN,82368206665,F,Kuning - Kendaraan Umum,2024-08-05,2025-08-04,LUNAS,BELUM DIKUNJUNGI
PTBAGAHNA LESTARI JAYA,Perusahaan,BL-8916-Z,ACEH,DSN. TELADAN DS. COT KEUTAPANG KEC. JEUMPA KAB. BIREUEN,85276861701,F,Kuning - Kendaraan Umum,2025-06-30,2026-06-28,BELUM LUNAS,BELUM DIKUNJUNGI
PTBAGAHNA LESTARI JAYA,Perusahaan,BL-8837-Z,ACEH,DSN. TELADAN DS.COT KEUTAPANG KEC JEUMPA KAB BIREUEN,82322525086,F,Kuning - Kendaraan Umum,2024-12-02,2025-10-10,BELUM LUNAS,BELUM DIKUNJUNGI
PTBAGAHNA LESTARI JAYA,Perusahaan,BL-8619-ZE,ACEH,DSN TELADAN KEL COT KEUTAPANG KEL JEUMPA KAB BIREUEN,825276300152,F,Kuning - Kendaraan Umum,2025-07-21,2026-07-27,LUNAS,BELUM DIKUNJUNGI
PTBAGAHNA LESTARI JAYA,Perusahaan,BL-8694-ZE,ACEH,DUSUN TELADAN KEL.COT KEUTAPANG KEC.JEUMPA KAB BIREUEN,85275315368,F,Kuning - Kendaraan Umum,2025-10-18,2026-08-02,LUNAS,BELUM DIKUNJUNGI
PTBAGAHNA LESTARI JAYA,Perusahaan,BL-8947-ZP,ACEH,JL.MEDAN-B. ACEH DESA COT KEUTAPANG KEC.JEUMPA KAB.BIREUEN,0,F,Kuning - Kendaraan Umum,2025-08-28,2026-01-02,BELUM LUNAS,BELUM DIKUNJUNGI
PTBAGAHNA LESTARI JAYA,Perusahaan,BL-8982-ZK,ACEH,DUSUN TELADAN GP.COT KEUTAPANG KEC.JEUMPA KAB.BIREUEN,85260905591,F,Kuning - Kendaraan Umum,2025-07-24,2026-08-03,BELUM LUNAS,BELUM DIKUNJUNGI
PTBAGAHNA LESTARI JAYA,Perusahaan,BL-8782-ZY,ACEH,JLN MEDAN-B.ACEH DS.COT KEUTAPANG KEC. JEUMPA KAB. BIREUEN,85260111550,F,Kuning - Kendaraan Umum,2025-03-14,2026-03-14,BELUM LUNAS,BELUM DIKUNJUNGI
PTBAGAHNA LESTARI JAYA,Perusahaan,BL-8976-ZK,ACEH,DUSUN TELADAN GAMPONG COT KEUTAPANG KEC. JEUMPA KAB. BIREUEN,81269938633,F,Kuning - Kendaraan Umum,2024-11-07,2026-01-09,BELUM LUNAS,BELUM DIKUNJUNGI
PTBAGAHNA LESTARI JAYA,Perusahaan,BL-8684-ZP,ACEH,DUSUN TELADAN COT.KEUTAPANG JEUMPA KAB.BIREUEN,85261369616,F,Kuning - Kendaraan Umum,2025-04-10,2026-03-27,BELUM LUNAS,BELUM DIKUNJUNGI
PTBAGAHNA LESTARI JAYA,Perusahaan,BL-8535-ZE,ACEH,DSN TELADAN GP.COT KEUTAPANG KEC. JEUMPA KAB. BIREUEN,0,F,Kuning - Kendaraan Umum,2026-03-17,2026-08-03,BELUM LUNAS,BELUM DIKUNJUNGI
PTBAGAHNA LESTARI JAYA,Perusahaan,BL-8597-ZK,ACEH,DSN. TELADAN DS. COT KEUTAPANG KEC. JEUMPA KAB. BIREUEN,85277209219,F,Kuning - Kendaraan Umum,2024-12-18,2025-12-18,BELUM LUNAS,BELUM DIKUNJUNGI
PT BAGAHNA LESTARI JAYA,Perusahaan,BL-8935-ZK,ACEH,DSN TELADAN DESA COT KEUTAPANG KEC. JEUMPA KAB. BIREUEN,85373504427,F,Kuning - Kendaraan Umum,2025-05-26,2026-05-31,BELUM LUNAS,BELUM DIKUNJUNGI
PT BAGAHNA LESTARI JAYA,Perusahaan,BL-8626-ZY,ACEH,DSN. TELADAN DS. COT KEUTAPANG KEC. JEUMPA KAB. BIREUEN,8116851886,F,Kuning - Kendaraan Umum,2024-11-13,2025-11-08,BELUM LUNAS,BELUM DIKUNJUNGI
PT BAGAHNA LESTARI JAYA,Perusahaan,BL-8814-Z,ACEH,DSN TELADAN GAMPONG COT KEUTAPANG KEC. JEUMPA KAB. BIREUEN,82366525415,F,Kuning - Kendaraan Umum,2025-07-23,2026-07-23,BELUM LUNAS,BELUM DIKUNJUNGI
PT BAGAHNA LESTARI JAYA,Perusahaan,BL-8573-ZE,ACEH,DSN. TELADAN KEL. COT KEUTAPANG KEC. JEUMPA KAB. BIREUEN,85277852582,F,Kuning - Kendaraan Umum,2026-04-30,2026-07-29,BELUM LUNAS,BELUM DIKUNJUNGI
PT BAGAHNA LESTARI JAYA,Perusahaan,BL-8572-ZE,ACEH,DSN. TELADAN KEL. COT KEUTAPANG KEC. JEUMPA KAB. BIREUEN,852778522258,F,Kuning - Kendaraan Umum,2026-04-30,2026-07-29,BELUM LUNAS,BELUM DIKUNJUNGI
PT BAGAHNA LESTARI JAYA,Perusahaan,BL-8546-ZE,ACEH,DSN. TELADAN DS. COT KEUTAPANG KEC. JEUMPA KAB. BIREUEN,0,F,Kuning - Kendaraan Umum,2025-02-04,2025-12-26,BELUM LUNAS,BELUM DIKUNJUNGI
PT BAGAHNA LESTARI JAYA,Perusahaan,BL-8728-ZK,ACEH,DSN TELADAN DS COT KEUTAPANG KEC JEUMPA KAB BIREUEN,85260121700,F,Kuning - Kendaraan Umum,2025-06-18,2026-06-19,BELUM LUNAS,BELUM DIKUNJUNGI
PT BAGAHNA LESTARI JAYA,Perusahaan,BL-8952-ZK,ACEH,DSN TELADAN DESA COT KEUTAPANG KEC. JEUMPA KAB. BIREUEN,85238050619,F,Kuning - Kendaraan Umum,2025-06-17,2026-05-28,BELUM LUNAS,BELUM DIKUNJUNGI
PT BAGAHNA LESTARI JAYA,Perusahaan,BL-8852-ZK,ACEH,DSN. TELADAN DS. COT KEUTAPANG KEC. JEUMPA KAB. BIREUEN,85260041139,F,Kuning - Kendaraan Umum,2024-10-03,2025-10-03,BELUM LUNAS,BELUM DIKUNJUNGI
PT BAGAHNA LESTARI JAYA,Perusahaan,BL-8582-ZE,ACEH,DSN. TELADAN KEL. GAMPONG COT KEUTAPANG KEC. JEUMPA KAB. BIREUEN,81268521188,F,Kuning - Kendaraan Umum,2025-03-20,2025-11-11,BELUM LUNAS,BELUM DIKUNJUNGI
PT BAGAHNA LESTARI JAYA,Perusahaan,BL-8917-ZK,ACEH,DSN. TELADAN DS.COT KEUTAPANG KEC. JEUMPA KAB. BIREUEN,85262616955,F,Kuning - Kendaraan Umum,2025-08-27,2025-09-23,BELUM LUNAS,BELUM DIKUNJUNGI
PT BAGAHNA LESTARI JAYA,Perusahaan,BL-8679-Z,ACEH,DSN. TELADAN DS. COT KEUTAPANG KEC. JEUMPA KAB. BIREUEN,0,F,Kuning - Kendaraan Umum,2024-12-23,2026-02-05,BELUM LUNAS,BELUM DIKUNJUNGI
PT BAGAHNA LESTARI JAYA,Perusahaan,BL-8915-ZK,ACEH,DSN. TELADAN DS. COT KEUTAPANG KEC. JEUMPA KAB. BIREUEN,82368574949,F,Kuning - Kendaraan Umum,2025-05-19,2026-05-31,BELUM LUNAS,BELUM DIKUNJUNGI
PT BAGAHNA LESTARI JAYA,Perusahaan,BL-8862-ZP,ACEH,DSN. TELADAN GAMPONG COT KEUTAPANG KEC.JEUMPA KAB. BIREUEN,0,F,Kuning - Kendaraan Umum,2025-02-27,2026-02-28,BELUM LUNAS,BELUM DIKUNJUNGI
PT BAGAHNA LESTARI JAYA,Perusahaan,BL-8658-Z,ACEH,DSN TELADAN DS GAMPONG COT KEUTAPANG KEC. JEUMPA KAB. BIREUEN,85260566056,F,Kuning - Kendaraan Umum,2024-11-08,2025-11-06,BELUM LUNAS,BELUM DIKUNJUNGI
PT BAGAHNA LESTARI JAYA,Perusahaan,BL-8908-Z,ACEH,DSN. TELADAN KEL. GAMPONG COT KEUTAPANG,82369604816,F,Kuning - Kendaraan Umum,2025-05-19,2026-01-11,BELUM LUNAS,BELUM DIKUNJUNGI
PT BAGAHNA LESTARI JAYA,Perusahaan,BL-8758-ZP,ACEH,DSN. TELADAN DS. COT KEUTAPANG KEC. JEUMPA KAB. BIREUEN,85278780000,F,Kuning - Kendaraan Umum,2025-08-20,2026-06-07,BELUM LUNAS,BELUM DIKUNJUNGI
PT BAGAHNA LESTARI JAYA,Perusahaan,BL-8613-ZT,ACEH,DSN TELADAN DESA COT KEUTAPANG KEC. JEUMPA KAB. BIREUEN,85372546616,F,Kuning - Kendaraan Umum,2025-07-02,2026-07-13,BELUM LUNAS,BELUM DIKUNJUNGI
PT BAGAHNA LESTARI JAYA,Perusahaan,BL-8564-ZY,ACEH,DSN. TELADAN DS. COT KEUTAPANG KEC. JEUMPA KAB. BIREUEN,0,F,Kuning - Kendaraan Umum,2025-06-10,2026-06-10,BELUM LUNAS,BELUM DIKUNJUNGI
PT BAGAHNA LESTARI JAYA,Perusahaan,BL-8977-ZK,ACEH,DSN. TELADAN DS. COT KEUTAPANG KEC. JEUMPA KAB. BIREUEN,82216808093,F,Kuning - Kendaraan Umum,2024-12-27,2025-12-30,BELUM LUNAS,BELUM DIKUNJUNGI
PT BAGAHNA LESTARI JAYA,Perusahaan,BL-8613-Z,ACEH,JLN MEDAN B ACEH DS COT KEUTAPANG KEC. JEUMPA KAB. BIREUEN,85260864402,F,Kuning - Kendaraan Umum,2025-02-17,2026-02-17,BELUM LUNAS,BELUM DIKUNJUNGI
PT BAGAHNA LESTARI JAYA,Perusahaan,BL-8847-Z,ACEH,DSN TELADAN DS COT KEUTAPANG KEC. JEUMPA KAB. BIREUEN,890002914,F,Kuning - Kendaraan Umum,2024-12-09,2025-11-08,BELUM LUNAS,BELUM DIKUNJUNGI
PT BAGAHNA LESTARI JAYA,Perusahaan,BL-8689-ZK,ACEH,DSN. TELADAN DS. COT KEUTAPANG KEC. JEUMPA KAB. BIREUEN,82317720450,F,Kuning - Kendaraan Umum,2024-12-31,2026-03-07,BELUM LUNAS,BELUM DIKUNJUNGI
PT BAGAHNA LESTARI JAYA,Perusahaan,BL-8737-ZK,ACEH,DSN TELADAN COT KEUTAPANG KEC. JEUMPA KAB. BIREUEN,0,F,Kuning - Kendaraan Umum,2025-02-14,2025-08-19,LUNAS,BELUM DIKUNJUNGI
PT BAGAHNA LESTARI JAYA,Perusahaan,BL-8962-ZK,ACEH,DSN. TELADAN DS. COT KEUTAPANG KEC. JEUMPA KAB. BIREUEN,85276409059,F,Kuning - Kendaraan Umum,2025-07-22,2026-06-27,BELUM LUNAS,BELUM DIKUNJUNGI
PT BAGAHNA LESTARI JAYA,Perusahaan,BL-8561-ZT,ACEH,DSN. TELADAN DS. COT KEUTAPANG KEC. JEUMPA KAB. BIREUEN,82261224368,F,Kuning - Kendaraan Umum,2025-02-03,2026-01-24,BELUM LUNAS,BELUM DIKUNJUNGI
PT BAGAHNA LESTARI JAYA,Perusahaan,BL-8571-ZE,ACEH,DSN. TELADAN KEL. COT KEUTAPANG KEC. JEUMPA KAB. BIREUEN,85277852252,F,Kuning - Kendaraan Umum,2026-04-30,2026-07-29,BELUM LUNAS,BELUM DIKUNJUNGI
PT BAGAHNA LESTARI JAYA,Perusahaan,BL-8680-ZK,ACEH,JL. MEDAN - BANDA ACEH DS. COT KEUTAPANG KEC. JEUMPA KAB. BIREUEN,85238480866,F,Kuning - Kendaraan Umum,2025-01-15,2026-01-05,BELUM LUNAS,BELUM DIKUNJUNGI
PT BAGAHNA LESTARI JAYA,Perusahaan,BL-8671-ZE,ACEH,"DUSUN TELADAN KEL. GAMPONG COT KEUTAPANG, KEC. JEUMPA KAB. BIREUE",85277992087,F,Kuning - Kendaraan Umum,2025-06-10,2026-06-03,LUNAS,BELUM DIKUNJUNGI
PT BAGAHNA LESTARI JAYA,Perusahaan,BL-8839-ZK,ACEH,JLN MEDAN BANDA ACEH DS COT KEUTAPANG KEC. JEUMPA KAB. BIREUEN,85276409059,F,Kuning - Kendaraan Umum,2025-01-08,2025-12-30,BELUM LUNAS,BELUM DIKUNJUNGI
PT BAGAHNA LESTARI JAYA,Perusahaan,BL-8552-ZP,ACEH,DSN. TELADAN DS. COT KEUTAPANG KEC. JEUMPA KAB. BIREUEN,85263415211,F,Kuning - Kendaraan Umum,2024-11-29,2025-11-28,BELUM LUNAS,BELUM DIKUNJUNGI
PT BAGAHNA LESTARI JAYA,Perusahaan,BL-8670-ZE,ACEH,DUSUN TELADAN KEL. GAMPONG COT KEUTAPANG KEC. JEUMPA KAB. BIREUEN,0,F,Kuning - Kendaraan Umum,2025-12-16,2026-06-09,BELUM LUNAS,BELUM DIKUNJUNGI
PT BAGAHNA LESTARI JAYA,Perusahaan,BL-8721-ZK,ACEH,DSN. TELADAN GAMPONG COT KEUTAPANG KEC. JEUMPA KAB. BIREUEN,81360027667,F,Kuning - Kendaraan Umum,2025-09-19,2026-04-30,BELUM LUNAS,BELUM DIKUNJUNGI
PT BAGAHNA LESTARI JAYA,Perusahaan,BL-8916-ZP,ACEH,DSN. TELADAN KEL. COT KEUTAPANG KEC. JEUMPA KAB. BIREUEN,0,F,Kuning - Kendaraan Umum,2025-07-14,2026-07-14,BELUM LUNAS,BELUM DIKUNJUNGI
PT BAGAHNA LESTARI JAYA,Perusahaan,BL-8569-ZE,ACEH,DUSUN TELADAN KEL. GAMPONG COT KEUTAPANG KEC.JEUMPA KABUPATEN BIR,85260111770,F,Kuning - Kendaraan Umum,2025-07-28,2026-07-29,LUNAS,BELUM DIKUNJUNGI
PT BAGAHNA LESTARI JAYA,Perusahaan,BL-8509-ZT,ACEH,DSN. TELADAN DS. COT KEUTAPANG KEC. JEUMPA KAB. BIREUEN,85205211222,F,Kuning - Kendaraan Umum,2025-04-23,2026-03-06,BELUM LUNAS,BELUM DIKUNJUNGI
PT BAGAHNA LESTARI JAYA,Perusahaan,BL-8644-ZP,ACEH,DSN. TELADAN DS. COT KEUTAPANG KEC. JEUMPA KAB. BIREUEN,81222211121,F,Kuning - Kendaraan Umum,2025-01-02,2026-02-08,BELUM LUNAS,BELUM DIKUNJUNGI
PT BAGAHNA LESTARI JAYA,Perusahaan,BL-8779-Z,ACEH,JL. MEDAN BANDA ACEH DS. COT KEUTAPANG KEC. JEUMPA KAB. BIREUEN,0,F,Kuning - Kendaraan Umum,2025-07-02,2026-01-04,BELUM LUNAS,BELUM DIKUNJUNGI
PT BAGAHNA LESTARI JAYA,Perusahaan,BL-8682-Z,ACEH,DSN. TELADAN GP. COT KEUTAPANG KEC. JEUMPA KAB. BIREUEN,81360215678,F,Kuning - Kendaraan Umum,2025-01-02,2026-01-16,BELUM LUNAS,BELUM DIKUNJUNGI
PT BAGAHNA LESTARI JAYA,Perusahaan,BL-8819-ZP,ACEH,DSN. TELADAN DS. COT KEUTAPANG KEC. JEUMPA KAB. BIRUEN,8114441111,F,Kuning - Kendaraan Umum,2025-04-16,2026-01-17,BELUM LUNAS,BELUM DIKUNJUNGI
PT BAGAHNA LESTARI JAYA,Perusahaan,BL-8975-ZK,ACEH,DUSUN TELADAN DESA COT KEUTAPANG KEC. JEUMPA KAB. BIREUEN,81111111111,F,Kuning - Kendaraan Umum,2024-11-07,2025-12-02,BELUM LUNAS,BELUM DIKUNJUNGI
PT BAGAHNA LESTARI JAYA,Perusahaan,BL-8707-ZP,ACEH,DSN. TELADAN DS. COT KEUTAPANG KEC. JEUMPA KAB. BIREUEN,0,F,Kuning - Kendaraan Umum,2024-12-30,2025-12-30,BELUM LUNAS,BELUM DIKUNJUNGI
PT BAGAHNA LESTARI JAYA,Perusahaan,BL-8577-ZT,ACEH,DSN. TELADAN DS. COT KEUTAPANG KEC. JEUMPA KAB. BIREUEN,82362636886,F,Kuning - Kendaraan Umum,2025-07-07,2026-01-16,BELUM LUNAS,BELUM DIKUNJUNGI
PT BAGAHNA LESTARI JAYA,Perusahaan,BL-8996-ZK,ACEH,JL. MEDAN-BANDA ACEH DS. COT KEUTAPANG KEC. JEUMPA KAB. BIREUEN,85296826465,F,Kuning - Kendaraan Umum,2025-10-15,2025-12-02,BELUM LUNAS,BELUM DIKUNJUNGI
PT BAGAHNA LESTARI JAYA,Perusahaan,BL-8867-Z,ACEH,DSN TELADAN DS COT KEUTAPANG KEC JEUMPA KAB BIREUEN,85260166647,F,Kuning - Kendaraan Umum,2025-07-21,2026-01-15,BELUM LUNAS,BELUM DIKUNJUNGI
PT BAGAHNA LESTARI JAYA,Perusahaan,BL-8716-Z,ACEH,DSN. TELADAN GP. COT KEUTAPANG KEC. JEUMPA KAN. BIREUEN,0,F,Kuning - Kendaraan Umum,2025-03-17,2026-06-06,BELUM LUNAS,BELUM DIKUNJUNGI
PT BAGAHNA LESTARI JAYA,Perusahaan,BL-8518-ZE,ACEH,DSN. TELADAN KEL. GAMPONG COT KEUTAPANG KEC. JEUMPA KAB. BIREUEN,81222222221,F,Kuning - Kendaraan Umum,2025-11-24,2026-04-12,LUNAS,BELUM DIKUNJUNGI
PT BAGAHNA LESATARI JAYA,Perusahaan,BL-8577-ZE,ACEH,DSN. TELADAN KEL. GAMPONG COT KEUTAPANG KEC. JEUMPA KAB. BIREUEN,85275550373,F,Kuning - Kendaraan Umum,2024-09-23,2025-09-27,BELUM LUNAS,BELUM DIKUNJUNGI
PTAYU DIKA PERKASA,Perusahaan,BL-1007-Y,ACEH,SIMPANG TERITIT KEC WIH PESAM KAB BENER MERIAH,82276532116,EU,Kuning - Kendaraan Umum,2024-12-27,2025-09-13,BELUM LUNAS,SUDAH DIKUNJUNGI
PT AYU DIKA PERKASA,Perusahaan,BL-7501-YA,ACEH,JALAN PASAR SIMPANG TERITIT NO.135 KEL. SIMPANG TERITIT KEC. WIH,85260413631,EU,Kuning - Kendaraan Umum,2025-10-02,2026-07-16,BELUM LUNAS,SUDAH DIKUNJUNGI
PT AYU DIKA PERKASA,Perusahaan,BL-1070-YA,ACEH,JL BIREUEN TAKENGON SP TERITIT KEC WIH PESAM KAB BENER MERIAH,85277238835,EU,Kuning - Kendaraan Umum,2025-07-07,2026-06-23,BELUM LUNAS,SUDAH DIKUNJUNGI
PT AUTON MOBIL  GROUP,Perusahaan,BL-8737-KC,ACEH,JL. MEDAN - B. ACEH NO. 72 SP. CIBREK KEC. SYAMTALIRA ARON KAB. A,81360908442,F,Kuning - Kendaraan Umum,2024-12-11,2025-12-02,BELUM LUNAS,BELUM DIKUNJUNGI
PT AUTO MOBIL GROUP,Perusahaan,BL-8721-KC,ACEH,JL. MEDAN - B. ACEH NO.72 SIMPANG CIBREK,85241745214,F,Kuning - Kendaraan Umum,2025-08-14,2026-07-30,LUNAS,BELUM DIKUNJUNGI
PT AUTO MOBIL  GROUP,Perusahaan,BL-8873-KC,ACEH,JL. MEDAN - B. ACEH NO. 72 SIMPANG CIBREK KEC. SYAMTALIRA ARON KA,0,F,Kuning - Kendaraan Umum,2024-12-11,2025-12-07,BELUM LUNAS,BELUM DIKUNJUNGI
PT AUTO MOBIL  GROUP,Perusahaan,BL-8868-KC,ACEH,JL. MEDAN - B. ACEH NO.72 SIMPANG CIBREK KEC. SYAMTALIRA ARON KAB,85252125212,F,Kuning - Kendaraan Umum,2025-02-04,2025-11-30,BELUM LUNAS,BELUM DIKUNJUNGI
PTAULIA JAYA EXPRESS,Perusahaan,BL-8565-NH,ACEH,JL.MERDEKA TIMUR KEL.UTEUNKOT KEC.MUARA DUA KOTA LHOKSEUMAWE,0,F,Kuning - Kendaraan Umum,2024-11-19,2025-09-18,BELUM LUNAS,BELUM DIKUNJUNGI
PT AULIA JAYA EXPRESS,Perusahaan,BL-8602-NP,ACEH,JL. MERDEKA TIMUR NO. 02 KEL. UTEUNKOT KEC. MUARA DUA KOTA LHOKSE,85260020200,F,Kuning - Kendaraan Umum,2025-11-19,2026-03-21,BELUM LUNAS,BELUM DIKUNJUNGI
PT AULIA JAYA EXPRESS,Perusahaan,BL-8738-NP,ACEH,JL. MERDEKA TIMUR KEL. UTEUNKOT KEC. MUARA DUA KOTA LHOKSEUMAWE,85207372440,F,Kuning - Kendaraan Umum,2025-07-28,2026-07-26,LUNAS,BELUM DIKUNJUNGI
PT AULIA JAYA EXPRESS,Perusahaan,BL-8603-NP,ACEH,JL. MERDEKA TIMUR NO. 2 KEL. UTEUNKOT KEC. MUARA DUA KOTA LHOKSEU,85260000100,F,Kuning - Kendaraan Umum,2025-05-07,2026-03-21,BELUM LUNAS,BELUM DIKUNJUNGI
PT AULIA JAYA EXPRESS,Perusahaan,BL-8604-NP,ACEH,JL. MERDEKA TIMUR NO. 2 KEC. MUARA DUA KOTA LHOKSEUMAWE,85262002200,F,Kuning - Kendaraan Umum,2025-11-19,2026-03-21,BELUM LUNAS,BELUM DIKUNJUNGI
PT AULIA JAYA EXPRES,Perusahaan,BL-8743-NH,ACEH,JL. MERDEKA TIMUR NO. 2 KEL. UTEUNKOT KEC. MUARA DUA KOTA LHOKSEU,81222111111,F,Kuning - Kendaraan Umum,2024-10-29,2025-08-18,LUNAS,BELUM DIKUNJUNGI
PTATLAS TAKENGON MUSARA,Perusahaan,BL-7555-G,ACEH,JL.ABDUL WAHAB NO.7 KEC. KEBAYAKAN KAB. ACEH TENGAH,81362851647,EU,Kuning - Kendaraan Umum,2025-11-19,2026-06-08,BELUM LUNAS,SUDAH DIKUNJUNGI
PTATLAS TAKENGON MUSARA,Perusahaan,BL-1311-GZ,ACEH,JL.ABDUL WAHAB NO 07 TAKENGON KEL. KUTE LOT KEC. KEBAYAKAN KAB. A,0,EU,Kuning - Kendaraan Umum,2025-08-12,2026-04-24,BELUM LUNAS,SUDAH DIKUNJUNGI
PTATLAS TAKENGON MUSARA,Perusahaan,BL-7503-G,ACEH,JL.ABDUL WAHAB NO 07 TAKENGON KEC. KEBAYAKAN KAB. ACEH TENGAH,81262200095,EU,Kuning - Kendaraan Umum,2025-04-14,2026-04-17,BELUM LUNAS,SUDAH DIKUNJUNGI
PTATLAS TAKENGON MUSARA,Perusahaan,BL-1175-GZ,ACEH,JL ABDUL WAHAB NO.07 TAKENGON KEC. KEBAYAKAN KAB. ACEH TENGAH,85277530309,EU,Kuning - Kendaraan Umum,2024-08-22,2025-08-08,LUNAS,SUDAH DIKUNJUNGI
PTATLAS TAKENGON MUSARA,Perusahaan,BL-1169-GZ,ACEH,JL ABDUL WAHAB NO 07 KEBAYAKAN KEC. KEBAYAKAN KAB. ACEH TENGAH,85266684212,EU,Kuning - Kendaraan Umum,2025-07-31,2026-07-31,BELUM LUNAS,SUDAH DIKUNJUNGI
PTATLAS TAKENGON MUSARA,Perusahaan,BL-1150-GZ,ACEH,JL.ABDUL WAHAB NO.7 KEBAYAKAN KEC. KEBAYAKAN KAB. ACEH TENGAH,81262200095,EU,Kuning - Kendaraan Umum,2025-04-16,2026-04-23,BELUM LUNAS,BELUM DIKUNJUNGI
PTATLAS TAKENGON MUSARA,Perusahaan,BL-1470-G,ACEH,JL ABDUL WAHAB NO 7 TAKENGON KEC KEBAYAKAN KAB ACEH TENGAH,81262200095,EU,Kuning - Kendaraan Umum,2024-09-19,2025-09-18,BELUM LUNAS,SUDAH DIKUNJUNGI
PTATLAS TAKENGON MUSARA,Perusahaan,BL-7450-G,ACEH,JLN.ABDUL WAHAB NO.7 TAKENGON KEC. KEBAYAKAN KAB. ACH TENGAH,81262200095,EU,Kuning - Kendaraan Umum,2025-04-14,2026-04-01,BELUM LUNAS,SUDAH DIKUNJUNGI
PTATLAS TAKENGON MUSARA,Perusahaan,BL-7455-G,ACEH,JL.ABDUL WAHAB NO.07 KEBAYAKAN KEC. KEBAYAKAN KAB. ACEH TENGAH,81362851647,EU,Kuning - Kendaraan Umum,2025-11-19,2026-05-03,BELUM LUNAS,SUDAH DIKUNJUNGI
PTATLAS TAKENGON MUSARA,Perusahaan,BL-1143-GZ,ACEH,JL.ABDUL WAHAB NO.7 KEBAYAKAN KEC. KEBAYAKAN KAB. ACEH TENGAH,81262200095,EU,Kuning - Kendaraan Umum,2024-10-30,2025-10-25,BELUM LUNAS,SUDAH DIKUNJUNGI
PT ATLAS TAKENGON MUSARA,Perusahaan,BL-1108-GB,ACEH,JALAN ABD. WAHAB NO.07 KEL KUTE LOT KEC KEBAYAKAN ACEH TENGAH,0,EU,Kuning - Kendaraan Umum,2025-07-17,2026-07-09,BELUM LUNAS,BELUM DIKUNJUNGI
PT ATLAS TAKENGON MUSARA,Perusahaan,BL-7340-GZ,ACEH,JL. ABDUL WAHAB NO. 07 KEC. KEBAYAKAN KAB. ACEH TENGAH,81262200095,EU,Kuning - Kendaraan Umum,2025-07-08,2026-07-31,BELUM LUNAS,BELUM DIKUNJUNGI
PT ATLAS TAKENGON MUSARA,Perusahaan,BL-1292-GZ,ACEH,JL. ABDUL WAHAB NO.7 TAKENGON KEL. KEBAYAKAN KAB. ACEH TENGAH,81262200565,EU,Kuning - Kendaraan Umum,2025-05-21,2026-05-06,BELUM LUNAS,BELUM DIKUNJUNGI
PT ATLAS TAKENGON MUSARA,Perusahaan,BL-1479-G,ACEH,JL ABDUL WAHAB NO 7 KEBAYAKAN KEC. KEBAYAKAN KAB. ACEH TENGAH,81262200095,EU,Kuning - Kendaraan Umum,2025-07-28,2026-07-28,BELUM LUNAS,BELUM DIKUNJUNGI
PT ATLAS TAKENGON MUSARA,Perusahaan,BL-1178-GZ,ACEH,DS KUTE LOT KEC. KEBAYAKAN KAB. ACEH TENGAH,8126220095,EU,Kuning - Kendaraan Umum,2025-08-11,2026-06-16,BELUM LUNAS,BELUM DIKUNJUNGI
PT ATLAS TAKENGON MUSARA,Perusahaan,BL-1436-G,ACEH,JL.ABD WAHAB NO7 KEBAYAKAN KEC KEBAYAKAN KAB ACEH TENGAH,81262233395,DU,Kuning - Kendaraan Umum,2024-12-23,2025-12-21,BELUM LUNAS,BELUM DIKUNJUNGI
PT ATLAS TAKENGON MUSARA,Perusahaan,BL-1254-GZ,ACEH,JL. ABDUL WAHAB NO.7 KEC. KEBAYAKAN - TAKENGON KAB. ACEH TENGAH,81262233395,EU,Kuning - Kendaraan Umum,2024-11-13,2025-11-17,BELUM LUNAS,SUDAH DIKUNJUNGI
PT ATLAS TAKENGON MUSARA,Perusahaan,BL-1204-GZ,ACEH,JL ABDUL WAHAB NO 07 KEBAYAKAN KEC. KEBAYAKAN KAB. ACEH TENGAH,81262200095,EU,Kuning - Kendaraan Umum,2024-10-30,2025-10-31,BELUM LUNAS,SUDAH DIKUNJUNGI
PT ATLAS TAKENGON MUSARA,Perusahaan,BL-1210-GZ,ACEH,JL ABDUL WAHAB NO 07 KEBAYAKAN KEC. KEBAYAKAN KAB. ACEH TENGAH,0,EU,Kuning - Kendaraan Umum,2025-05-06,2026-05-07,BELUM LUNAS,SUDAH DIKUNJUNGI
PT ATLAS TAKENGON MUSARA,Perusahaan,BL-1298-GZ,ACEH,JL. ABD WAHAB NO.07 KEL. KUTE LOT KEC. KEBAYAKAN KAB. ACEH TENGAH,81262200095,EU,Kuning - Kendaraan Umum,2025-08-07,2026-07-10,BELUM LUNAS,BELUM DIKUNJUNGI
PT ATLAS TAKENGON MUSARA,Perusahaan,BL-1243-GZ,ACEH,JL ABDUL WAHAB NO 7 KEBAYAKAN KEC KEBAYAKAN KAB ACEH TENGAH,81262233395,DU,Kuning - Kendaraan Umum,2024-12-23,2025-12-20,BELUM LUNAS,BELUM DIKUNJUNGI
PT ATLAS TAKENGON MUSARA,Perusahaan,BL-1217-GZ,ACEH,JL. ABDUL WAHAB NO 07 KEBAYAKAN KEC. KEBAYAKAN KAB. ACEH TENGAH,81262200095,EU,Kuning - Kendaraan Umum,2024-10-28,2025-10-28,BELUM LUNAS,BELUM DIKUNJUNGI
PT ATLAS TAKENGON MUSARA,Perusahaan,BL-1115-GZ,ACEH,JLN ABDUL WAHAB NO.7.KEBAYAKAN KEC. KEBAYAKAN KAB. ACEH TENGAH,81262200095,EU,Kuning - Kendaraan Umum,2024-12-02,2025-12-28,BELUM LUNAS,BELUM DIKUNJUNGI
PT ATLAS TAKENGON MUSARA,Perusahaan,BL-1320-GZ,ACEH,JL.ABDUL WAHAB KEL. KUTE LOT KEC. KEBAYAKAN KAB. ACEH TENGAH,85276384022,DU,Kuning - Kendaraan Umum,2025-11-21,2026-07-03,BELUM LUNAS,BELUM DIKUNJUNGI
PT ATLAS TAKENGON MUSARA,Perusahaan,BL-1286-GZ,ACEH,"JLN, ABDUL WAHAB NO7 KEL. KUTE LOT KEC. KEBAYAKAN KAB. ACEH TENGA",0,EU,Kuning - Kendaraan Umum,2025-08-12,2026-07-08,BELUM LUNAS,BELUM DIKUNJUNGI
PT ATLAS TAKENGON MUSARA,Perusahaan,BL-1226-GZ,ACEH,JL. ABDUL WAHAB NO 07 KEBAYAKAN KEC. KEBAYAKAN KAB. ACEH TENGAH,81262200095,EU,Kuning - Kendaraan Umum,2025-05-26,2026-05-07,BELUM LUNAS,BELUM DIKUNJUNGI
PT ATLAS TAKENGON MUSARA,Perusahaan,BL-1285-GZ,ACEH,JL. ABD WAHAB NO.7 KEC. KEBAYAKAN KAB. TAKENGON,81262200095,EU,Kuning - Kendaraan Umum,2025-07-29,2026-07-30,BELUM LUNAS,SUDAH DIKUNJUNGI
PT ATLAS TAKENGON MUSARA,Perusahaan,BL-1140-GZ,ACEH,JLN ABD UL WAHAB BNO 07 KEBAYAKAN KEC. KEBAYAKAN KAB. ACEH TENGAH,85290407080,DU,Kuning - Kendaraan Umum,2024-12-03,2025-09-01,BELUM LUNAS,BELUM DIKUNJUNGI
PT ATLAS TAKENGON MUSARA,Perusahaan,BL-1248-GZ,ACEH,KEL. KUTE LOT KEC. KEBAYAKAN KAB ACEH TENGAH,85294181735,DU,Kuning - Kendaraan Umum,2024-10-31,2025-10-05,BELUM LUNAS,BELUM DIKUNJUNGI
PT ATLAS TAKENGON MUSARA,Perusahaan,BL-1228-GZ,ACEH,JL. ABDUL WAHAB NO.07 KEBAYAKAN DS. KUTE LOT KEC. KEBAYAKAN KAB.,81262200095,EU,Kuning - Kendaraan Umum,2025-05-26,2026-05-27,BELUM LUNAS,BELUM DIKUNJUNGI
PT ATLAS TAKENGON MUSARA,Perusahaan,BL-1275-GZ,ACEH,JL. ABD WAHAB NO. 07 KEBAYAKAN KEC. KEBAYAKAN KAB. ACEH TENGAH,81262200095,EU,Kuning - Kendaraan Umum,2024-12-02,2025-12-06,BELUM LUNAS,BELUM DIKUNJUNGI
PT ATLAS TAKENGON MUSARA,Perusahaan,BL-1310-GZ,ACEH,JL. ABDUL WAHAB NO. 7 KEC. KEBAYAKAN KAB. ACEH TENGAH,81352552500,EU,Kuning - Kendaraan Umum,2025-01-02,2025-12-06,BELUM LUNAS,SUDAH DIKUNJUNGI
PT ATLAS TAKENGON MUSARA,Perusahaan,BL-1209-GZ,ACEH,DS KEC. KEBAYAKAN KAB. ACEH TENGGARA,81262200095,EU,Kuning - Kendaraan Umum,2024-12-16,2025-12-18,BELUM LUNAS,BELUM DIKUNJUNGI
PT ATLANTIC ALAM INDUSTRI,Perusahaan,BL-1655-NR,ACEH,JLN. KENARI NO. 129A DUSUN C ALUE SERIBU BTN LAMA DESA PANGGOI KE,85278780000,DP,Hitam - Kendaraan Pribadi,2025-01-13,2025-12-30,BELUM LUNAS,BELUM DIKUNJUNGI
PTATJEH DAMAI,Perusahaan,BL-3587-QF,ACEH,JL PALOH GADENG,85263635263,C1,Hitam - Kendaraan Pribadi,2025-03-21,2025-11-15,BELUM LUNAS,BELUM DIKUNJUNGI
PTATA MEKAR JAYA,Perusahaan,BL-8649-YZ,ACEH,KEL.MEKAR AYU KEC.TIMANG GAJAH KAB.BENER MERIAH,82253510021,F,Kuning - Kendaraan Umum,2026-03-30,2026-02-12,BELUM LUNAS,BELUM DIKUNJUNGI
PT ATA GEUTANYOE,Perusahaan,BL-8831-NP,ACEH,JL.MESJID NO.18 KEL.KEUDE KRUENG GEUKUEH KEC.DEWANTARA KAB.ACEH U,82256556545,F,Kuning - Kendaraan Umum,2025-07-04,2026-07-07,BELUM LUNAS,BELUM DIKUNJUNGI
PT ATA GEUTANYOE,Perusahaan,BL-8872-NP,ACEH,JL. MESJID NO. 18 KEL. KEUDE KRUENG GEUKUEH KEC. DEWANTARA KAB. A,8527878000,F,Kuning - Kendaraan Umum,2025-07-11,2026-03-24,BELUM LUNAS,BELUM DIKUNJUNGI
PT ATA GEUTANYOE,Perusahaan,BL-8953-KY,ACEH,JL. MESJID NO. 18 KEL. KEUDE KRUENG GEUKUEH KEC. DEWANTARA KAB. A,8527878000,F,Kuning - Kendaraan Umum,2025-07-11,2026-07-04,BELUM LUNAS,BELUM DIKUNJUNGI
PTASAI MULA PERDATASA,Perusahaan,BL-1958-JG,ACEH,JL.MEDAN-B.ACEH BEURANDANG KEC.SYAMTALIRA BAYU KAB ACEH UTARA,85206121211,DP,Hitam - Kendaraan Pribadi,2025-07-17,2026-07-15,LUNAS,BELUM DIKUNJUNGI
PT ASAI MULA PERDATASA,Perusahaan,BL-8411-KE,ACEH,JL. MEDAN - BANDA ACEH GP. BEURANDANG,81370802337,DP,Hitam - Kendaraan Pribadi,2025-06-17,2026-06-17,BELUM LUNAS,BELUM DIKUNJUNGI
PTARUN NGLCO,Perusahaan,BL-8356-ND,ACEH,BLANG LANCANG,8526555555,DP,Hitam - Kendaraan Pribadi,2025-11-25,2026-06-25,BELUM LUNAS,BELUM DIKUNJUNGI
PTARUN NGL CO,Perusahaan,BL-8401-NC,ACEH,BLANG LANCANG,85278780000,DP,Hitam - Kendaraan Pribadi,2025-01-15,2026-02-13,BELUM LUNAS,BELUM DIKUNJUNGI
PTARUN NGL CO,Perusahaan,BL-8130-NC,ACEH,KEL. BLANG LANCANG KEC. MUARA SATU KOTA LHOKSEUMAWE,81375916339,DP,Hitam - Kendaraan Pribadi,2025-02-10,2026-02-26,BELUM LUNAS,BELUM DIKUNJUNGI
PTARUN NGL CO,Perusahaan,BL-8121-ND,ACEH,BLANG LANCANG,81111111,DP,Hitam - Kendaraan Pribadi,2024-12-11,2026-02-26,BELUM LUNAS,BELUM DIKUNJUNGI
PT ARUN NGL CO,Perusahaan,BL-1904-NW,ACEH,DSN. BLANG LANCANG KEL. BLANG PULO KEC. MUARA SATU KOTA LHOKSEUMA,81364646464,DP,Hitam - Kendaraan Pribadi,2025-01-02,2026-02-16,BELUM LUNAS,BELUM DIKUNJUNGI
PT ARUN NGL CO,Perusahaan,BL-1635-NV,ACEH,KEL. BATUPHAT BARAT KEC. MUARA SATU KOTA LHOKSEUMAWE,85200000000,DP,Hitam - Kendaraan Pribadi,2025-02-10,2025-12-20,BELUM LUNAS,BELUM DIKUNJUNGI
PT ARUN NGL CO,Perusahaan,BL-1593-NJ,ACEH,KEL. BLANG PANYANG KEC. MUARA SATU KOTA LHOKSEUMAWE,81111111111,DP,Hitam - Kendaraan Pribadi,2025-06-16,2026-06-18,BELUM LUNAS,BELUM DIKUNJUNGI
PT ARUN NGL CO,Perusahaan,BL-1839-NH,ACEH,KEL. BLANG LANCANG KEC. MUARA SATU KOTA LHOKSEUMAWE,85260121700,DP,Hitam - Kendaraan Pribadi,2024-12-06,2025-12-03,BELUM LUNAS,BELUM DIKUNJUNGI
PT ARUN NGL CO,Perusahaan,BL-8349-NB,ACEH,KEL. BLANG LANCANG KEC. MUARA SATU KOTA LHOKSEUMAWE,85260121700,DP,Hitam - Kendaraan Pribadi,2025-06-25,2025-12-05,BELUM LUNAS,BELUM DIKUNJUNGI
PT ARUN NGL CO,Perusahaan,BL-8253-ND,ACEH,KEL BLANG LANCANG,81111111111,DP,Hitam - Kendaraan Pribadi,2025-12-19,2026-06-16,BELUM LUNAS,BELUM DIKUNJUNGI
PT ARUN NGL CO,Perusahaan,BL-1631-NJ,ACEH,BLANG LANCANG KEL. BATUPHAT BARAT KEC. MUARA SATU KOTA LHOKSEUMAW,0,DP,Hitam - Kendaraan Pribadi,2025-07-25,2026-06-25,BELUM LUNAS,BELUM DIKUNJUNGI
PT ARUN NGL CO,Perusahaan,BL-8472-NC,ACEH,KEL. BLANG LANCANG KEC. MUARA SATU KOTA LHOKSEUMAWE,85270335667,DP,Hitam - Kendaraan Pribadi,2024-10-24,2025-10-27,BELUM LUNAS,BELUM DIKUNJUNGI
PT ARUN NGL CO,Perusahaan,BL-1798-NY,ACEH,KEL. BLANG LANCANG KEC. MUARA DUA KOTA LHOKSEUMAWE,80000000000,DP,Hitam - Kendaraan Pribadi,2025-01-02,2025-11-01,BELUM LUNAS,BELUM DIKUNJUNGI
PT ARUN NGL  CO,Perusahaan,BL-1945-NC,ACEH,KEL. BLANG LANCANG KEC. MUARA SATU KOTA LHOKSEUMAWE,85200000000,DP,Hitam - Kendaraan Pribadi,2025-07-28,2026-01-03,BELUM LUNAS,BELUM DIKUNJUNGI
PT ARUN NGL,Perusahaan,BL-1832-NS,ACEH,KEL. BLANG LANCANG KEC. MUARA SATU KOTA LHOKSEUMAWE,88562212111,DP,Hitam - Kendaraan Pribadi,2025-02-12,2026-04-23,BELUM LUNAS,BELUM DIKUNJUNGI
PT ARUN NGL,Perusahaan,BL-1634-NV,ACEH,BLANG LANCANG KEC. MUARA SATU KOTA LHOKSEUMAWE,85260522340,DP,Hitam - Kendaraan Pribadi,2025-01-30,2026-01-25,BELUM LUNAS,BELUM DIKUNJUNGI
PT ARIFA SENTOSA,Perusahaan,BL-8665-N,ACEH,JL. B. ACEH - MEDAN NO. 66 KEL. BLANG PULO,85278780000,F,Kuning - Kendaraan Umum,2025-06-03,2026-02-11,BELUM LUNAS,BELUM DIKUNJUNGI
PT AMALIA ZAHWA,Perusahaan,BL-8562-KT,ACEH,JL.MEDAN-B.ACEH KEL RAWANG ITEK KEC TANAH JAMBO AYE KABUPATEN ACE,8,F,Kuning - Kendaraan Umum,2025-07-22,2026-07-20,BELUM LUNAS,BELUM DIKUNJUNGI
PT AMALIA ZAHWA,Perusahaan,BL-8951-KS,ACEH,JL. MEDAN - B. ACEH KEL. RAWANG ITEK KEC. TANAH JAMBO AYE KAB. AC,85260599699,F,Kuning - Kendaraan Umum,2025-07-23,2026-07-15,BELUM LUNAS,BELUM DIKUNJUNGI
PT AMALIA ZAHWA,Perusahaan,BL-8719-KC,ACEH,GP. RAWANG ITEK,85260042777,F,Kuning - Kendaraan Umum,2025-08-19,2026-06-17,BELUM LUNAS,BELUM DIKUNJUNGI
PT ALMAURA TUAH MEULABOH,Perusahaan,BL-8859-ZP,ACEH,DSN. KUTA REUNTANG DS. GEULANGGANG BARO,8521545522,F,Kuning - Kendaraan Umum,2025-03-25,2026-02-28,BELUM LUNAS,BELUM DIKUNJUNGI
PT ALHAS JAYA GROUP,Perusahaan,BL-8220-KV,ACEH,JL MOBIL OIL NO.2 SP CEUBREK,823456676,F,Hitam - Kendaraan Pribadi,2025-07-29,2026-08-03,BELUM LUNAS,BELUM DIKUNJUNGI
PT ALHAS JAYA GROUP,Perusahaan,BL-8533-KS,ACEH,JL MOBIL OIL NO 2 SP CIBREK TUNONG,811606565,F,Kuning - Kendaraan Umum,2025-10-07,2026-07-06,BELUM LUNAS,BELUM DIKUNJUNGI
PT ALFA SCORPII,Perusahaan,BL-6190-NAH,ACEH,JL. PASE NO. 2A KEL. GP LHOKSEUMAWE KEC. BANDA SAKTI KOTA LHOKSEU,81111111111,C1,Hitam - Kendaraan Pribadi,2025-12-24,2026-03-06,BELUM LUNAS,BELUM DIKUNJUNGI
PT ALFA SCORPII,Perusahaan,BL-3526-NAF,ACEH,JL PASE NO 2A KEL.GP LHOKSEUMAWE,8000000000,C1,Hitam - Kendaraan Pribadi,2025-07-24,2025-12-15,BELUM LUNAS,BELUM DIKUNJUNGI
PT ALFA SCORPII,Perusahaan,BL-4105-NAJ,ACEH,JL PASE NO 2A KEL.GP LHOKSEUMAWE KEC. BANDA SAKTI KOTA LHOKSEUMAW,823456789,C1,Hitam - Kendaraan Pribadi,2025-11-13,2026-07-20,BELUM LUNAS,BELUM DIKUNJUNGI
PT ALAM BLANG LANCANG,Perusahaan,BL-4234-NAR,ACEH,JL MERDEKA TIMUR NO 2A KEL. KEUDE CUNDA KEC. MUARA DUA KOTA LHOKS,8,C1,Hitam - Kendaraan Pribadi,2024-09-13,2025-09-11,BELUM LUNAS,BELUM DIKUNJUNGI
PT ALAM BLANG LANCANG,Perusahaan,BL-3924-NAP,ACEH,JL MERDEKA TIMUR NO. 2A CUNDA DS. KEUDE CUNDA KEC. MUARA DUA KOTA,81111111,C1,Hitam - Kendaraan Pribadi,2025-02-19,2026-02-19,BELUM LUNAS,BELUM DIKUNJUNGI
PT ALAM BLANG LANCANG,Perusahaan,BL-1199-NN,ACEH,DUSUN TGK DI PANYANG KEL. PADANG SAKTI KEC. MUARA SATU KOTA LHOKS,85263415211,DP,Hitam - Kendaraan Pribadi,2025-04-10,2026-04-25,BELUM LUNAS,BELUM DIKUNJUNGI
PTAKMAL PUTRA JAYA,Perusahaan,BL-8691-ZK,ACEH,JLN.KUALA RAJA GP.PULO KITON KEC.KOTA JUANG KAB BIREUEN,85361108884,F,Kuning - Kendaraan Umum,2024-11-11,2025-11-04,BELUM LUNAS,BELUM DIKUNJUNGI
PTAKMAL PUTRA JAYA,Perusahaan,BL-8835-Z,ACEH,JALAN KUALA RAJA GAMPONG PULO KITON KEC. KOTA JUANG KAB. BIREUEN,85277544664,F,Kuning - Kendaraan Umum,2024-09-26,2025-09-22,BELUM LUNAS,BELUM DIKUNJUNGI
PT AKMAL PUTRA JAYA,Perusahaan,BL-8742-ZE,ACEH,JL. KUALA RAJA GAMPONG PULO KITON KEC. KOTA JUANG KABUPATEN BIREU,0,F,Kuning - Kendaraan Umum,2025-12-24,2026-06-23,BELUM LUNAS,BELUM DIKUNJUNGI
PTAKA SALJU GROUP,Perusahaan,BL-8703-ZE,ACEH,JALAN UTAMA DUSUN TGK DIBIE KEL.LIPAH CUT KEC.JEUMPA KAB BIREUEN,80000000000,F,Kuning - Kendaraan Umum,2024-12-17,2025-10-18,BELUM LUNAS,BELUM DIKUNJUNGI
PT AJAR JAYA BERSAMA,Perusahaan,BL-8679-KC,ACEH,JL. PANTE BREUH - SEUNUDDON KM 2 GP. ALUE,82320165004,F,Kuning - Kendaraan Umum,2025-01-20,2026-01-23,BELUM LUNAS,BELUM DIKUNJUNGI
PT AGAM MAKMUR BERSAMA,Perusahaan,BL-8384-ZZ,ACEH,JL. MALIKUSSALEH DSN. KOMMES DS. BIREUEN MEUNASAH CAPA KEC. KOTA,82360212426,DP,Hitam - Kendaraan Pribadi,2025-03-12,2025-10-24,BELUM LUNAS,BELUM DIKUNJUNGI
PTADIYA HARAPAN,Perusahaan,BL-8730-NH,ACEH,JLN.MEDAN-B.ACEH PUNTEUET LHOKSEUMAWE-NAD,85270474545,F,Kuning - Kendaraan Umum,2024-08-28,2025-08-25,LUNAS,BELUM DIKUNJUNGI
PT ADIYA HARAPAN,Perusahaan,BL-8997-NH,ACEH,KEL. ASAN KAREUNG KEC. BLANG MANGAT KOTA LHOKSEUMAWE,85234567890,F,Kuning - Kendaraan Umum,2024-08-28,2025-08-10,LUNAS,BELUM DIKUNJUNGI
PT ADIYA HARAPAN,Perusahaan,BL-8813-NH,ACEH,KEL. ASAN KAREUNG KEC. BLANG MANGAT KOTA LHOKSEUMAWE,8527878000,F,Kuning - Kendaraan Umum,2025-11-14,2026-06-23,BELUM LUNAS,BELUM DIKUNJUNGI
PT ADIYA HARAPAN,Perusahaan,BL-8817-NH,ACEH,KEL. ASAN KAREUNG KEC. BLANG MANGAT KOTA LHOKSEUMAWE,82360109693,F,Kuning - Kendaraan Umum,2025-11-19,2026-06-23,BELUM LUNAS,BELUM DIKUNJUNGI
PT ADIYA HARAPAN,Perusahaan,BL-8806-NH,ACEH,KEL. ASAN KAREUNG KEC. BLANG MANGAT KOTA LHOKSEUMAWE,0,F,Kuning - Kendaraan Umum,2025-11-14,2026-06-23,BELUM LUNAS,BELUM DIKUNJUNGI
PT ADIYA HARAPAN,Perusahaan,BL-8809-NH,ACEH,GAMPONG ASAN KAREUNG KEL. BLANG MANGAT KEL. BLANG MANGAT KOTA LHO,82366753672,F,Kuning - Kendaraan Umum,2025-12-10,2026-06-22,BELUM LUNAS,BELUM DIKUNJUNGI
PT ADIYA HARAPAN,Perusahaan,BL-8608-NH,ACEH,KEL. ASAN KAREUNG KEC. BLANG MANGAT KOTA LHOKSEUMAWE,85270727374,F,Kuning - Kendaraan Umum,2025-02-17,2025-10-24,BELUM LUNAS,BELUM DIKUNJUNGI
PT ADIRA SARANA ARMADA,Perusahaan,BL-1930-NW,ACEH,JL. MERDEKA NO. 76 KEC. BANDA SAKTI KOTA LHOKSEUMAWE,85278780000,DP,Hitam - Kendaraan Pribadi,2025-01-07,2025-08-11,LUNAS,BELUM DIKUNJUNGI
PTADAM GLOBAL MANDIRI,Perusahaan,BL-8872-KS,ACEH,JL.JAMBO AYE NO.2 MNS.PANTON KEC.TANAH JAMBO AYE KAB.ACEH UTARA,85240565140,F,Kuning - Kendaraan Umum,2024-11-18,2025-11-19,BELUM LUNAS,BELUM DIKUNJUNGI
PT ACEH UTAMA JAYAINDO,Perusahaan,BL-8796-AC,ACEH,JL. TGK. IMUM LUENG BATA NO.79 GP. LAMSEUPEUNG KEC. LUENG BATA KO,85261923334,F,Kuning - Kendaraan Umum,2024-12-20,2025-08-12,LUNAS,BELUM DIKUNJUNGI
PTACEH TENGAH BARU,Perusahaan,BL-7501-G,ACEH,COMP.TERMINAL BUS TAKENGON KEC. LUT TAWAR KAB. ACEH TENGAH,82274111777,EU,Kuning - Kendaraan Umum,2025-05-19,2026-02-18,BELUM LUNAS,BELUM DIKUNJUNGI
PT ACEH TENGAH BARU,Perusahaan,BL-1330-G,ACEH,COMP.TERMINAL BUS TAKENGON KEC. BEBESEN KAB. ACEH TENGAH,82274111777,DU,Kuning - Kendaraan Umum,2024-11-18,2025-12-24,BELUM LUNAS,BELUM DIKUNJUNGI
PTACEH MUFIZ JAYA,Perusahaan,BL-8912-KU,ACEH,JL.ELAK KRUENG MANE KM 3 DESA GLE DAGANG,85214796328,F,Kuning - Kendaraan Umum,2024-09-30,2025-09-24,BELUM LUNAS,BELUM DIKUNJUNGI
PT ACEH MUFIZ JAYA,Perusahaan,BL-8880-KU,ACEH,JALAN ELAK KRUENG MANE KM 3 KEL. GLE DAGANG,85110804501,F,Kuning - Kendaraan Umum,2025-07-04,2026-07-10,BELUM LUNAS,BELUM DIKUNJUNGI
PT ACEH MUFIZ JAYA,Perusahaan,BL-8541-KD,ACEH,JALAN ELAK KRUENG MANE KM.3 KEL. GLE DAGANG,85218756452,F,Kuning - Kendaraan Umum,2024-08-05,2025-08-09,LUNAS,BELUM DIKUNJUNGI
PT ACEH MUFIZ JAYA,Perusahaan,BL-8994-KU,ACEH,JLN. ELAK KRUENG MANE GP. GLE DAGANG KM.3,85235110809,F,Kuning - Kendaraan Umum,2025-05-15,2026-06-05,BELUM LUNAS,BELUM DIKUNJUNGI
PT ACEH DISTRIBUSINDO RAYA,Perusahaan,BL-8409-NE,ACEH,JL. MEDAN - BANDA ACEH SP. ELAK KEL. ALUE LIM KEC. BLANG MANGAT K,81222222111,F,Hitam - Kendaraan Pribadi,2025-01-30,2026-01-26,BELUM LUNAS,BELUM DIKUNJUNGI
PT ACEH DISTRIBUSINDO RAYA,Perusahaan,BL-6311-NT,ACEH,JL. MEDAN-B.ACEH KEL. ALUE LIM,823456789,C1,Hitam - Kendaraan Pribadi,2024-10-25,2025-08-30,BELUM LUNAS,BELUM DIKUNJUNGI
PT ACEH DISTRIBUSINDO RAYA,Perusahaan,BL-1486-NS,ACEH,JL. MEDAN - BANDA ACEH SP. ELAK KEL. ALUE LIM KEC. BLANG MANGAT K,85296538435,DP,Hitam - Kendaraan Pribadi,2025-10-10,2026-02-10,BELUM LUNAS,BELUM DIKUNJUNGI
PT ACEH DISTRIBUSINDO RAYA,Perusahaan,BL-8411-NE,ACEH,JL. MEDAN - BANDA ACEH SIMPANG ELAK ALUE LIM KEC. BLANG MANGAT KO,82259348482,F,Hitam - Kendaraan Pribadi,2024-12-20,2026-01-26,BELUM LUNAS,BELUM DIKUNJUNGI
PT ACEH DISTRIBUSINDO RAYA,Perusahaan,BL-8406-NE,ACEH,JL. MEDAN - BANDA ACEH SP. ELAK KEL. ALUE LIM KEC. BLANG MANGAT K,82259348482,F,Hitam - Kendaraan Pribadi,2024-12-20,2026-01-26,BELUM LUNAS,BELUM DIKUNJUNGI
PT ACEH DISTRIBUSINDO RAYA,Perusahaan,BL-1196-NK,ACEH,KEL. ALUE LIM KEC. BLANG MANGAT KOTA LHOKSEUMAWE,85262121025,DP,Hitam - Kendaraan Pribadi,2025-06-12,2026-05-04,BELUM LUNAS,BELUM DIKUNJUNGI
PTABAD JAYA GROUP,Perusahaan,BL-8669-KS,ACEH,JL B.ACEH MEDAN KM 260 DS TB.BAROH,82323232322,F,Kuning - Kendaraan Umum,2025-11-19,2026-03-10,BELUM LUNAS,BELUM DIKUNJUNGI
PT ABAD JAYA GROUP,Perusahaan,BL-8849-NP,ACEH,JL.MEDAN-B.ACEH KM.250 KEC. DEWANTARA KAB. ACEH UTARA,0,F,Kuning - Kendaraan Umum,2024-12-20,2025-12-03,BELUM LUNAS,BELUM DIKUNJUNGI
PTABAD JAYA ABADI SENTOSA,Perusahaan,BL-1169-KZ,ACEH,JL.MEDAN B.ACEH KM.259 GP.TAMBON BAROH,85289997403,DP,Hitam - Kendaraan Pribadi,2024-12-24,2025-12-17,BELUM LUNAS,BELUM DIKUNJUNGI
PTABAD JAYA ABADI SENTOSA,Perusahaan,BL-8729-KS,ACEH,DESA TAMBON BAROH KR.GEUKUEH,85215345485,F,Kuning - Kendaraan Umum,2024-09-02,2025-08-06,LUNAS,BELUM DIKUNJUNGI
PT ABAD JAYA ABADI SENTOSA,Perusahaan,BL-8709-KS,ACEH,JL. BANDA ACEH-MEDAN KM. 260 KEL. TAMBON BAROH,85206220459,F,Kuning - Kendaraan Umum,2024-12-27,2025-12-26,BELUM LUNAS,BELUM DIKUNJUNGI
PT ABAD JAYA ABADI SENTOSA,Perusahaan,BL-8566-KD,ACEH,JL B. ACEH MEDAN KM 260 KRUENG GEUKUEH,81255485215,F,Kuning - Kendaraan Umum,2024-07-15,2025-09-14,BELUM LUNAS,BELUM DIKUNJUNGI
PT ABAD JAYA ABADI SENTOSA,Perusahaan,BL-8692-NH,ACEH,JL. BANDA -ACEH MEDAN KM 260 KEL. TAMBON BAROH KEC. DEWANTARA KAB,85260121700,F,Kuning - Kendaraan Umum,2025-03-04,2026-01-20,BELUM LUNAS,BELUM DIKUNJUNGI
PT ABADI GAH ATAKANA,Perusahaan,BL-8670-ZT,ACEH,JL B.ACEH - MEDAN DSN TEUNGOH GAMPONG DS. COT GAPU KEC KOTA JUANG,0,F,Kuning - Kendaraan Umum,2025-08-19,2026-08-03,BELUM LUNAS,BELUM DIKUNJUNGI
PTAASARANA TRASINDO,Perusahaan,BL-8575-KC,ACEH,JLN.MEDAN - B.ACEH KM.255 GP.ULEE REULEUNG KR.GKH KEC.DEWANTARA K,81222222111,F,Kuning - Kendaraan Umum,2024-10-08,2025-10-10,BELUM LUNAS,BELUM DIKUNJUNGI
PT AA SARANA TRASINDO,Perusahaan,BL-8604-KC,ACEH,JL. MEDAN BANDA ACEH KM 255 GP. ULEE REULEUNG KRUENG GEUKUEH,85213548110,F,Kuning - Kendaraan Umum,2024-10-01,2025-11-30,BELUM LUNAS,BELUM DIKUNJUNGI
PT AA SARANA TRASINDO,Perusahaan,BL-8609-KC,ACEH,JL. MEDAN BANDA ACEH KM. 255 GP ULEE REULEUNG KTUENG GUKUEH KEC.,0,F,Kuning - Kendaraan Umum,2025-01-02,2025-12-21,BELUM LUNAS,BELUM DIKUNJUNGI
PT AA SARANA TRASINDO,Perusahaan,BL-8717-KC,ACEH,JL. MEDAN - B. ACEH KM 255 KEL. GP. ULEE REULEUNG KRUENG GEUKUEH,85211040806,F,Kuning - Kendaraan Umum,2025-06-16,2026-06-11,BELUM LUNAS,BELUM DIKUNJUNGI
PT AA SARANA TRANSINDO,Perusahaan,BL-8678-NH,ACEH,JL. MEDAN-B. ACEH KM. 255 KEL. KRUENG GEUKUEH KEC. DEWANTARA KAB.,812025852025,F,Kuning - Kendaraan Umum,2024-12-16,2025-12-12,BELUM LUNAS,BELUM DIKUNJUNGI
PEMKAB KABUPATEN BENER MERIAH,Pemerintahan,BL-2133-YB,ACEH,JLN KUTE KERING-SERULE KAYU DS.SERULE KAYU KEC.BUKIT KAB.BENER ME,85277016095,C1,Merah - Kendaraan Pemerintah,2025-08-11,2026-07-01,BELUM LUNAS,SUDAH DIKUNJUNGI
PEMKAB BIREUEN,Pemerintahan,BL-8027-Z,ACEH,JL.LAKS.MALAHAYATI NO.1 BIREUEN KE3C. KOTA JUANG KAB. BIREUEN,85762563545,DP,Merah - Kendaraan Pemerintah,2024-10-22,2025-11-03,BELUM LUNAS,BELUM DIKUNJUNGI
PEMKAB BIREUEN,Pemerintahan,BL-2143-Z,ACEH,JL.PENDIDIKAN NO.1 BIREUEN KEC. KOTA JUANG KAB. BIREUEN,85296236064,C1,Merah - Kendaraan Pemerintah,2024-12-24,2026-03-23,BELUM LUNAS,BELUM DIKUNJUNGI
PEMKAB BIREUEN,Pemerintahan,BL-2774-Z,ACEH,JL LAKSAMANA MALAHAYATI NO 1 KOTA BIREUEN KEC. KOTA JUANG KAB. BI,82272263766,C1,Merah - Kendaraan Pemerintah,2025-09-18,2026-07-08,BELUM LUNAS,BELUM DIKUNJUNGI
PEMKAB BIREUEN,Pemerintahan,BL-2772-Z,ACEH,JL LAKSAMANA MALAHAYATI NO 1 KOTA BIREUEN KEC  KOTA JUANG KAB  BI,0,C1,Merah - Kendaraan Pemerintah,2026-04-23,2026-07-08,BELUM LUNAS,BELUM DIKUNJUNGI
PEMKAB BIREUEN,Pemerintahan,BL-0053-Z,ACEH,JL. MEDAN-B. ACEH DS. COT GAPU KEC. KOTA JUANG KAB. BIREUEN,81211122111,DP,Merah - Kendaraan Pemerintah,2025-02-12,2026-01-29,BELUM LUNAS,BELUM DIKUNJUNGI
PEMKAB BIREUEN,Pemerintahan,BL-2555-Z,ACEH,JL. SULTAN MALIKUSSALEH DS. COT GAPU KEC. KOTA JUANG KAB. BIREUEN,85263625242,C1,Merah - Kendaraan Pemerintah,2024-10-07,2025-11-29,BELUM LUNAS,BELUM DIKUNJUNGI
PEMKAB BIREUEN,Pemerintahan,BL-2738-Z,ACEH,JL.LAKSAMANA MALAHAYATI NO.1 BIREUEN,82364677612,C1,Merah - Kendaraan Pemerintah,2024-12-19,2025-12-24,BELUM LUNAS,BELUM DIKUNJUNGI
PEMKAB BIREUEN,Pemerintahan,BL-2519-Z,ACEH,JL.LAKSAMANA MALAHAYATI NO.01 KEC. JEUMPA KAB. BIREUEN,81321121473,C1,Merah - Kendaraan Pemerintah,2025-01-06,2025-11-29,BELUM LUNAS,BELUM DIKUNJUNGI
PEMKAB BIREUEN,Pemerintahan,BL-2017-ZB,ACEH,JL LAKSAMANA MALAHAYATI NO 1 KOTA BIREUEN KEC. KOTA JUANG KAB. BI,85260289441,C1,Merah - Kendaraan Pemerintah,2025-05-05,2026-07-08,BELUM LUNAS,BELUM DIKUNJUNGI
PEMKAB BIREUEN,Pemerintahan,BL-2816-Z,ACEH,JL LAKSAMANA MALAHAYATI NO 1 KOTA BIREUEN KEC.KOTA JUANG KAB.BIRE,82124001155,C1,Merah - Kendaraan Pemerintah,2025-07-28,2026-07-08,BELUM LUNAS,BELUM DIKUNJUNGI
PEMKAB BIREUEN,Pemerintahan,BL-2474-Z,ACEH,JL SULTAN MALIKUSSALEH DS. COT GAPU KEC. KOTA JUANG KAB. BIREUEN,82359135626,C1,Merah - Kendaraan Pemerintah,2025-04-25,2025-11-29,BELUM LUNAS,BELUM DIKUNJUNGI
PEMKAB BIREUEN,Pemerintahan,BL-2080-ZB,ACEH,JL LAKSAMANA MALAHAYATI NO 1 KOTA BIREUEN KEC. KOTA JUANG KAB. BI,85277209130,C1,Merah - Kendaraan Pemerintah,2025-07-28,2026-07-08,BELUM LUNAS,BELUM DIKUNJUNGI
PEMKAB BIREUEN,Pemerintahan,BL-2861-Z,ACEH,JL LAKSAMANA MALAHAYATI NO 1 KOTA BIREUEN KEC KOTA JUANG KAB BIRE,81256020030,C1,Merah - Kendaraan Pemerintah,2025-07-25,2026-07-08,BELUM LUNAS,BELUM DIKUNJUNGI
PEMKAB BIREUEN,Pemerintahan,BL-2799-Z,ACEH,JL. SULTAN MALIKUSSALEH DS.COT GAPU KEC. KOTA JUANG KAB. BIREUEN,82262322527,C1,Merah - Kendaraan Pemerintah,2025-11-24,2026-07-08,BELUM LUNAS,BELUM DIKUNJUNGI
PEMKAB BIREUEN,Pemerintahan,BL-8015-Z,ACEH,JL. SULTAN MALIKUSSALEH DS. COT GAPU KEC. KOTA JUANG KAB. BIREUEN,85260051026,DP,Merah - Kendaraan Pemerintah,2025-10-03,2026-01-11,BELUM LUNAS,BELUM DIKUNJUNGI
PEMKAB BIREUEN,Pemerintahan,BL-2608-Z,ACEH,JL.LAKSAMANA MALAHAYATI NO.01 KEC. KOTA JUANG KAB. BIREUEN,82129100788,C1,Merah - Kendaraan Pemerintah,2024-11-25,2025-11-29,BELUM LUNAS,BELUM DIKUNJUNGI
PEMKAB BIREUEN,Pemerintahan,BL-2149-Z,ACEH,JL.MALIKUSSALEH DS.COT GAPU KEC.KOTA JUANG KAB. BIREUEN,85260047320,C1,Merah - Kendaraan Pemerintah,2025-10-28,2026-03-23,BELUM LUNAS,BELUM DIKUNJUNGI
PEMKAB BIREUEN,Pemerintahan,BL-2912-Z,ACEH,JL LAKSAMANA MALAHAYATI NO 1 KOTA BIREUEN KEC. KOTA JUANG KAB. BI,85260896242,C1,Merah - Kendaraan Pemerintah,2026-04-14,2026-07-08,BELUM LUNAS,BELUM DIKUNJUNGI
PEMKAB BIREUEN,Pemerintahan,BL-2890-Z,ACEH,JL LAKSAMANA MALAHAYATI NO 1 KOTA BIREUEN KEC. KOTA JUANG KAB. BI,81260462786,C1,Merah - Kendaraan Pemerintah,2025-07-09,2026-07-08,BELUM LUNAS,BELUM DIKUNJUNGI
PEMKAB BIREUEN,Pemerintahan,BL-2578-Z,ACEH,JL.LAKSAMANA MALAHAYATI NO.01 DS COT GAPU KEC KOTA JUANG KAB BIRE,82368430607,C1,Merah - Kendaraan Pemerintah,2024-11-19,2025-11-29,BELUM LUNAS,BELUM DIKUNJUNGI
PEMKAB BIREUEN,Pemerintahan,BL-8016-Z,ACEH,JL. SULTAN MALIKUSSALEH DS. COT GAPU KEC. KOTA JUANG KAB. BIREUEN,85260691145,DP,Merah - Kendaraan Pemerintah,2025-03-20,2026-01-11,BELUM LUNAS,BELUM DIKUNJUNGI
PEMKAB BIREUEN,Pemerintahan,BL-2969-Z,ACEH,JL LAKSAMANA MALAHAYATI NO 1 KOTA BIREUEN KEC. KOTA JUANG KAB. BI,81222211111,C1,Merah - Kendaraan Pemerintah,2025-05-08,2026-07-08,BELUM LUNAS,BELUM DIKUNJUNGI
PEMKAB BIREUEN,Pemerintahan,BL-2986-Z,ACEH,JL LAKSAMANA MALAHAYATI NO 1 KOTA BIREUEN KEC KOTA JUANG KAB BIRE,85277744983,C1,Merah - Kendaraan Pemerintah,2025-07-01,2026-07-08,BELUM LUNAS,BELUM DIKUNJUNGI
PEMKAB BIREUEN,Pemerintahan,BL-2517-Z,ACEH,JL. SULTAN MALIKUSSALEH DS. COT GAPU KEC. KOTA JUANG KAB. BIREUEN,82310564775,C1,Merah - Kendaraan Pemerintah,2025-03-12,2025-11-29,BELUM LUNAS,BELUM DIKUNJUNGI
PEMKAB BIREUEN,Pemerintahan,BL-2953-Z,ACEH,JL LAKSAMANA MALAHAYATI NO 1 KOTA BIREUEN KEC. KOTA JUANG KAB. BI,85262682384,C1,Merah - Kendaraan Pemerintah,2025-07-11,2026-07-08,BELUM LUNAS,BELUM DIKUNJUNGI
PEMKAB BIREUEN,Pemerintahan,BL-2057-ZB,ACEH,JL LAKSAMANA MALAHAYATI NO 1 KOTA BIREUEN KEC. KOTA JUANG KAB. BI,85262695465,C1,Merah - Kendaraan Pemerintah,2026-05-11,2026-07-08,BELUM LUNAS,BELUM DIKUNJUNGI
PEMKAB BIREUEN,Pemerintahan,BL-2088-ZB,ACEH,JL SULTAN MALIKUSSALEH DS. COT GAPU KEC. KOTA JUANG KAB. BIREUEN,85220237804,C1,Merah - Kendaraan Pemerintah,2025-05-20,2026-07-08,BELUM LUNAS,BELUM DIKUNJUNGI
PEMKAB BIREUEN,Pemerintahan,BL-2007-ZB,ACEH,JL SULTAN MALIKUSSALEH DS. COT GAPU KEC. KOTA JUANG KAB. BIREUEN,85277188886,C1,Merah - Kendaraan Pemerintah,2025-07-16,2026-07-08,LUNAS,BELUM DIKUNJUNGI
PEMKAB BIREUEN,Pemerintahan,BL-2569-Z,ACEH,JL. SULTAN MALIKUSSALEH DS. COT GAPU KEC. KOTA JUANG KAB. BIREUEN,85263625243,C1,Merah - Kendaraan Pemerintah,2024-11-19,2025-11-29,BELUM LUNAS,BELUM DIKUNJUNGI
PEMKAB BIREUEN,Pemerintahan,BL-2859-Z,ACEH,JL LAKSAMANA MALAHAYATI NO 1 KOTA BIREUEN KEC. KOTA JUANG KAB. BI,853736393,C1,Merah - Kendaraan Pemerintah,2025-07-01,2026-07-08,BELUM LUNAS,BELUM DIKUNJUNGI
PEMKAB BIREUEN,Pemerintahan,BL-2813-Z,ACEH,JL. LAKSAMANA MALAHAYATI NO 1 KOTA BIREUEN KEC. KOTA JUANG KAB. B,85260489001,C1,Merah - Kendaraan Pemerintah,2025-10-27,2026-07-08,BELUM LUNAS,BELUM DIKUNJUNGI
PEMKAB BENER MERIAH,Pemerintahan,BL-1015-YV,ACEH,KOMP. PERKANTORAN PEMDA SERULE KAYU KEC.BUKIT KAB.BENER MERIAH,82360239452,DP,Merah - Kendaraan Pemerintah,2025-05-28,2026-03-23,LUNAS,BELUM DIKUNJUNGI
PEMKABACEH UTARA,Pemerintahan,BL-1077-KG,ACEH,LHOKSUKON KEC.LHOKSUKON KAB.ACEH UTARA,85223552325,DP,Merah - Kendaraan Pemerintah,2024-10-08,2025-09-10,BELUM LUNAS,BELUM DIKUNJUNGI
"PEMKAB ACEH UTARA,",Pemerintahan,BL-8032-KI,ACEH,KEL LHOKSUKON,8526058526,F,Merah - Kendaraan Pemerintah,2024-12-17,2025-12-25,BELUM LUNAS,BELUM DIKUNJUNGI
"PEMKAB ACEH UTARA,",Pemerintahan,BL-1064-KV,ACEH,KEL LHOKSUKON KEC.LHOKSUKON KAB.ACEH UTARA,85260121700,DP,Merah - Kendaraan Pemerintah,2024-11-21,2025-12-07,BELUM LUNAS,BELUM DIKUNJUNGI
PEMKAB ACEH UTARA,Pemerintahan,BL-1050-KG,ACEH,LHOKSUKON KEC.LHOKSUKON KAB. ACEH UTARA,82271142779,DP,Merah - Kendaraan Pemerintah,2025-01-24,2025-08-20,LUNAS,BELUM DIKUNJUNGI
PEMKAB ACEH UTARA,Pemerintahan,BL-1034-KV,ACEH,KEL LHOKSUKON LHOKSUKON KAB.ACEH UTARA,85277045654,DP,Merah - Kendaraan Pemerintah,2025-06-25,2026-06-22,BELUM LUNAS,BELUM DIKUNJUNGI
PEMKAB ACEH UTARA,Pemerintahan,BL-1069-KV,ACEH,JL.LHOKSUKON KEC. LHOKSUKON KAB. ACEH UTARA.,85265987415,DP,Merah - Kendaraan Pemerintah,2025-07-02,2026-05-30,BELUM LUNAS,BELUM DIKUNJUNGI
PEMKAB ACEH UTARA,Pemerintahan,BL-2254-KD,ACEH,JL.MEDAN B.ACEH KEL.KOTA LHOKSUKON,81262407793,C1,Merah - Kendaraan Pemerintah,2025-07-14,2026-02-15,BELUM LUNAS,BELUM DIKUNJUNGI
PEMKAB ACEH UTARA,Pemerintahan,BL-8013-KI,ACEH,JLN. MAYJEND T. HAMZAH BENDAHARA,82247479237,F,Merah - Kendaraan Pemerintah,2024-12-18,2025-12-20,BELUM LUNAS,BELUM DIKUNJUNGI
PEMKAB ACEH UTARA,Pemerintahan,BL-2892-N,ACEH,JL.T.HAMZAH BENDAHARA NO.1,85236598745,C1,Merah - Kendaraan Pemerintah,2025-02-26,2026-01-07,BELUM LUNAS,BELUM DIKUNJUNGI
PEMKAB ACEH UTARA,Pemerintahan,BL-1022-KV,ACEH,LHOKSUKON,85260264649,DP,Merah - Kendaraan Pemerintah,2024-11-13,2025-11-06,LUNAS,BELUM DIKUNJUNGI
PEMKAB ACEH UTARA,Pemerintahan,BL-2098-KC,ACEH,KEL.KOTA LHOKSUKON KEC. LHOKSUKON KAB. ACEH UTARA,811111111,C1,Merah - Kendaraan Pemerintah,2025-04-29,2026-01-07,BELUM LUNAS,BELUM DIKUNJUNGI
PEMKABACEH TENGAH,Pemerintahan,BL-2876-GC,ACEH,JL.YOS SUDARSO NO.1 TAKENGON DS.KUTENI REJE KEC. LUT TAWAR KAB. A,85267584111,C1,Merah - Kendaraan Pemerintah,2025-07-15,2026-05-20,BELUM LUNAS,BELUM DIKUNJUNGI
PEMKABACEH TENGAH,Pemerintahan,BL-2856-GC,ACEH,JL.YOS SUDARSO NO.1 TAKENGON DS.KUTENI REJE KEC. LUT TAWAR KAB. A,82246917801,C1,Merah - Kendaraan Pemerintah,2025-07-10,2026-05-11,BELUM LUNAS,BELUM DIKUNJUNGI
PEMKAB ACEH TENGAH,Pemerintahan,BL-8026-GC,ACEH,JLN.YOS SUDARSO NO.1 KP.KUTE NI REJE KEC.LUT TAWAR KAB.ACEH TENGA,85213485321,F,Merah - Kendaraan Pemerintah,2025-03-13,2026-01-16,BELUM LUNAS,BELUM DIKUNJUNGI
PEMKAB ACEH TENGAH,Pemerintahan,BL-2961-GC,ACEH,JALAN YOS SUDARSO NO 1 TAKENGON DS. KUTENI REJE KEC. LUT TAWAR KA,85213248212,C1,Merah - Kendaraan Pemerintah,2025-03-13,2025-11-16,BELUM LUNAS,BELUM DIKUNJUNGI
PEMKAB ACEH TENGAH,Pemerintahan,BL-1039-GH,ACEH,JL.YOS SUDARSO NO.1 TAKENGON KEC. BEBESEN KAB. ACEH TENGAH,85220000000,DP,Merah - Kendaraan Pemerintah,2025-10-06,2026-07-07,LUNAS,BELUM DIKUNJUNGI
PEMKAB ACEH TENGAH,Pemerintahan,BL-1021-GU,ACEH,JL.YOS SUDARSO NO.1 TAKENGON KEC. LUT TAWAR KAB. ACEH TENGAH,85249355845,DP,Merah - Kendaraan Pemerintah,2024-11-19,2025-09-26,BELUM LUNAS,BELUM DIKUNJUNGI
PEMKAB ACEH TENGAH,Pemerintahan,BL-1025-GU,ACEH,JL.YOS SUDARSO NO.1 TAKENGON KEL BLANG KOLAK 2 KEC. BEBESEN KAB.,81343209551,DP,Merah - Kendaraan Pemerintah,2025-09-03,2026-06-12,BELUM LUNAS,BELUM DIKUNJUNGI
PEMKAB ACEH TENGAH,Pemerintahan,BL-2970-GC,ACEH,JALAN YOS SUDARSONO 1 TAKENGON DS.KUTENI REJE KEC.LUT TAWAR KAB.A,8,C1,Merah - Kendaraan Pemerintah,2024-09-04,2025-09-02,BELUM LUNAS,BELUM DIKUNJUNGI
PEMKAB ACEH TENGAH,Pemerintahan,BL-1081-GH,ACEH,JL.YOS SUDARSO NO.1 TAKENGON KEC. LUT TAWAR KAB. ACEH TENGAH,85270917975,DP,Merah - Kendaraan Pemerintah,2025-08-20,2026-07-07,BELUM LUNAS,BELUM DIKUNJUNGI
PEMKAB ACEH TENGAH,Pemerintahan,BL-8027-GB,ACEH,JL. YOS SUDARSO NO. 1 KEC. LUT TAWAR KAB. ACEH TENGAH,85200000000,F,Merah - Kendaraan Pemerintah,2025-11-25,2026-01-29,BELUM LUNAS,BELUM DIKUNJUNGI
PEMKAB ACEH TENGAH,Pemerintahan,BL-2960-GC,ACEH,JALAN YOS SUDARSO NO 1 TAKENGON DS. KUTENI REJE KEC. LUT TAWAR KA,85252843214,C1,Merah - Kendaraan Pemerintah,2025-03-13,2025-11-16,BELUM LUNAS,BELUM DIKUNJUNGI
PEMKAB ACEH TENGAH,Pemerintahan,BL-2969-GC,ACEH,JALAN YOS SUDARSONO 1 TAKENGON DS.KUTENI REJE KEC.LUT TAWAR KAB.A,80000000000,C1,Merah - Kendaraan Pemerintah,2024-09-04,2025-09-02,BELUM LUNAS,BELUM DIKUNJUNGI
PEMKAB ACEH TENGAH,Pemerintahan,BL-1021-GG,ACEH,JL.YOS SUDARSO NO.1 TAKENGON KEC. LUT TAWAR KAB. ACEH TENGAH,82246917801,DP,Merah - Kendaraan Pemerintah,2025-04-24,2026-04-18,BELUM LUNAS,BELUM DIKUNJUNGI
PEMKAB ACEH TENGAH,Pemerintahan,BL-2850-GC,ACEH,JL.YOS SUDARSO NO.1 TAKENGON DS.KUTENI REJE KEC. LUT TAWAR KAB. A,85306430042,C1,Merah - Kendaraan Pemerintah,2026-02-04,2026-05-11,BELUM LUNAS,BELUM DIKUNJUNGI
PEMKAB ACEH TENGAH,Pemerintahan,BL-1018-GG,ACEH,JL.YOS SUDARSO NO.1 TAKENGON KEC. LUT TAWAR KAB. ACEH TENGAH,85260385522,DP,Merah - Kendaraan Pemerintah,2026-01-29,2026-04-18,BELUM LUNAS,BELUM DIKUNJUNGI
PEMERINTAH LHOKSEUMAWE,Pemerintahan,BL-1098-NC,ACEH,JL. MERDEKA I NO. 2 KEL. KOTA LHOKSEUMAWE KEC. BANDA SAKTI KOTA L,8110000000,DP,Merah - Kendaraan Pemerintah,2025-12-30,2026-05-05,BELUM LUNAS,BELUM DIKUNJUNGI
PEMERINTAH KOTA LHOKSEUMAWE,Pemerintahan,BL-1061-NJ,ACEH,JL. BALAI KOTA NO. 1 LHOKSEUMAWE KEC. BANDA SAKTI KOTA LHOKSEUMAW,8527878000,DP,Merah - Kendaraan Pemerintah,2025-07-24,2026-04-08,BELUM LUNAS,BELUM DIKUNJUNGI
PEMERINTAH KOTA LHOKSEUMAWE,Pemerintahan,BL-2206-ND,ACEH,JL. MERDEKA 2 KEL. KAMPUNG JAWA KEC. BANDA SAKTI KOTA LHOKSEUMAWE,81111111111,C1,Merah - Kendaraan Pemerintah,2024-12-23,2025-12-31,BELUM LUNAS,BELUM DIKUNJUNGI
PEMERINTAH KOTA LHOKSEUMAWE,Pemerintahan,BL-2529-ND,ACEH,JL. MERDEKA I NO. 2 KEL. KAMPUNG JAWA KEC. BANDA SAKTI KOTA LHOKS,8526938581,C1,Merah - Kendaraan Pemerintah,2025-12-24,2026-06-20,BELUM LUNAS,BELUM DIKUNJUNGI
PEMERINTAH KOTA LHOKSEUMAWE,Pemerintahan,BL-8086-N,ACEH,JL SYEIKH SYAMSUDDIN AS-SUMATRANI NO 2 DS KAMPUNG JAWA BARU KEC B,8,DP,Merah - Kendaraan Pemerintah,2025-01-14,2025-12-30,BELUM LUNAS,BELUM DIKUNJUNGI
PEMERINTAH KOTA LHOKSEUMAWE,Pemerintahan,BL-2871-N,ACEH,JL. MERDEKA NO.1,85260121700,C1,Merah - Kendaraan Pemerintah,2024-10-29,2025-10-30,BELUM LUNAS,BELUM DIKUNJUNGI
PEMERINTAH KOTA LHOKSEUMAWE,Pemerintahan,BL-2348-N,ACEH,JL.MERDEKA NO.1,82370215365,C1,Hitam - Kendaraan Pribadi,2025-11-19,2026-04-07,BELUM LUNAS,BELUM DIKUNJUNGI
PEMERINTAH KOTA LHOKSEUMAWE,Pemerintahan,BL-2513-ND,ACEH,JL. MERDEKA I NO. 2 KEL. KAMPUNG JAWA KEC. BANDA SAKTI KOTA LHOKS,811111111,C1,Merah - Kendaraan Pemerintah,2025-07-16,2026-06-20,BELUM LUNAS,BELUM DIKUNJUNGI
PEMERINTAH KOTA LHOKSEUMAWE,Pemerintahan,BL-7038-N,ACEH,JL SYEIKH SYAMSUDDIN AS SUMATRANI NO 2 DS KAMPUNG JAWA BARU KEC B,80000000000,EP,Merah - Kendaraan Pemerintah,2025-06-05,2026-05-26,BELUM LUNAS,BELUM DIKUNJUNGI
PEMERINTAH KOTA LHOKSEUMAWE,Pemerintahan,BL-9134-N,ACEH,JL. SYECH SYAMSUDDIN AS SUMATRANI NO. 1 KEC. BANDA SAKTI KOTA LHO,80000000000,A,Merah - Kendaraan Pemerintah,2025-08-19,2026-03-07,BELUM LUNAS,BELUM DIKUNJUNGI
PEMERINTAH KOTA LHOKSEUMAWE,Pemerintahan,BL-7012-N,ACEH,JL SYEIKH SYAMSUDDIN AS SUMATRANI NO 2 DS KAMPUNG JAWA BARU KEC B,8,EP,Merah - Kendaraan Pemerintah,2025-01-14,2025-12-30,BELUM LUNAS,BELUM DIKUNJUNGI
PEMERINTAH KOTA LHOKSEUMAWE,Pemerintahan,BL-2738-ND,ACEH,JL. MERDEKA NO. 2 KEL. KAMPUNG JAWA LAMA KEC. BANDA SAKTI KOTA LH,82365584241,C1,Merah - Kendaraan Pemerintah,2025-05-05,2026-05-30,BELUM LUNAS,BELUM DIKUNJUNGI
PEMERINTAH KOTA LHOKSEUMAWE,Pemerintahan,BL-1026-NJ,ACEH,JL. MERDEKA I NO. 2 LHOKSEUMAWE KEC. BANDA SAKTI KOTA LHOKSEUMAWE,85278780000,DP,Merah - Kendaraan Pemerintah,2025-07-24,2026-04-28,BELUM LUNAS,BELUM DIKUNJUNGI
PEMERINTAH KOTA LHOKSEUMAWE,Pemerintahan,BL-2180-NE,ACEH,JL.SYECH SYAMSUDDIN AS-SUMATERANI NO.2 DS. KAMPUNG JAWA KEC. BAND,85260701986,C1,Merah - Kendaraan Pemerintah,2025-12-24,2026-07-17,BELUM LUNAS,BELUM DIKUNJUNGI
PEMERINTAH KOTA LHOKSEUMAWE,Pemerintahan,BL-2824-ND,ACEH,JL.MERDEKA I NO.2 KAMPUNG JAWA LAMA,85260982225,C1,Merah - Kendaraan Pemerintah,2025-07-16,2026-02-17,LUNAS,BELUM DIKUNJUNGI
PEMERINTAH KOTA LHOKSEUMAWE,Pemerintahan,BL-1032-NV,ACEH,JL. MERDEKA NO. 1 KEC. BANDA SAKTI KOTA LHOKSEUMAWE,852587899987,DP,Merah - Kendaraan Pemerintah,2025-07-01,2026-06-16,BELUM LUNAS,BELUM DIKUNJUNGI
PEMERINTAH KOTA LHOKSEUMAWE,Pemerintahan,BL-1056-NV,ACEH,JL. MERDEKA NO. 01 LHOKSEUMAWE KEC. BANDA SAKTI KOTA LHOKSEUMAWE,0,DP,Merah - Kendaraan Pemerintah,2025-09-29,2026-06-26,BELUM LUNAS,BELUM DIKUNJUNGI
PEMERINTAH KOTA LHOKSEUMAWE,Pemerintahan,BL-1062-N,ACEH,JL. SYECH SYAMSUDIN AS-SUMATERANI N0 2 KEC. BANDA SAKTI KOTA LHOK,85263524877,DP,Merah - Kendaraan Pemerintah,2025-03-05,2026-02-25,BELUM LUNAS,BELUM DIKUNJUNGI
PEMERINTAH KOTA LHOKSEUMAWE,Pemerintahan,BL-1095-NV,ACEH,JL. MERDEKA I NO. 2 LHOKSEUMAWE KEC. BANDA SAKTI KOTA LHOKSEUMAWE,8527878000,DP,Merah - Kendaraan Pemerintah,2025-05-08,2025-12-20,BELUM LUNAS,BELUM DIKUNJUNGI
PEMERINTAH KOTA LHOKSEUMAWE,Pemerintahan,BL-1040-NM,ACEH,JL.MERDEKA NO.2 KEL KP JAWA LAMA KEC. BANDA SAKTI KOTA LHOKSEUMAW,8520000000,DP,Merah - Kendaraan Pemerintah,2025-05-23,2026-04-06,BELUM LUNAS,BELUM DIKUNJUNGI
PEMERINTAH KOTA LHOKSEUMAWE,Pemerintahan,BL-1094-NW,ACEH,JL. MERDEKA I NO. 2 KEL. KOTA LHOKSEUMAWE KEC. BANDA SAKTI KOTA L,85277171015,DP,Merah - Kendaraan Pemerintah,2025-07-21,2026-05-08,BELUM LUNAS,BELUM DIKUNJUNGI
PEMERINTAH KOTA LHOKSEUMAWE,Pemerintahan,BL-2509-ND,ACEH,JL.MERDEKA I NO.2 KP JAWA,0,C1,Merah - Kendaraan Pemerintah,2025-07-28,2026-06-20,BELUM LUNAS,BELUM DIKUNJUNGI
PEMERINTAH KOTA LHOKSEUMAWE,Pemerintahan,BL-7031-N,ACEH,JL SYEIKH SYAMSUDDIN AS SUMATRANI NO 2 DS KAMPUNG JAWA BARU KEC B,8000000000,EP,Merah - Kendaraan Pemerintah,2025-06-05,2026-05-26,BELUM LUNAS,BELUM DIKUNJUNGI
PEMERINTAH KOTA LHOKSEUMAWE,Pemerintahan,BL-8069-N,ACEH,JL SYEIKH SYAMSUDIN AS-SUMATRANI NO 2 DS KMAPUNG JAWA KEC BANDA S,8000000000,DP,Merah - Kendaraan Pemerintah,2024-11-18,2025-11-05,BELUM LUNAS,BELUM DIKUNJUNGI
PEMERINTAH KOTA LHOKSEUMAWE,Pemerintahan,BL-1057-NV,ACEH,JL. MERDEKA I NO.2 KEL KOTA LHOKSEUMAWE KEC.BANDA SAKTI KOTA LHOK,85260121700,DP,Merah - Kendaraan Pemerintah,2025-03-21,2026-02-04,BELUM LUNAS,BELUM DIKUNJUNGI
PEMERINTAH KOTA LHOKSEUMAWE,Pemerintahan,BL-8097-N,ACEH,JLN. SYECH SYAMSUDDIN AS SUMATRANI NO. 2 LHOKSEUMAWE KOTA LHOKSEU,8,F,Merah - Kendaraan Pemerintah,2024-10-24,2025-10-22,BELUM LUNAS,BELUM DIKUNJUNGI
PEMERINTAH KOTA LHOKSEUMAWE,Pemerintahan,BL-1045-NK,ACEH,JL.MERDEKA I NO.2 KEL KP JAWA,8111111111,DP,Merah - Kendaraan Pemerintah,2025-03-12,2025-12-04,BELUM LUNAS,BELUM DIKUNJUNGI
PEMERINTAH KOTA LHOKSEUMAWE,Pemerintahan,BL-1024-NW,ACEH,JL. MERDEKA NO. 2 KEL. KOTA LHOKSEUMAWE KEC. BANDA SAKTI KOTA LHO,0,DP,Merah - Kendaraan Pemerintah,2025-11-21,2026-07-06,BELUM LUNAS,BELUM DIKUNJUNGI
PEMERINTAH KOTA LHOKSEUMAWE,Pemerintahan,BL-2430-ND,ACEH,JL. MERDEKA I NO. 2 KEL. KAMPUNG JAWA KEC. BANDA SAKTI KOTA LHOKS,852787800,C1,Merah - Kendaraan Pemerintah,2025-05-08,2026-03-17,BELUM LUNAS,BELUM DIKUNJUNGI
PEMERINTAH KOTA LHOKSEUMAWE,Pemerintahan,BL-2203-ND,ACEH,JL.MERDEKA 2 KEL.KAMPUNG JAWA KEC. BANDA SAKTI KOTA LHOKSEUMAWE,81269920631,C1,Merah - Kendaraan Pemerintah,2024-10-28,2025-12-31,BELUM LUNAS,BELUM DIKUNJUNGI
PEMERINTAH KOTA LHOKSEUMAWE,Pemerintahan,BL-1029-NV,ACEH,JL. MERDEKA NO. 1 LHOKSEUMAWE KEC. BANDA SAKTI KOTA LHOKSEUMAWE,0,DP,Merah - Kendaraan Pemerintah,2025-08-21,2026-06-16,BELUM LUNAS,BELUM DIKUNJUNGI
PEMERINTAH KOTA LHOKSEUMAWE,Pemerintahan,BL-8012-NB,ACEH,JL. BALAI KOTA NO. 1 KEC. BANDA SAKTI KOTA LHOKSEUMAWE,81111111111,DP,Merah - Kendaraan Pemerintah,2025-08-14,2026-04-17,BELUM LUNAS,BELUM DIKUNJUNGI
PEMERINTAH KOTA LHOKSEUMAWE,Pemerintahan,BL-2426-ND,ACEH,JL. MERDEKA I NO. 2 KEL. KAMPUNG JAWA KEC. BANDA SAKTI KOTA LHOKS,85263145211,C1,Merah - Kendaraan Pemerintah,2025-03-19,2026-03-17,BELUM LUNAS,BELUM DIKUNJUNGI
PEMERINTAH KAMPUNG WAQ PONDOK SAYUR,Pemerintahan,BL-2249-YB,ACEH,KAMPUNG WAQ PONDOK SAYUR KEL. WAQ PONDOK SAYUR KEC. BUKIT KAB. BE,8,C1,Merah - Kendaraan Pemerintah,2024-08-21,2025-08-15,LUNAS,BELUM DIKUNJUNGI
PEMERINTAH KAMPUNG ULU NARON,Pemerintahan,BL-2258-YB,ACEH,ULU NARON KEL. ULU NARON KEC. PINTU RIME GAYO KAB. BENER MERIAH,85257574549,C1,Merah - Kendaraan Pemerintah,2025-04-23,2026-04-11,BELUM LUNAS,BELUM DIKUNJUNGI
PEMERINTAH KAMPUNG UJUNG GELE,Pemerintahan,BL-2259-YB,ACEH,JALAN BALE DELUNG KEL. UJUNG GELE KEC. BUKIT KAB. BENER MERIAH,8,C1,Merah - Kendaraan Pemerintah,2025-06-11,2026-05-20,BELUM LUNAS,BELUM DIKUNJUNGI
PEMERINTAH KAMPUNG TINGKEM ASLI,Pemerintahan,BL-2241-YB,ACEH,TINGKEM ASLI KEL. TINGKEM ASLI KEC. BUKIT KAB. BENER MERIAH,85361990481,C1,Merah - Kendaraan Pemerintah,2025-06-10,2026-06-08,LUNAS,BELUM DIKUNJUNGI
PEMERINTAH KAMPUNG TANSARAN BIDIN,Pemerintahan,BL-2192-YB,ACEH,JLN. BLANG JORONG WONOSARI TANSARAN BIDIN KEL. KAMPUNG TANSARAN B,81269343564,C1,Merah - Kendaraan Pemerintah,2025-03-25,2026-03-25,BELUM LUNAS,BELUM DIKUNJUNGI
PEMERINTAH KAMPUNG SUKU WIH ILANG,Pemerintahan,BL-2187-YB,ACEH,KAMPUNG SUKU WIH ILANG KEL. KAMPUNG SUKU WIH ILANG KEC. BANDAR KA,81254786214,C1,Merah - Kendaraan Pemerintah,2025-03-25,2026-03-25,BELUM LUNAS,BELUM DIKUNJUNGI
PEMERINTAH KAMPUNG SUKU BENER,Pemerintahan,BL-2256-YB,ACEH,SUKU BENER KEL. SUKU BENER KEC. BENER KELIPAH KAB. BENER MERIAH,80000000000,C1,Merah - Kendaraan Pemerintah,2024-11-06,2025-10-31,BELUM LUNAS,BELUM DIKUNJUNGI
PEMERINTAH KAMPUNG SELAMAT REJO,Pemerintahan,BL-2193-YB,ACEH,JLN PONDOK ULUNG BELANG JORONG DUSUN MAWAR KEL. SELAMAT REJO KEC.,81377122710,C1,Merah - Kendaraan Pemerintah,2025-02-25,2026-02-25,BELUM LUNAS,BELUM DIKUNJUNGI
PEMERINTAH KAMPUNG REMBELE,Pemerintahan,BL-2221-YB,ACEH,KAMPUNG REMBELE KEL. REMBELE KEC. BUKIT KAB. BENER MERIAH,85275034585,C1,Merah - Kendaraan Pemerintah,2025-06-04,2026-06-03,BELUM LUNAS,BELUM DIKUNJUNGI
PEMERINTAH KAMPUNG REMANG KETIKE JA,Pemerintahan,BL-2209-YB,ACEH,KAMPUNG REMANG KETIKE JAYA KEL. KAMPUNG REMANG KETIKE JAYA KEC. B,82217493403,C1,Merah - Kendaraan Pemerintah,2025-06-17,2026-06-08,BELUM LUNAS,BELUM DIKUNJUNGI
PEMERINTAH KAMPUNG PURWOSARI,Pemerintahan,BL-2233-YB,ACEH,JL JEMU RAHARJO DS REDELUNG JAYA KAMPUNG PURWOSARI KEL. KAMPUNG P,82369874002,C1,Merah - Kendaraan Pemerintah,2025-06-24,2026-06-08,BELUM LUNAS,BELUM DIKUNJUNGI
PEMERINTAH KAMPUNG PUJA MULIA,Pemerintahan,BL-2247-YB,ACEH,KAMPUNG PUJA MULIA KEL. KAMPUNG PUJA MULIA KEC. BANDAR KAB. BENER,82161621789,C1,Merah - Kendaraan Pemerintah,2025-06-30,2026-07-22,BELUM LUNAS,BELUM DIKUNJUNGI
PEMERINTAH KAMPUNG PILAR JAYA,Pemerintahan,BL-2251-YB,ACEH,KAMPUNG PILAR JAYA KEL. PILAR JAYA KEC. BUKIT KAB. BENER MERIAH,8,C1,Merah - Kendaraan Pemerintah,2024-09-26,2025-09-19,BELUM LUNAS,BELUM DIKUNJUNGI
PEMERINTAH KAMPUNG MELUEM,Pemerintahan,BL-2218-YB,ACEH,KAMPUNG MELUEM KEL. MELUEM KEC. BUKIT KAB. BENER MERIAH,81370518548,C1,Merah - Kendaraan Pemerintah,2025-05-23,2026-05-20,BELUM LUNAS,BELUM DIKUNJUNGI
PEMERINTAH KAMPUNG KUTE KERING,Pemerintahan,BL-2255-YB,ACEH,KAMPUNG KUTE KERING KEL. KUTE KERING KEC. BUKIT KAB. BENER MERIAH,8,C1,Merah - Kendaraan Pemerintah,2024-09-26,2025-09-19,BELUM LUNAS,BELUM DIKUNJUNGI
PEMERINTAH KAMPUNG JANARATA,Pemerintahan,BL-2216-YB,ACEH,JALAN DJAMALUDDIN DUSUN BERLIAN JAYA KAMPUNG JANARATA KEL. KAMPUN,823631893330,C1,Merah - Kendaraan Pemerintah,2025-06-12,2026-05-08,BELUM LUNAS,BELUM DIKUNJUNGI
PEMERINTAH KAMPUNG GODANG,Pemerintahan,BL-2248-YB,ACEH,KAMPUNG GODANG KEL. GODANG KEC. BUKIT KAB. BENER MERIAH,8,C1,Merah - Kendaraan Pemerintah,2024-08-21,2025-08-15,LUNAS,BELUM DIKUNJUNGI
PEMERINTAH KAMPUNG DELUNG TUE,Pemerintahan,BL-2240-YB,ACEH,KAMPUNG DELUNG TUE KEL. DELUNG TUE KEC. BUKIT KAB. BENER MERIAH,85275386071,C1,Merah - Kendaraan Pemerintah,2025-11-24,2026-06-08,BELUM LUNAS,BELUM DIKUNJUNGI
PEMERINTAH KAMPUNG DELUNG ASLI,Pemerintahan,BL-2252-YB,ACEH,KAMPUNG DELUNG ASLI KEL. DELUNG ASLI KEC. BUKIT KAB. BENER MERIAH,0,C1,Merah - Kendaraan Pemerintah,2024-09-26,2025-09-19,BELUM LUNAS,BELUM DIKUNJUNGI
PEMERINTAH KAMPUNG BUKIT BERSATU,Pemerintahan,BL-2227-YB,ACEH,BUKIT BERSATU KEL. BUKIT BERSATU KEC. BUKIT KAB. BENER MERIAH,82271569848,C1,Merah - Kendaraan Pemerintah,2025-06-11,2026-06-03,BELUM LUNAS,BELUM DIKUNJUNGI
PEMERINTAH KAMPUNG BLANG JORONG,Pemerintahan,BL-2197-YB,ACEH,JLN SAMAR KILANG PONDOK BARU KAMPUNG BLANG JORONG KEL. KAMPUNG BL,82259657514,C1,Merah - Kendaraan Pemerintah,2025-04-22,2026-03-13,BELUM LUNAS,BELUM DIKUNJUNGI
PEMERINTAH KAMPUNG BERANUN TELEDEN,Pemerintahan,BL-2217-YB,ACEH,JL SIMPANG TELEDEN TANJUNG BERINGIN KAMPUNG BERANUN TELEDEN KEL.,85232809740,C1,Merah - Kendaraan Pemerintah,2025-05-28,2026-05-08,BELUM LUNAS,BELUM DIKUNJUNGI
PEMERINTAH KABUPATEN BIREUEN,Pemerintahan,BL-2668-Z,ACEH,JL.LAKSAMANA MALAHAYATI NO.1 KEC KOTA JUANG KAB BIREUEN,81225882719,C1,Merah - Kendaraan Pemerintah,2024-11-13,2025-11-29,BELUM LUNAS,BELUM DIKUNJUNGI
PEMERINTAH KABUPATEN BIREUEN,Pemerintahan,BL-2567-Z,ACEH,JL. SULTAN MALIKUSSALEH DS. COT GAPU KEC. KOTA JUANG KAB. BIREUEN,85262610458,C1,Merah - Kendaraan Pemerintah,2024-12-18,2025-11-29,BELUM LUNAS,BELUM DIKUNJUNGI
PEMERINTAH KABUPATEN BIREUEN,Pemerintahan,BL-8089-Z,ACEH,JALAN MEDAN - BANDA ACEH COT GAPU BIREUEN KABUPATEN BIREUEN,81111111111,F,Merah - Kendaraan Pemerintah,2025-12-29,2026-03-15,BELUM LUNAS,BELUM DIKUNJUNGI
PEMERINTAH KABUPATEN BIREUEN,Pemerintahan,BL-2453-Z,ACEH,JL.LAKSAMANA MALAHAYATI NO.1 KEC KOTA JUANG KAB BIREUEN,82276761957,C1,Merah - Kendaraan Pemerintah,2024-11-29,2025-11-29,BELUM LUNAS,BELUM DIKUNJUNGI
PEMERINTAH KABUPATEN BIREUEN,Pemerintahan,BL-2619-Z,ACEH,JL.LAKSAMANA MALAHAYATI NO.1 KEC. KOTA JUANG KAB. BIREUEN,85260111111,C1,Merah - Kendaraan Pemerintah,2024-12-31,2025-11-29,BELUM LUNAS,BELUM DIKUNJUNGI
PEMERINTAH KABUPATEN BIREUEN,Pemerintahan,BL-8092-Z,ACEH,JALAN SULTAN MALIKUSSALEH DS.COT GAPU KABUPATEN BIREUEN,80000000000,F,Merah - Kendaraan Pemerintah,2025-12-30,2026-03-03,BELUM LUNAS,BELUM DIKUNJUNGI
PEMERINTAH KABUPATEN BIREUEN,Pemerintahan,BL-8036-Z,ACEH,JL.BANDA ACEH MEDAN KM.214 BIREUEN KEC.KOTA JUANG KAB.BIREUEN,81360022111,F,Merah - Kendaraan Pemerintah,2025-02-25,2025-08-22,LUNAS,BELUM DIKUNJUNGI
PEMERINTAH KABUPATEN BIREUEN,Pemerintahan,BL-2466-Z,ACEH,JL.LAKSAMANA MALAHAYATI NO.1 KEC KOTA JUANG KAB BIREUEN,8526009027,C1,Merah - Kendaraan Pemerintah,2024-11-29,2025-11-29,BELUM LUNAS,BELUM DIKUNJUNGI
PEMERINTAH KABUPATEN BIREUEN,Pemerintahan,BL-8025-Z,ACEH,JL.LAKSM.MALAHAYATI NO.1 KEL. BANDAR BANDAR KEC. KOTA JUANG KAB.,85260211111,DP,Merah - Kendaraan Pemerintah,2025-12-10,2026-05-24,BELUM LUNAS,BELUM DIKUNJUNGI
PEMERINTAH KABUPATEN BIREUEN,Pemerintahan,BL-2731-Z,ACEH,JL.LAKSAMANA MALAHAYATI NO.1 DS. BANDAR BIREUEN KEC. KOTA JUANG K,82246122523,C1,Merah - Kendaraan Pemerintah,2025-01-08,2025-11-29,BELUM LUNAS,BELUM DIKUNJUNGI
PEMERINTAH KABUPATEN BIREUEN,Pemerintahan,BL-8093-Z,ACEH,JALAN SULTAN MALIKUSSALEH DS. COT GAPU KABUPATEN BIREUEN,80000000000,F,Merah - Kendaraan Pemerintah,2025-12-30,2026-03-03,BELUM LUNAS,BELUM DIKUNJUNGI
PEMERINTAH KABUPATEN BIREUEN,Pemerintahan,BL-8007-ZA,ACEH,"JL. SULTAN MALIKUSSALEH, COT GAPU KEC. KOTA JUANG KAB. BIREUEN",85260378299,F,Merah - Kendaraan Pemerintah,2025-11-18,2026-07-31,BELUM LUNAS,BELUM DIKUNJUNGI
PEMERINTAH KABUPATEN BIREUEN,Pemerintahan,BL-2600-Z,ACEH,JL.SULTAN MALIKULSALEH DS. COT GAPU KEC. KOTA JUANG KAB. BIREUEN,82166375353,C1,Merah - Kendaraan Pemerintah,2024-12-03,2025-11-29,BELUM LUNAS,BELUM DIKUNJUNGI
PEMERINTAH KABUPATEN BENER MERIAH,Pemerintahan,BL-2933-Y,ACEH,KOMP.PERKANTORAN KP SERULE KAYU KOTA REDELONG KEC.BUKIT KAB.BENER,85275003385,C1,Merah - Kendaraan Pemerintah,2025-06-02,2026-05-28,BELUM LUNAS,BELUM DIKUNJUNGI
PEMERINTAH KABUPATEN BENER MERIAH,Pemerintahan,BL-2819-Y,ACEH,KOMP.PERKANTORAN KP SERULE KAYU KOTA REDELONG KEC.BUKIT KAB.BENER,85290841663,C1,Merah - Kendaraan Pemerintah,2025-05-21,2026-05-28,BELUM LUNAS,BELUM DIKUNJUNGI
PEMERINTAH KABUPATEN BENER MERIAH,Pemerintahan,BL-2831-Y,ACEH,KOMP.PERKANTORAN KP SERULE KAYU KOTA REDELONG KEC.BUKIT. KAB.BENE,82267420974,C1,Merah - Kendaraan Pemerintah,2025-08-11,2026-05-28,BELUM LUNAS,BELUM DIKUNJUNGI
PEMERINTAH KABUPATEN BENER MERIAH,Pemerintahan,BL-2758-Y,ACEH,KOMP.PERKANTORAN KP SERULE KAYU KOTA REDELONG KEC.BUKIT KAB.BENER,85229464607,C1,Merah - Kendaraan Pemerintah,2025-05-27,2026-05-28,BELUM LUNAS,BELUM DIKUNJUNGI
PEMERINTAH KABUPATEN BENER MERIAH,Pemerintahan,BL-2742-Y,ACEH,KOMP.PERKANTORAN KP SERULE KAYU KOTA REDELONG KEC.BUKIT KAB.BENER,85270729642,C1,Merah - Kendaraan Pemerintah,2025-05-20,2026-05-28,BELUM LUNAS,BELUM DIKUNJUNGI
PEMERINTAH KABUPATEN BENER MERIAH,Pemerintahan,BL-2802-Y,ACEH,KOMP.PERKANTORAN KP SERULE KAYU KOTA REDELONG KEC.BUKIT. KAB.BENE,85261661914,C1,Merah - Kendaraan Pemerintah,2025-09-03,2026-05-28,BELUM LUNAS,BELUM DIKUNJUNGI
PEMERINTAH KABUPATEN BENER MERIAH,Pemerintahan,BL-2809-Y,ACEH,KOMP.PERKANTORAN KP SERULE KAYU KOTA REDELONG KEC.BUKIT KAB.BENER,85261903964,C1,Merah - Kendaraan Pemerintah,2025-06-04,2026-05-28,BELUM LUNAS,BELUM DIKUNJUNGI
PEMERINTAH KABUPATEN BENER MERIAH,Pemerintahan,BL-2800-Y,ACEH,KOMP.PERKANTORAN KP SERULE KAYU KOTA REDELONG KEC.BUKIT. KAB.BENE,85320631548,C1,Merah - Kendaraan Pemerintah,2025-10-07,2026-05-28,BELUM LUNAS,BELUM DIKUNJUNGI
PEMERINTAH KABUPATEN BENER MERIAH,Pemerintahan,BL-2833-Y,ACEH,KOMP.PERKANTORAN KP SERULE KAYU KOTA REDELONG KEC.BUKIT. KAB.BENE,85260450070,C1,Merah - Kendaraan Pemerintah,2025-09-16,2026-05-28,BELUM LUNAS,BELUM DIKUNJUNGI
PEMERINTAH KABUPATEN BENER MERIAH,Pemerintahan,BL-2858-Y,ACEH,KOMP.PERKANTORAN KP SERULE KAYU KOTA REDELONG KEC.BUKIT KAB.BENER,85275028262,C1,Merah - Kendaraan Pemerintah,2025-05-26,2026-05-28,BELUM LUNAS,BELUM DIKUNJUNGI
PEMERINTAH KABUPATEN BENER MERIAH,Pemerintahan,BL-2808-Y,ACEH,KOMP.PERKANTORAN KP SERULE KAYU KOTA REDELONG KEC.BUKIT KAB.BENER,85362231818,C1,Merah - Kendaraan Pemerintah,2025-10-07,2026-05-28,BELUM LUNAS,BELUM DIKUNJUNGI
PEMERINTAH KABUPATEN BENER MERIAH,Pemerintahan,BL-2912-Y,ACEH,KOMP.PERKANTORAN KP SERULE KAYU KOTA REDELONG KEC.BUKIT. KAB.BENE,85263251425,C1,Merah - Kendaraan Pemerintah,2025-03-27,2026-05-28,BELUM LUNAS,BELUM DIKUNJUNGI
PEMERINTAH KABUPATEN BENER MERIAH,Pemerintahan,BL-2909-Y,ACEH,KOMP.PERKANTORAN KP SERULE KAYU KOTA REDELONG KEC.BUKIT. KAB.BENE,85296147692,C1,Merah - Kendaraan Pemerintah,2025-06-30,2026-05-28,BELUM LUNAS,BELUM DIKUNJUNGI
PEMERINTAH KABUPATEN BENER MERIAH,Pemerintahan,BL-2822-Y,ACEH,KOMP.PERKANTORAN KP SERULE KAYU KOTA REDELONG KEC.BUKIT. KAB.BENE,85262373006,C1,Merah - Kendaraan Pemerintah,2025-06-11,2026-05-28,BELUM LUNAS,BELUM DIKUNJUNGI
PEMERINTAH KABUPATEN BENER MERIAH,Pemerintahan,BL-2837-Y,ACEH,KOMP.PERKANTORAN KP SERULE KAYU KOTA REDELONG,85372861085,C1,Merah - Kendaraan Pemerintah,2025-09-11,2026-05-28,BELUM LUNAS,BELUM DIKUNJUNGI
PEMERINTAH KABUPATEN BENER MERIAH,Pemerintahan,BL-2724-Y,ACEH,KOMP.PERKANTORAN KP SERULE KAYU KOTA REDELONG KEC.BUKIT. KAB.BENE,82368923689,C1,Merah - Kendaraan Pemerintah,2025-05-28,2026-05-28,BELUM LUNAS,BELUM DIKUNJUNGI
PEMERINTAH KABUPATEN BENER MERIAH,Pemerintahan,BL-2740-Y,ACEH,KOMP.PERKANTORAN KP SERULE KAYU KOTA REDELONG KEC.BUKIT KAB.BENER,85373157766,C1,Merah - Kendaraan Pemerintah,2025-04-21,2026-05-28,BELUM LUNAS,BELUM DIKUNJUNGI
PEMERINTAH KABUPATEN BENER MERIAH,Pemerintahan,BL-2752-Y,ACEH,KOMP.PERKANTORAN KP SERULE KAYU KOTA REDELONG KEC.BUKIT KAB.BENER,85272829150,C1,Merah - Kendaraan Pemerintah,2025-06-26,2026-05-28,BELUM LUNAS,BELUM DIKUNJUNGI
PEMERINTAH KABUPATEN BENER MERIAH,Pemerintahan,BL-2851-Y,ACEH,KOMP.PERKANTORAN KP SERULE KAYU KOTA REDELONG KEC.BUKIT KAB.BENER,81318815740,C1,Merah - Kendaraan Pemerintah,2025-05-28,2026-05-28,BELUM LUNAS,BELUM DIKUNJUNGI
PEMERINTAH KABUPATEN BENER MERIAH,Pemerintahan,BL-9053-Y,ACEH,JALAN KOMPLEK PERKANTORAN SERULE KAYU KAB. BENER MERIAH,85269004557,F,Merah - Kendaraan Pemerintah,2024-12-27,2025-10-20,BELUM LUNAS,BELUM DIKUNJUNGI
PEMERINTAH KABUPATEN BENER MERIAH,Pemerintahan,BL-0017-Y,ACEH,JL MASJID BABUSALAM NO 22 REDELONG KEC BUKIT KAB BENER MERIAH,85260585984,DP,Merah - Kendaraan Pemerintah,2025-08-29,2026-01-09,BELUM LUNAS,BELUM DIKUNJUNGI
PEMERINTAH KABUPATEN BENER MERIAH,Pemerintahan,BL-2711-Y,ACEH,KOMP.PERKANTORAN KP SERULE KAYU KOTA REDELONG KEC.BUKIT. KAB.BENE,85207361336,C1,Merah - Kendaraan Pemerintah,2025-05-28,2026-05-28,BELUM LUNAS,BELUM DIKUNJUNGI
PEMERINTAH KABUPATEN ACEH UTARA SE,Pemerintahan,BL-2670-N,ACEH,JL.MAYJEN T HAMZAH BENDAHARA,81363636363,C1,Merah - Kendaraan Pemerintah,2025-01-02,2026-01-17,BELUM LUNAS,BELUM DIKUNJUNGI
PEMERINTAH KABUPATEN ACEH UTARA,Pemerintahan,BL-8059-KI,ACEH,JL.MEDAN-BANDA ACEH LANDENG LHOKSUKON DESA KEUTAPANG,81108144506,DP,Merah - Kendaraan Pemerintah,2025-11-19,2026-07-04,BELUM LUNAS,BELUM DIKUNJUNGI
PEMERINTAH KABUPATEN ACEH UTARA,Pemerintahan,BL-1035-KG,ACEH,JL.MEDAN-B.ACEH LHOKSUKON KEC. LHOKSUKON KAB. ACEH UTARA,85231173046,DP,Merah - Kendaraan Pemerintah,2025-04-24,2026-04-10,BELUM LUNAS,BELUM DIKUNJUNGI
PEMERINTAH KABUPATEN ACEH UTARA,Pemerintahan,BL-1028-KD,ACEH,JL. MAYJEN T. HAMZAH BENDAHARA,85260121700,DP,Merah - Kendaraan Pemerintah,2025-07-16,2026-08-03,BELUM LUNAS,BELUM DIKUNJUNGI
PEMERINTAH KABUPATEN ACEH UTARA,Pemerintahan,BL-8009-KJ,ACEH,JLN MAYJEN T HAMZAH BENDAHARA,82247479237,F,Merah - Kendaraan Pemerintah,2024-12-18,2026-03-13,BELUM LUNAS,BELUM DIKUNJUNGI
PEMERINTAH KABUPATEN ACEH UTARA,Pemerintahan,BL-2644-N,ACEH,JL. MAYJEN T. HAMZAH BENDAHARA KEC. BANDA SAKTI KOTA LHOKSEUMAWE,85062121141,C1,Merah - Kendaraan Pemerintah,2025-01-16,2026-01-17,BELUM LUNAS,BELUM DIKUNJUNGI
PEMERINTAH KABUPATEN ACEH UTARA,Pemerintahan,BL-8030-KC,ACEH,JLN MAYJEN HAMZAH BENDAHARA,85240565140,DP,Merah - Kendaraan Pemerintah,2024-11-26,2026-01-26,BELUM LUNAS,BELUM DIKUNJUNGI
PEMERINTAH KABUPATEN ACEH UTARA,Pemerintahan,BL-1045-KK,ACEH,JL.BANDA ACEH-MEDAN KM 295 DESA.KEUTAPANG KEC.LHOKSUKON KAB.ACEH,85277007444,A,Merah - Kendaraan Pemerintah,2025-11-25,2026-06-06,LUNAS,BELUM DIKUNJUNGI
PEMERINTAH KABUPATEN ACEH UTARA,Pemerintahan,BL-1040-KV,ACEH,JL.MEDAN-B.ACEH LHOKSUKON,85207476663,DP,Merah - Kendaraan Pemerintah,2025-12-08,2026-04-10,BELUM LUNAS,BELUM DIKUNJUNGI
PEMERINTAH KABUPATEN ACEH UTARA,Pemerintahan,BL-1059-KK,ACEH,JL BANDA ACEH-MEDAN KM 295 LANDING,85365084181,DP,Merah - Kendaraan Pemerintah,2025-09-08,2026-06-19,BELUM LUNAS,BELUM DIKUNJUNGI
PEMERINTAH KABUPATEN ACEH UTARA,Pemerintahan,BL-0001-K,ACEH,JL TEUKU UMAR NO 1 LHOKSUKON DS. KUTA LHOKSUKON,85277293610,DP,Merah - Kendaraan Pemerintah,2025-06-24,2026-02-24,BELUM LUNAS,BELUM DIKUNJUNGI
PEMERINTAH KABUPATEN ACEH UTARA,Pemerintahan,BL-0006-K,ACEH,JL BANDA ACEH-MEDAN KM 295,85260545255,DP,Merah - Kendaraan Pemerintah,2025-07-09,2026-07-10,BELUM LUNAS,BELUM DIKUNJUNGI
PEMERINTAH KABUPATEN ACEH TENGAH,Pemerintahan,BL-2935-GC,ACEH,JL SIMPANG KELAPING KEL.LUKUP BADAK,82364526559,C1,Merah - Kendaraan Pemerintah,2025-01-14,2026-01-15,BELUM LUNAS,BELUM DIKUNJUNGI
PEMERINTAH KABUPATEN ACEH TENGAH,Pemerintahan,BL-7004-GB,ACEH,JL. YOS SUDARSO NO.1 KEC. BEBESEN KAB. ACEH TENGAH,8216143064,EP,Merah - Kendaraan Pemerintah,2025-07-04,2026-07-05,BELUM LUNAS,BELUM DIKUNJUNGI
PEMERINTAH KABUPATEN ACEH TENGAH,Pemerintahan,BL-2840-GC,ACEH,JL COMMODORE-YOS SUDARSO DS KUTENI REJE KEC. BEBESEN KAB. ACEH TE,82143432843,C1,Merah - Kendaraan Pemerintah,2025-02-27,2026-02-27,BELUM LUNAS,BELUM DIKUNJUNGI
PEMERINTAH KABUPATEN ACEH TENGAH,Pemerintahan,BL-2845-GC,ACEH,DS. KUTENI REJE KEC. LUT TAWAR KAB. ACEH TENGAH,82323681329,C1,Merah - Kendaraan Pemerintah,2025-04-21,2026-02-27,BELUM LUNAS,BELUM DIKUNJUNGI
PEMERINTAH KABUPATEN ACEH TENGAH,Pemerintahan,BL-2839-GC,ACEH,JL COMMODORE-YOS SUDARSO DS KUTENI REJE KEC. BEBESEN KAB. ACEH TE,82367876716,C1,Merah - Kendaraan Pemerintah,2025-02-27,2026-02-27,BELUM LUNAS,BELUM DIKUNJUNGI
PEMERINTAH KABBIREUEN,Pemerintahan,BL-2570-ZB,ACEH,JL.SLT.MALIKUSSALEH DS.COT GAPU KEC. KOTA JUANG KAB. BIREUEN,85277556422,C1,Merah - Kendaraan Pemerintah,2025-03-25,2025-12-29,BELUM LUNAS,BELUM DIKUNJUNGI
PEMERINTAH KAB BIREUEN,Pemerintahan,BL-2700-ZB,ACEH,JL.SULTAN MALIKUSSALEH DS COT GAPU KEC. KOTA JUANG KAB. BIREUEN,85260211111,C1,Merah - Kendaraan Pemerintah,2024-10-28,2025-09-11,BELUM LUNAS,BELUM DIKUNJUNGI
PEMERINTAH KAB BIREUEN,Pemerintahan,BL-1036-ZC,ACEH,JL.ST MALIKUSSALEH DS. COT GAPU KEC. KOTA JUANG KAB. BIREUEN,81111111111,DP,Merah - Kendaraan Pemerintah,2025-12-29,2026-06-06,BELUM LUNAS,BELUM DIKUNJUNGI
PEMERINTAH KAB BIREUEN,Pemerintahan,BL-8032-Z,ACEH,JL.B.ACEH-MEDAN COT GAPU BIREUEN KEC. KOTA JUANG KAB. BIREUEN,85260009027,F,Merah - Kendaraan Pemerintah,2024-11-28,2025-08-25,LUNAS,BELUM DIKUNJUNGI
PEMERINTAH KAB BIREUEN,Pemerintahan,BL-2691-ZB,ACEH,JL.SULTAN MALIKUSSALEH DS COT GAPU KEC. KOTA JUANG KAB. BIREUEN,81339978170,C1,Merah - Kendaraan Pemerintah,2024-09-09,2025-09-11,BELUM LUNAS,BELUM DIKUNJUNGI
PEMERINTAH KAB BIREUEN,Pemerintahan,BL-2605-ZB,ACEH,JL SULTAN MALIKUSSALEH DS COT GAPU KEC. KOTA JUANG KAB. BIREUEN,81222211122,C1,Merah - Kendaraan Pemerintah,2025-03-19,2026-03-21,BELUM LUNAS,BELUM DIKUNJUNGI
PEMERINTAH KAB BIREUEN,Pemerintahan,BL-2702-ZB,ACEH,JL.SULTAN MALIKUSSALEH DS COT GAPU KEC. KOTA JUANG KAB. BIREUEN,85260638750,C1,Merah - Kendaraan Pemerintah,2024-10-09,2025-09-11,BELUM LUNAS,BELUM DIKUNJUNGI
PEMERINTAH KABBENER MERIAH SEKRET,Pemerintahan,BL-1039-YV,ACEH,JL.MASJID BABUSALAM NO.22 REDELONG KEC.BUKIT KAB.BENER MERIAH,85260230765,DP,Merah - Kendaraan Pemerintah,2025-03-26,2026-01-09,BELUM LUNAS,BELUM DIKUNJUNGI
PEMERINTAH KABBENER MERIAH SEKRET,Pemerintahan,BL-1070-YV,ACEH,JL.MASJID BABUSALAM NO.22 REDELONG KEC.WIH PESAM KAB.BENER MERIAH,85370793483,DP,Merah - Kendaraan Pemerintah,2025-01-22,2026-01-09,BELUM LUNAS,BELUM DIKUNJUNGI
PEMERINTAH KABBENER MERIAH,Pemerintahan,BL-2369-Y,ACEH,JLN.SERULE KAYU BALE ATU (KOMP.PERKANTORAN) KEC.BUKIT. KAB.BENER,85277614555,C1,Merah - Kendaraan Pemerintah,2024-08-22,2025-09-07,BELUM LUNAS,BELUM DIKUNJUNGI
PEMERINTAH KABBENER MERIAH,Pemerintahan,BL-2445-Y,ACEH,JLN.SERULE KAYU-BALE ATU (KOMP.PERKANTORAN) KEC BUKIT KAB BENER M,85262868148,C1,Merah - Kendaraan Pemerintah,2025-06-20,2025-09-07,BELUM LUNAS,BELUM DIKUNJUNGI
PEMERINTAH KABBENER MERIAH,Pemerintahan,BL-2614-Y,ACEH,JLN. SERULE KAYU-BALE ATU (KOMP.PERKANTORAN) KEC. BUKIT KAB. BENE,82259752474,C1,Merah - Kendaraan Pemerintah,2024-09-04,2025-09-07,BELUM LUNAS,BELUM DIKUNJUNGI
PEMERINTAH KABBENER MERIAH,Pemerintahan,BL-2108-YB,ACEH,JL.SERULE KAYU KOMPL.PERKANTORAN PEMKAB DS.SERULE KAYU KEC. BUKIT,85260754441,C1,Merah - Kendaraan Pemerintah,2025-08-25,2026-08-01,BELUM LUNAS,BELUM DIKUNJUNGI
PEMERINTAH KABBENER MERIAH,Pemerintahan,BL-2459-Y,ACEH,JLN.SERULE KAYU-BALE ATU (KOMP.PERKANTORAN) KEC.BUKIT. KAB.BENER,85361542209,C1,Merah - Kendaraan Pemerintah,2025-02-14,2025-09-07,BELUM LUNAS,BELUM DIKUNJUNGI
PEMERINTAH KABBENER MERIAH,Pemerintahan,BL-2568-Y,ACEH,JLN.SERULE KAYU-BALE ATU (KOMP.PERKANTORAN) KEC.BUKIT. KAB.BENER,85368524589,C1,Merah - Kendaraan Pemerintah,2024-08-14,2025-09-07,BELUM LUNAS,BELUM DIKUNJUNGI
PEMERINTAH KABBENER MERIAH,Pemerintahan,BL-2453-Y,ACEH,JLN.SERULE KAYU-BALE ATU (KOMP.PERKANTORAN) KEC.BUKIT. KAB.BENER,85268954752,C1,Merah - Kendaraan Pemerintah,2024-09-30,2025-09-07,BELUM LUNAS,BELUM DIKUNJUNGI
PEMERINTAH KABBENER MERIAH,Pemerintahan,BL-2635-Y,ACEH,JLN.SERULE KAYU-BALE ATU (KOMP.PERKANTORAN) KEC.BUKIT KAB.BENER M,85372462289,C1,Merah - Kendaraan Pemerintah,2025-02-24,2025-09-30,BELUM LUNAS,BELUM DIKUNJUNGI
PEMERINTAH KABBENER MERIAH,Pemerintahan,BL-2107-YB,ACEH,JL.SERULE KAYU KOMPL PERKANTORAN PAMKAB DS.SERULE KAYU KEC. BUKIT,85260754441,C1,Merah - Kendaraan Pemerintah,2025-08-25,2026-08-01,BELUM LUNAS,BELUM DIKUNJUNGI
PEMERINTAH KABBENER MERIAH,Pemerintahan,BL-2485-Y,ACEH,JLN. SERULE KAYU-BALE ATU (KOMP.PERKANTORAN) KEC.BUKIT KAB.BENER,82282667461,C1,Merah - Kendaraan Pemerintah,2025-01-03,2025-09-07,BELUM LUNAS,BELUM DIKUNJUNGI
PEMERINTAH KABBENER MERIAH,Pemerintahan,BL-1065-YV,ACEH,JLN.SERULE KAYU BALE ATU (KOMP.PERK.PEMDA) KEC. BUKIT KAB. BENER,81265407773,DP,Merah - Kendaraan Pemerintah,2025-03-17,2025-08-21,LUNAS,BELUM DIKUNJUNGI
PEMERINTAH KABBENER MERIAH,Pemerintahan,BL-2497-Y,ACEH,JLN.SERULE KAYU-BALE ATU (KOMP.PERKANTORAN) KEC.BUKIT. KAB.BENER,85261662132,C1,Merah - Kendaraan Pemerintah,2025-06-23,2025-09-07,BELUM LUNAS,BELUM DIKUNJUNGI
PEMERINTAH KABBENER MERIAH,Pemerintahan,BL-2436-Y,ACEH,JLN.SERULE KAYU-BALE ATU (KOMP.PERKANTORAN) KEC.BUKIT. KAB.BENER,82262314261,C1,Merah - Kendaraan Pemerintah,2024-12-12,2025-09-07,BELUM LUNAS,BELUM DIKUNJUNGI
PEMERINTAH KABBENER MERIAH,Pemerintahan,BL-2494-Y,ACEH,JLN.SERULE KAYU-BALE ATU (KOMP.PERKANTORAN) KEC.BUKIT KAB.BENER M,85261570000,C1,Merah - Kendaraan Pemerintah,2024-12-10,2025-09-07,BELUM LUNAS,BELUM DIKUNJUNGI
PEMERINTAH KABBENER MERIAH,Pemerintahan,BL-2570-Y,ACEH,JLN.SERULE KAYU-BALE ATU (KOMP.PERKANTORAN) KEC.BUKIT. KAB.BENER,85260660557,C1,Merah - Kendaraan Pemerintah,2024-11-21,2025-09-07,BELUM LUNAS,BELUM DIKUNJUNGI
PEMERINTAH KAB BENER MERIAH,Pemerintahan,BL-8064-Y,ACEH,JL. PONDOK BARU TAKENGON KOMP. PERKANTORAN DESA SERULE KAYU KEC.B,82277717735,DP,Merah - Kendaraan Pemerintah,2024-11-19,2025-09-05,BELUM LUNAS,BELUM DIKUNJUNGI
PEMERINTAH KAB BENER MERIAH,Pemerintahan,BL-1028-YO,ACEH,KOMPLEK PERKANTORAN PEMDA SERUKE KAYU-REDELONG DS. SERULE KAYU KE,85260938593,DP,Merah - Kendaraan Pemerintah,2025-05-27,2026-04-30,LUNAS,BELUM DIKUNJUNGI
PEMERINTAH KABACEH UTARA,Pemerintahan,BL-1052-KG,ACEH,KEL LHOKSUKON KEC. LHOKSUKON KAB. ACEH UTARA,8126903654,DP,Merah - Kendaraan Pemerintah,2025-05-07,2026-05-13,BELUM LUNAS,BELUM DIKUNJUNGI
PEMERINTAH KABACEH UTARA,Pemerintahan,BL-1053-KG,ACEH,LHOKSUKON KEC. LHOKSUKON KAB. ACEH UTARA,82361477131,DP,Merah - Kendaraan Pemerintah,2025-03-19,2026-02-04,BELUM LUNAS,BELUM DIKUNJUNGI
PEMERINTAH KABACEH UTARA,Pemerintahan,BL-2275-KC,ACEH,JL.MEDAN-BANDA ACEH KEL.KOTA LHOKSUKON KEC. LHOKSUKON KAB ACEH UT,81360000277,C1,Merah - Kendaraan Pemerintah,2024-12-12,2025-12-29,BELUM LUNAS,BELUM DIKUNJUNGI
PEMERINTAH KABACEH UTARA,Pemerintahan,BL-2284-KC,ACEH,JL.MEDAN B.ACEH KEL.KOTA LHOKSUKON KEC. LHOKSUKON KAB. ACEH UTARA,8111111111,C1,Merah - Kendaraan Pemerintah,2024-12-06,2026-01-19,BELUM LUNAS,BELUM DIKUNJUNGI
PEMERINTAH KABACEH UTARA,Pemerintahan,BL-2127-KD,ACEH,JL.MEDAN B.ACEH KEL.KOTA LHOKSUKON KEC. LHOKSUKON KAB. ACEH UTARA,85260121111,C1,Merah - Kendaraan Pemerintah,2025-04-17,2026-02-15,BELUM LUNAS,BELUM DIKUNJUNGI
PEMERINTAH KABACEH UTARA,Pemerintahan,BL-2575-KC,ACEH,JL.MEDAN B.ACEH KEL.KOTA LHOKSUKON,85265054010,C1,Merah - Kendaraan Pemerintah,2025-01-09,2026-01-31,BELUM LUNAS,BELUM DIKUNJUNGI
PEMERINTAH KABACEH UTARA,Pemerintahan,BL-1025-KD,ACEH,LHOKSUKON KEC. LHOKSUKON KAB. ACEH UTARA,81377155029,DP,Merah - Kendaraan Pemerintah,2025-12-23,2026-02-04,BELUM LUNAS,BELUM DIKUNJUNGI
PEMERINTAH KAB ACEH UTARA,Pemerintahan,BL-1009-KD,ACEH,LHOKSUKON KEC.LHOKSUKON KAB.ACEH UTARA,85235974196,DP,Merah - Kendaraan Pemerintah,2025-06-23,2026-02-09,BELUM LUNAS,BELUM DIKUNJUNGI
PEMERINTAH KAB ACEH UTARA,Pemerintahan,BL-8052-KC,ACEH,JL.MAYJEND T HAMZAH BEND,8526110814,F,Merah - Kendaraan Pemerintah,2025-01-14,2025-08-31,BELUM LUNAS,BELUM DIKUNJUNGI
PEMERINTAH KAB ACEH TENGAH,Pemerintahan,BL-8075-GB,ACEH,JL.YOS SUDARSO NO.1 KP KUTE NI REJE KEC. LUT TAWAR KAB. ACEH TENG,85275062365,DP,Merah - Kendaraan Pemerintah,2025-03-13,2025-12-16,BELUM LUNAS,BELUM DIKUNJUNGI
PEMERINTAH GP ULEE BLANG MANE,Pemerintahan,BL-2148-NE,ACEH,JL. MEDAN-BANDA ACEH KEL. ULEE BLANG MANE KEC. BLANG MANGAT KOTA,81111111111,C1,Merah - Kendaraan Pemerintah,2024-12-31,2025-12-26,BELUM LUNAS,BELUM DIKUNJUNGI
PEMERINTAH GP PADANG SAKTI,Pemerintahan,BL-2970-ND,ACEH,JL. MEUNASAH GP. PADANG SAKTI NO. 73 KEL. PADANG SAKTI KEC. MUARA,82164634196,C1,Merah - Kendaraan Pemerintah,2024-10-23,2025-10-17,BELUM LUNAS,BELUM DIKUNJUNGI
PEMERINTAH GP PADANG SAKTI,Pemerintahan,BL-2031-NE,ACEH,JL. MEUNASAH GP. PADANG SAKTI NO. 73 KEL. PADANG SAKTI KEC. MUARA,82164634196,C1,Merah - Kendaraan Pemerintah,2024-12-16,2025-10-31,BELUM LUNAS,BELUM DIKUNJUNGI
PEMERINTAH GP PADANG SAKTI,Pemerintahan,BL-2966-ND,ACEH,JL. MEUNASAH GP PADANG SAKTI NO. 73 KEL. PADANG SAKTI KEC. MUARA,82164634196,C1,Merah - Kendaraan Pemerintah,2024-12-16,2025-10-17,BELUM LUNAS,BELUM DIKUNJUNGI
PEMERINTAH GP MEUNASAH MANYANG,Pemerintahan,BL-2096-NE,ACEH,JL. MEDAN-B.ACEH LR. MESJID AT-TAHRIR KANDANG KEL. MEUNASAH MANYA,82236142750,C1,Merah - Kendaraan Pemerintah,2024-12-30,2025-10-31,BELUM LUNAS,BELUM DIKUNJUNGI
PEMERINTAH GP MEUNASAH DAYAH,Pemerintahan,BL-2173-NE,ACEH,DSN A KEL MNS DAYAH KEC. MUARA SATU KOTA LHOKSEUMAWE,85260121700,C1,Merah - Kendaraan Pemerintah,2025-10-22,2026-06-19,LUNAS,BELUM DIKUNJUNGI
PEMERINTAH GPKOTA LHOKSEUMAWE,Pemerintahan,BL-2975-ND,ACEH,JL.SUKARAMAI NO.98 KOTA LHOKSEUMAWE,0,C1,Merah - Kendaraan Pemerintah,2025-04-16,2025-10-31,BELUM LUNAS,BELUM DIKUNJUNGI
PEMERINTAH GPKOTA LHOKSEUMAWE,Pemerintahan,BL-2976-ND,ACEH,JL.SUKARAMAI NO.98 KOTA LHOKSEUMAWE,0,C1,Merah - Kendaraan Pemerintah,2025-04-16,2025-10-31,BELUM LUNAS,BELUM DIKUNJUNGI
PEMERINTAH GPKOTA LHOKSEUMAWE,Pemerintahan,BL-2973-ND,ACEH,JL.SUKARAMAI NO.98 KOTA LHOKSEUMAWE,0,C1,Merah - Kendaraan Pemerintah,2025-04-16,2025-10-31,BELUM LUNAS,BELUM DIKUNJUNGI
PEMERINTAH GP KEUDE PUNTEUET,Pemerintahan,BL-2199-NE,ACEH,DSN CUT MEUTIA JL.REL KERETA API DS.KEUDE PUNTEUET KEC. BLANG MAN,8234567677,C1,Merah - Kendaraan Pemerintah,2025-12-12,2026-07-30,BELUM LUNAS,BELUM DIKUNJUNGI
PEMERINTAH GPKAMPUNG JAWA,Pemerintahan,BL-2219-NE,ACEH,JL.DARUSSALAM GG.AMAN KEL.KAMPUNG JAWA LAMA KEC. BANDA SAKTI KOTA,85260121700,C1,Merah - Kendaraan Pemerintah,2024-10-31,2025-09-13,BELUM LUNAS,BELUM DIKUNJUNGI
PEMERINTAH GP BLANG PUNTEUET,Pemerintahan,BL-2259-NE,ACEH,JL. TGK CHIK DI ALUE NO. 26 DS. BLANG PUNTEUT KEC. BLANG MANGAT K,0,C1,Merah - Kendaraan Pemerintah,2024-12-19,2025-11-11,BELUM LUNAS,BELUM DIKUNJUNGI
PEMERINTAH GP BLANG NALEUNG MAMEH,Pemerintahan,BL-2083-NE,ACEH,JL. PERDANA NO. 4 KEL. BLANG NALEUNG MAMEH KEC. MUARA SATU KOTA L,85260496222,C1,Merah - Kendaraan Pemerintah,2024-10-31,2025-10-31,BELUM LUNAS,BELUM DIKUNJUNGI
PEMERINTAH GP BLANG NALEUNG MAMEH,Pemerintahan,BL-2172-NE,ACEH,JL. PERDANA BLANG NALEUNG MAMEH KEL. BLANG NELEUNG MAMEH KEC. MUA,8527878000,C1,Merah - Kendaraan Pemerintah,2025-06-23,2026-06-19,BELUM LUNAS,BELUM DIKUNJUNGI
PEMERINTAH GMPG PALOH ME,Pemerintahan,BL-2010-ZE,ACEH,DS PALOH ME KEC. GANDAPURA KAB. BIREUEN,85261989425,C1,Merah - Kendaraan Pemerintah,2025-04-23,2026-04-01,BELUM LUNAS,BELUM DIKUNJUNGI
PEMERINTAH GMPG MON KEULAYU,Pemerintahan,BL-2016-ZE,ACEH,DS. MON KEULAYU KEC. GANDAPURA KAB. BIREUEN,85277966911,C1,Merah - Kendaraan Pemerintah,2025-07-25,2026-04-01,BELUM LUNAS,BELUM DIKUNJUNGI
PEMERINTAH GMPG LINGKA KUTA,Pemerintahan,BL-2037-ZE,ACEH,DS LINGKA KUTA KEC. GANDAPURA KAB. BIREUEN,85260111111,C1,Merah - Kendaraan Pemerintah,2025-05-27,2026-04-01,BELUM LUNAS,BELUM DIKUNJUNGI
PEMERINTAH GMPG COT RAMBAT,Pemerintahan,BL-2008-ZE,ACEH,DS COT RAMBAT KEC. GANDAPURA KAB. BIREUEN,82333981565,C1,Merah - Kendaraan Pemerintah,2025-09-02,2026-04-01,BELUM LUNAS,BELUM DIKUNJUNGI
PEMERINTAH GAMPONG UTEUNKOT,Pemerintahan,BL-2993-NE,ACEH,JALAN HAJI MEUNASAH UTEUNKOT KEL. UTEUNKOT KEC. MUARA DUA KOTA LH,81360018506,C1,Merah - Kendaraan Pemerintah,2025-04-25,2026-05-08,BELUM LUNAS,BELUM DIKUNJUNGI
PEMERINTAH GAMPONG UTEUN BAYI,Pemerintahan,BL-2056-NE,ACEH,JL. KENARI LR. NEK ACEH KEL. UTEUN BAYI KEC. BANDA SAKTI KOTA LHO,8111111111,C1,Merah - Kendaraan Pemerintah,2025-01-02,2025-10-31,BELUM LUNAS,BELUM DIKUNJUNGI
PEMERINTAH GAMPONG ULEE JALAN,Pemerintahan,BL-2320-NE,ACEH,JL.TGK. MUDA AMKUTA KEL. ULEE JALAN KEC. BANDA SAKTI KOTA LHOKSEU,85296667247,C1,Merah - Kendaraan Pemerintah,2024-12-23,2025-08-11,LUNAS,BELUM DIKUNJUNGI
PEMERINTAH GAMPONG UJONG PACU,Pemerintahan,BL-2401-NE,ACEH,JALAN TGK AHMAD DEWI KEL UJONG PACU KEC MUARA DUA KOTA LHOKSEUMAW,85277404017,C1,Merah - Kendaraan Pemerintah,2025-04-17,2026-03-04,BELUM LUNAS,BELUM DIKUNJUNGI
PEMERINTAH GAMPONG TUNONG,Pemerintahan,BL-2113-NE,ACEH,JL. MEURAKSA NO. 3 KEL. TUNONG KEC. BLANG MANGAT KOTA LHOKSEUMAWE,81111111111,C1,Merah - Kendaraan Pemerintah,2025-01-02,2025-11-22,BELUM LUNAS,BELUM DIKUNJUNGI
PEMERINTAH GAMPONG TUNONG,Pemerintahan,BL-2120-NE,ACEH,JL. MEURAKSA NO. 3 KEL. TUNONG KEC. BLANG MANGAT KOTA LHOKSEUMAWE,81111111111,C1,Merah - Kendaraan Pemerintah,2025-01-02,2025-11-22,BELUM LUNAS,BELUM DIKUNJUNGI
PEMERINTAH GAMPONG TUNONG,Pemerintahan,BL-2324-NE,ACEH,JLN.MEURAKSA KEL.GAMPONG TUNONG KEC. BLANG MANGAT KOTA LHOKSEUMAW,85200000000,C1,Merah - Kendaraan Pemerintah,2025-01-02,2025-08-25,LUNAS,BELUM DIKUNJUNGI
PEMERINTAH GAMPONG PUSONG LAMA,Pemerintahan,BL-2187-NE,ACEH,JL.CUT MEUTIA DSN DARUSSALAM LR.I KEL. PUSONG LAMA KEC. BANDA SAK,85260605478,C1,Merah - Kendaraan Pemerintah,2026-01-05,2026-07-30,BELUM LUNAS,BELUM DIKUNJUNGI
PEMERINTAH GAMPONG PUSONG BARU,Pemerintahan,BL-9143-N,ACEH,JL. NELAYAN DSN. II PUSONG BARU,85260121700,A,Merah - Kendaraan Pemerintah,2024-12-20,2025-09-06,BELUM LUNAS,BELUM DIKUNJUNGI
PEMERINTAH GAMPONG PAYA SEUPAT,Pemerintahan,BL-2026-ZE,ACEH,DS PAYA SEUPAT KEC. GANDA PURA KAB. BIREUEN,85288664875,C1,Merah - Kendaraan Pemerintah,2025-08-13,2026-04-01,BELUM LUNAS,BELUM DIKUNJUNGI
PEMERINTAH GAMPONG PAYA PUNTEUET,Pemerintahan,BL-2250-NE,ACEH,JL.BULOH BLANG ARA KEL.PY.PUNTEUET KEC. MUARA DUA KOTA LHOKSEUMAW,8123465277,C1,Merah - Kendaraan Pemerintah,2025-11-20,2026-04-24,BELUM LUNAS,BELUM DIKUNJUNGI
PEMERINTAH GAMPONG PAYA KAREUNG,Pemerintahan,BL-2022-ZE,ACEH,DS PAYA KAREUNG KEC. GANDA PURA KAB. BIREUEN,85263625245,C1,Merah - Kendaraan Pemerintah,2024-12-27,2026-04-01,BELUM LUNAS,BELUM DIKUNJUNGI
PEMERINTAH GAMPONG MON GEUDONG,Pemerintahan,BL-2014-NE,ACEH,JL.TGK CHIK DITUNONG NO.26 MON GEUDONG,85602212141,C1,Merah - Kendaraan Pemerintah,2025-04-22,2025-10-31,BELUM LUNAS,BELUM DIKUNJUNGI
PEMERINTAH GAMPONG MON GEUDONG,Pemerintahan,BL-2010-NE,ACEH,JL.TGK CHIK DITUNONG NO.26 MON GEUDONG,85263212124,C1,Merah - Kendaraan Pemerintah,2025-04-22,2025-10-31,BELUM LUNAS,BELUM DIKUNJUNGI
PEMERINTAH GAMPONG MON GEUDONG,Pemerintahan,BL-2046-NE,ACEH,JL.TGK CHIK DITUNONG NO.26 MON GEUDONG,85602222411,C1,Merah - Kendaraan Pemerintah,2025-04-22,2025-10-31,BELUM LUNAS,BELUM DIKUNJUNGI
PEMERINTAH GAMPONG MEURIA PALOH,Pemerintahan,BL-2191-NE,ACEH,JL. TGK. CHIK DI PALOH NO. 01 KEL. MEURIA PALOH KEC. MUARA SATU K,85260121211,C1,Merah - Kendaraan Pemerintah,2025-07-16,2026-07-30,BELUM LUNAS,BELUM DIKUNJUNGI
PEMERINTAH GAMPONG MEURIA PALOH,Pemerintahan,BL-2104-NE,ACEH,JL. TGK CHIK DI PALOH DUSUN A SEULANGA KEL. MEURIA PALOH KEC. MUA,85260121212,C1,Merah - Kendaraan Pemerintah,2024-11-19,2025-10-30,BELUM LUNAS,BELUM DIKUNJUNGI
PEMERINTAH GAMPONG MEUNASAH MESJID,Pemerintahan,BL-2875-NE,ACEH,GAMPONG MEUNASAH MESJID KEL. GAMPONG MEUNASAH MESJID KEC. MUARA D,0,C1,Merah - Kendaraan Pemerintah,2025-08-05,2026-08-01,BELUM LUNAS,BELUM DIKUNJUNGI
PEMERINTAH GAMPONG MEUNASAH MEE,Pemerintahan,BL-2325-NE,ACEH,JL. PATIHRANI NO. 100 KEL. MEUNASAH MEE KEC. MUARA DUA KOTA LHOKS,85260896675,C1,Merah - Kendaraan Pemerintah,2025-01-15,2025-09-09,BELUM LUNAS,BELUM DIKUNJUNGI
PEMERINTAH GAMPONG MEUNASAH DAYAH,Pemerintahan,BL-2249-NE,ACEH,DSN A KEL.MEUNASAH DAYAH KEC. MUARA SATU KOTA LHOKSEUMAWE,85260121700,C1,Merah - Kendaraan Pemerintah,2025-04-25,2026-04-27,LUNAS,BELUM DIKUNJUNGI
PEMERINTAH GAMPONG MEUNASAH BLANG,Pemerintahan,BL-2004-NE,ACEH,GAMPONG MEUNASAH BLANG,85200000000,C1,Merah - Kendaraan Pemerintah,2024-11-05,2025-10-31,BELUM LUNAS,BELUM DIKUNJUNGI
PEMERINTAH GAMPONG MEUNASAH BLANG,Pemerintahan,BL-2757-NE,ACEH,JALAN TGK AHMAD KANDANG KEL. MEUNASAH BLANG KEC. MUARA DUA KOTA L,8,C1,Merah - Kendaraan Pemerintah,2024-12-18,2025-12-11,BELUM LUNAS,BELUM DIKUNJUNGI
PEMERINTAH GAMPONG MEUNASAH BLANG,Pemerintahan,BL-2995-ND,ACEH,GAMPONG MEUNASAH BLANG,85200000000,C1,Merah - Kendaraan Pemerintah,2024-11-05,2025-10-31,BELUM LUNAS,BELUM DIKUNJUNGI
PEMERINTAH GAMPONG MEUNASAH BLANG,Pemerintahan,BL-2207-NE,ACEH,JL.TGK AHMAD KANDANG KEL. MEUNASAH BLANG KEC. MUARA DUA KOTA LHOK,85200000000,C1,Merah - Kendaraan Pemerintah,2024-11-19,2025-09-17,BELUM LUNAS,BELUM DIKUNJUNGI
PEMERINTAH GAMPONG MESJID PUNTEUET,Pemerintahan,BL-2330-NE,ACEH,JL. MERDEKA TIMUR KEL. MESJID PUNTEUET KEC. BLANG MANGAT KOTA LHO,82330669296,C1,Merah - Kendaraan Pemerintah,2024-12-17,2025-10-01,BELUM LUNAS,BELUM DIKUNJUNGI
PEMERINTAH GAMPONG LANCANG GARAM,Pemerintahan,BL-2873-NE,ACEH,GAMPONG LANCANG GARAM KEL. GAMPONG LANCANG GARAM KEC. BANDA SAKTI,0,C1,Merah - Kendaraan Pemerintah,2024-08-26,2025-08-12,LUNAS,BELUM DIKUNJUNGI
PEMERINTAH GAMPONG KUTA BLANG,Pemerintahan,BL-2205-NE,ACEH,JL. PEMUDA KEL. KUTA BLANG KEC. BANDA SAKTI KOTA LHOKSEUMAWE,85262121214,C1,Merah - Kendaraan Pemerintah,2024-08-26,2025-08-26,BELUM LUNAS,BELUM DIKUNJUNGI
PEMERINTAH GAMPONG KUALA,Pemerintahan,BL-2398-NE,ACEH,JL PUNTEUET-MEURAKSA KEL.GP KUALA,85278780000,C1,Merah - Kendaraan Pemerintah,2025-01-15,2026-01-15,BELUM LUNAS,BELUM DIKUNJUNGI
PEMERINTAH GAMPONG KOTA LHOKSEUMAWE,Pemerintahan,BL-2997-NF,ACEH,JALAN SUKARAMAI LR BALAI AL MUJADDIN LHOKSEUMAWE KEL. KOTA LHOKSE,0,C1,Merah - Kendaraan Pemerintah,2025-04-16,2025-09-01,BELUM LUNAS,BELUM DIKUNJUNGI
PEMERINTAH GAMPONG KOTA LHOKSEUMAWE,Pemerintahan,BL-2845-NE,ACEH,JL.SUKARAMAI N0. 98 KEL. KOTA LHOKSEUMAWE KEC. BANDA SAKTI KOTA L,0,C1,Merah - Kendaraan Pemerintah,2025-04-16,2026-01-31,BELUM LUNAS,BELUM DIKUNJUNGI
PEMERINTAH GAMPONG KOTA LHOKSEUMAWE,Pemerintahan,BL-2871-NE,ACEH,JALAN SUKARAMAI LR BALAI AL MUJADDIN LHOKSEUMAWE KEL. GAMPONG KOT,0,C1,Merah - Kendaraan Pemerintah,2025-04-16,2026-05-08,BELUM LUNAS,BELUM DIKUNJUNGI
PEMERINTAH GAMPONG KEUDE PUNTEUET,Pemerintahan,BL-2354-NE,ACEH,JALAN MESJID NO. 12 KEL. KEUDE PUNTEUT KEC. BLANG MANGAT KOTA LHO,8116524524,C1,Merah - Kendaraan Pemerintah,2025-09-03,2026-06-12,BELUM LUNAS,BELUM DIKUNJUNGI
PEMERINTAH GAMPONG JAWA BARU,Pemerintahan,BL-2241-NE,ACEH,JL.DARUSSALAM GG RAHMAT NO.12 KEL.KAMPUNG JAWA BARU KEC. BANDA SA,81111111111,C1,Merah - Kendaraan Pemerintah,2024-11-14,2025-11-18,BELUM LUNAS,BELUM DIKUNJUNGI
PEMERINTAH GAMPONG JAMBO MESJID,Pemerintahan,BL-2224-NE,ACEH,JL.MERAKSA DS.JAMBO MESJID KEC. BLANG MANGAT KOTA LHOKSEUMAWE,8111111111,C1,Merah - Kendaraan Pemerintah,2024-12-10,2025-10-01,BELUM LUNAS,BELUM DIKUNJUNGI
PEMERINTAH GAMPONG JAMBO MESJID,Pemerintahan,BL-2095-NE,ACEH,JL. ASAN TUJOH KEL. JAMBO MESJID KEC. BLANG MANGAT KOTA LHOKSEUMA,81111111111,C1,Merah - Kendaraan Pemerintah,2024-12-10,2025-10-31,BELUM LUNAS,BELUM DIKUNJUNGI
PEMERINTAH GAMPONG JAMBO MESJID,Pemerintahan,BL-2092-NE,ACEH,JL. ASAN TUJOH KEL. JAMBO MESJID KEC. BLANG MANGAT KOTA LHOKSEUMA,85260121700,C1,Merah - Kendaraan Pemerintah,2024-12-10,2025-10-31,BELUM LUNAS,BELUM DIKUNJUNGI
PEMERINTAH GAMPONG HAGU BARAT LAUT,Pemerintahan,BL-2038-NE,ACEH,JL.TGK DAUD BEREUEH KEL.HAGU BARAT LAUT KEC. BANDA SAKTI KOTA LHO,85260121700,C1,Merah - Kendaraan Pemerintah,2024-08-07,2025-10-31,BELUM LUNAS,BELUM DIKUNJUNGI
PEMERINTAH GAMPONG COT TRIENG,Pemerintahan,BL-2319-NE,ACEH,JL.TGK CHIK DI PALOH KEL.COT TRIENG KEC. MUARA SATU KOTA LHOKSEUM,85260102494,C1,Merah - Kendaraan Pemerintah,2024-10-16,2025-08-25,LUNAS,BELUM DIKUNJUNGI
PEMERINTAH GAMPONG COT GIREK KANDAN,Pemerintahan,BL-2403-NE,ACEH,JALAN CUT NYAK SADA KEL COT GIREK KANDANG KEC MUARA DUA KOTA LHOK,0,C1,Merah - Kendaraan Pemerintah,2025-10-14,2026-05-30,BELUM LUNAS,BELUM DIKUNJUNGI
PEMERINTAH GAMPONG BLANG WEU PANJOE,Pemerintahan,BL-2987-NE,ACEH,JL TGK WAHAB DAHLAWI KM 05 5 KEL. BLANG WEU PANJOE KEC BLANG MANG,8527878000,C1,Merah - Kendaraan Pemerintah,2025-05-08,2026-01-10,BELUM LUNAS,BELUM DIKUNJUNGI
PEMERINTAH GAMPONG BLANG TEUE,Pemerintahan,BL-2993-ND,ACEH,JL.BAKTI ABRI NO.14 DS.BLANG TEUE,0,C1,Merah - Kendaraan Pemerintah,2025-05-08,2025-10-31,BELUM LUNAS,BELUM DIKUNJUNGI
PEMERINTAH GAMPONG BLANG TEUE,Pemerintahan,BL-2994-ND,ACEH,JL.BAKTI ABRI NO.14 DS.BLANG TEUE,85278780000,C1,Merah - Kendaraan Pemerintah,2025-05-08,2025-10-31,BELUM LUNAS,BELUM DIKUNJUNGI
PEMERINTAH GAMPONG BLANG TEUE,Pemerintahan,BL-2028-NE,ACEH,JL.BAKTI ABRI NO.14 DS.BLANG TEUE,0,C1,Merah - Kendaraan Pemerintah,2025-05-08,2025-10-31,BELUM LUNAS,BELUM DIKUNJUNGI
PEMERINTAH GAMPONG BLANG PUNTEUET,Pemerintahan,BL-2980-ND,ACEH,JL.TGK CHIK DI ALUE NO.26 DS.BLANG PUNTEUET,0,C1,Merah - Kendaraan Pemerintah,2024-12-19,2025-10-31,BELUM LUNAS,BELUM DIKUNJUNGI
PEMERINTAH GAMPONG BLANG PUNTEUET,Pemerintahan,BL-2986-ND,ACEH,JL.TGK CHIK DI ALUE NO.26 DS.BLANG PUNTEUET,81111111111,C1,Merah - Kendaraan Pemerintah,2024-12-19,2025-10-31,BELUM LUNAS,BELUM DIKUNJUNGI
PEMERINTAH GAMPONG BLANG PUNTEUET,Pemerintahan,BL-2979-ND,ACEH,JL.TGK CHIK DI ALUE NO.26 DS.BLANG PUNTEUET,0,C1,Merah - Kendaraan Pemerintah,2024-12-19,2025-10-31,BELUM LUNAS,BELUM DIKUNJUNGI
PEMERINTAH GAMPONG BLANG PUNTEUET,Pemerintahan,BL-2244-NE,ACEH,JL.TGK CHIK DI ALUE NO.26 DS.BLANG PUNTEUET,85211111111,C1,Merah - Kendaraan Pemerintah,2024-12-19,2025-12-12,BELUM LUNAS,BELUM DIKUNJUNGI
PEMERINTAH GAMPONG BLANG NALEUNG MA,Pemerintahan,BL-2395-NE,ACEH,JLN MEDAN BACEH LR PERDANA NO 04 KEL BLANG NALEUENG MAMEH KEC. MU,8111654542,C1,Merah - Kendaraan Pemerintah,2025-07-16,2026-01-05,BELUM LUNAS,BELUM DIKUNJUNGI
PEMERINTAH GAMPONG BLANG KUBU,Pemerintahan,BL-2032-ZE,ACEH,DS BLANG KUBU KEC. GANDA PURA KAB. BIREUEN,81222222222,C1,Merah - Kendaraan Pemerintah,2025-04-21,2026-04-01,BELUM LUNAS,BELUM DIKUNJUNGI
PEMERINTAH GAMPONG BLANG CUT,Pemerintahan,BL-2978-ND,ACEH,JL. PUNTEUT-MEURAKSA KEL. BLANG CUT KEC. BLANG MANGAT KOTA LHOKSE,85278780000,C1,Merah - Kendaraan Pemerintah,2024-10-15,2025-10-31,BELUM LUNAS,BELUM DIKUNJUNGI
PEMERINTAH GAMPONG BLANG CUT,Pemerintahan,BL-2984-ND,ACEH,JL. PUNTEUT-MEURAKSA KEL. BLANG CUT KEC. BLANG MANGAT KOTA LHOKSE,82273115555,C1,Merah - Kendaraan Pemerintah,2024-10-15,2025-10-31,BELUM LUNAS,BELUM DIKUNJUNGI
PEMERINTAH GAMPONG BLANG CUT,Pemerintahan,BL-2982-ND,ACEH,JL. PUNTEUT-MEURAKSA KEL. BLANG CUT KEC. BLANG MANGAT KOTA LHOKSE,85278780000,C1,Merah - Kendaraan Pemerintah,2024-10-15,2025-10-31,BELUM LUNAS,BELUM DIKUNJUNGI
PEMERINTAH GAMPONG BLANG CRUM,Pemerintahan,BL-2185-NE,ACEH,DUSUN KEUDE DUA KEL. BLANG CRUM KEC. MUARA DUA KOTA LHOKSEUMAWE,85237374794,C1,Merah - Kendaraan Pemerintah,2025-12-11,2026-07-17,BELUM LUNAS,BELUM DIKUNJUNGI
PEMERINTAH GAMPONG BALOY,Pemerintahan,BL-2198-NE,ACEH,JL.BAKTI ABRI DS.BALOY KEC. BLANG MANGAT KOTA LHOKSEUMAWE,85359099689,C1,Merah - Kendaraan Pemerintah,2025-12-19,2026-07-30,BELUM LUNAS,BELUM DIKUNJUNGI
PEMERINTAH GAMPONG ALUE AWE,Pemerintahan,BL-2318-NE,ACEH,JL MEDAN-BANDA ACEH KEL. GAMPONG ALUE AWE KEC. MUARA DUA KOTA LHO,85276213140,C1,Merah - Kendaraan Pemerintah,2025-10-17,2026-06-21,BELUM LUNAS,BELUM DIKUNJUNGI
PEMERINTAH DAERAH TK II ATENGAH TA,Pemerintahan,BL-8012-GB,ACEH,JL YOS SUDSRSO KEC. LAUT TAWAR KAB. ACEH TENGAH,85200000000,F,Merah - Kendaraan Pemerintah,2025-11-25,2026-04-14,BELUM LUNAS,BELUM DIKUNJUNGI
PEMERINTAH DAERAH KOTA LHOKSEUMAWE,Pemerintahan,BL-2201-ND,ACEH,JL.MERDEKA I NO.02 KEL.KP.BARU,81360005770,C1,Merah - Kendaraan Pemerintah,2024-12-30,2025-12-31,BELUM LUNAS,BELUM DIKUNJUNGI
PEMERINTAH DAERAH KOTA LHOKSEUMAWE,Pemerintahan,BL-1002-NM,ACEH,JL. SYEIKH SYAMSUDDIN AS SUMATRANI NO. 2 KEL. KAMPUNG JAWA KEC. B,8234455656,DP,Merah - Kendaraan Pemerintah,2025-05-28,2026-04-08,BELUM LUNAS,BELUM DIKUNJUNGI
PEMERINTAH DAERAH KABBENER MERIAH,Pemerintahan,BL-2150-Y,ACEH,KOMP.PERKANTORAN PEMDA SERULE KAYU-REDELONG KEC.BUKIT KAB.BENER M,800000000,C1,Merah - Kendaraan Pemerintah,2026-01-28,2026-07-26,LUNAS,BELUM DIKUNJUNGI
PEMERINTAH DAERAH KABBENER MERIAH,Pemerintahan,BL-2098-Y,ACEH,KOMP.PERKANTORAN PEMDA SERULE KAYU-REDELONG KEC.BUKIT KAB.BENER M,85260278141,C1,Merah - Kendaraan Pemerintah,2025-10-06,2026-07-26,BELUM LUNAS,BELUM DIKUNJUNGI
PEMERINTAH DAERAH KABBENER MERIAH,Pemerintahan,BL-2055-Y,ACEH,KOMP.PERKANTORAN PEMDA SERULE KAYU-REDELONG KEC.BUKIT KAB.BENER M,82369367546,C1,Merah - Kendaraan Pemerintah,2025-08-21,2026-07-26,BELUM LUNAS,BELUM DIKUNJUNGI
PEMERINTAH DAERAH KAB BENER MERIAH,Pemerintahan,BL-7004-Y,ACEH,KOMPLEK PERKANTORAN PEMDA BENER MERIAH JL.SERULE KAYU REDELONG KE,85370793483,EP,Merah - Kendaraan Pemerintah,2025-08-28,2026-07-12,BELUM LUNAS,BELUM DIKUNJUNGI
PEMERINTAH DAERAH KAB ACEH UTARA,Pemerintahan,BL-8005-KI,ACEH,LHOKSUKON KEC. LHOKSUKON KAB. ACEH UTARA,85260011935,F,Merah - Kendaraan Pemerintah,2025-03-27,2026-03-31,BELUM LUNAS,BELUM DIKUNJUNGI
PEMDA KABUPATEN ACEH TENGAH,Pemerintahan,BL-2721-GB,ACEH,JL.YOS SUDARSO NO.10 KEC. BEBESEN KAB. ACEH TENGAH,85249355845,C1,Merah - Kendaraan Pemerintah,2024-11-19,2025-11-04,BELUM LUNAS,BELUM DIKUNJUNGI
PEMDA KAB BENER MERIAH,Pemerintahan,BL-1023-YV,ACEH,JL.SERULE KAYU KEC.BUKIT. KAB.BENER MERIAH,85262214204,DP,Merah - Kendaraan Pemerintah,2024-11-25,2025-09-30,BELUM LUNAS,BELUM DIKUNJUNGI
PEMDA KABATENGAH,Pemerintahan,BL-2650-GB,ACEH,JL.YOS SUDARSO NO. 10 TAKENGON KEC. LUT TAWAR KAB. ACEH TENGAH,85283407900,C1,Merah - Kendaraan Pemerintah,2024-08-21,2025-11-04,BELUM LUNAS,BELUM DIKUNJUNGI
PEMDA KABATENGAH,Pemerintahan,BL-2981-GB,ACEH,JL YOSSUDARSO NO.10 KEL. TAKENGON BARAT KAB. ACEH TENGAH,85358830755,C1,Merah - Kendaraan Pemerintah,2025-01-14,2026-02-04,BELUM LUNAS,BELUM DIKUNJUNGI
PEMDA KABATENGAH,Pemerintahan,BL-2715-GB,ACEH,JL.YOS SUDARSO KEC. LUT TAWAR KAB. ACEH TENGAH,85277874120,C1,Merah - Kendaraan Pemerintah,2024-10-14,2025-11-04,BELUM LUNAS,BELUM DIKUNJUNGI
PEMDA KABATENGAH,Pemerintahan,BL-2742-GB,ACEH,JL.YOS SUDARSO KEC. LAUT TAWAR KAB. ACEH TENGAH,82368618740,C1,Merah - Kendaraan Pemerintah,2025-05-05,2025-11-04,BELUM LUNAS,BELUM DIKUNJUNGI
PEMDA KABACEH UTARA,Pemerintahan,BL-8086-KB,ACEH,JLN.MAYJEN T.HAMZAH BENDAHARA KEC. LHOKSUKON KAB. ACEH UTARA,8232323232,DP,Merah - Kendaraan Pemerintah,2026-01-06,2026-04-19,BELUM LUNAS,BELUM DIKUNJUNGI
PEMDA KAB ACEH UTARA ,Pemerintahan,BL-0061-K,ACEH,JL.MAYJEN T HAMZAH BENDAHARA KEC. BANDA SAKTI KOTA LHOKSEUMAWE,85277045654,DP,Merah - Kendaraan Pemerintah,2024-12-10,2025-09-08,BELUM LUNAS,BELUM DIKUNJUNGI
PEMDA KAB ACEH TENGAH,Pemerintahan,BL-2654-GB,ACEH,JLN YOSUDARSO KEC LOT TAWAR KAB ACEH TENGAH,85296565621,C1,Merah - Kendaraan Pemerintah,2024-10-29,2025-11-04,BELUM LUNAS,BELUM DIKUNJUNGI
KPUKOMISI PEMILIHAN UMUM,Pemerintahan,BL-2425-Z,ACEH,JL SULTAN MALIKUSSALEH NO.08 KEC. KOTA JUANG KAB. BIREUEN,85260007992,C1,Merah - Kendaraan Pemerintah,2024-12-27,2025-09-05,BELUM LUNAS,BELUM DIKUNJUNGI
KPU KAB BIREUEN,Pemerintahan,BL-1040-ZC,ACEH,JL ST MALIKUSSALEH NO 8 KEC. KOTA JUANG KAB. BIREUEN,81222222222,DP,Merah - Kendaraan Pemerintah,2024-12-31,2026-01-29,BELUM LUNAS,BELUM DIKUNJUNGI
KEMENTRIAN AGAMA KABACEH TENGAH,Pemerintahan,BL-1083-GH,ACEH,JL. TAKENGON-BIREUEN KEC. KEBAYAKAN KAB. ACEH TENGAH,85200000000,DP,Merah - Kendaraan Pemerintah,2025-08-07,2026-08-01,LUNAS,BELUM DIKUNJUNGI
KANTOR PERTANAHAN KOTA LHOKSEUMAWE,Pemerintahan,BL-1036-NJ,ACEH,JL. KOMP STADION KEL. MON GEUDONG KEC. BANDA SAKTI KOTA LHOKSEUMA,81263698472,DP,Merah - Kendaraan Pemerintah,2024-12-24,2026-02-18,BELUM LUNAS,BELUM DIKUNJUNGI
KANTOR PERTANAHAN KAB ACEH UTARA,Pemerintahan,BL-2837-NE,ACEH,JALAN T HAMZAH BENDAHARA DS. MON GEUDONG KEC. BANDA SAKTI KOTA LH,81111111111,C1,Merah - Kendaraan Pemerintah,2025-01-20,2025-12-24,BELUM LUNAS,BELUM DIKUNJUNGI
KANTOR PERTAHANAN KOTA LHOKSEUMAWE,Pemerintahan,BL-2909-ND,ACEH,JL. KOMP. STADION NO. 1A KEL. MON GEUDONG KEC. BANDA SAKTI KOTA L,0,C1,Merah - Kendaraan Pemerintah,2025-10-15,2026-03-30,BELUM LUNAS,BELUM DIKUNJUNGI
KANTOR KESPELABUHAN KLSIII LHOKSE,Pemerintahan,BL-2351-ND,ACEH,JL.B.ACEH MEDAN KM.267 MEURIA PALOH,8116700913,C1,Merah - Kendaraan Pemerintah,2025-07-08,2026-05-06,BELUM LUNAS,BELUM DIKUNJUNGI
KANTOR KESEHATAN PELABUHAN LHOKSEUM,Pemerintahan,BL-1015-NW,ACEH,JL PELABUHAN LAMA NO 1 A KEC. BANDA SAKTI KOTA LHOKSEUMAWE,0,DP,Merah - Kendaraan Pemerintah,2025-07-11,2026-07-23,LUNAS,BELUM DIKUNJUNGI
KANTOR KESEHATAN PELABUHAN LHOKSEUM,Pemerintahan,BL-8046-N,ACEH,JL PELABUHAN LAMA NO 1 A KEL.KP JAWA,85261429997,DP,Merah - Kendaraan Pemerintah,2024-12-12,2025-11-06,LUNAS,BELUM DIKUNJUNGI
KANTOR KESEHATAN PELABUHAN LHOKSEUM,Pemerintahan,BL-2443-ND,ACEH,JL. B. ACEH-MEDAN KM 267 KEL. MEURIA PALOH KEC. MUARA SATU KOTA L,0,C1,Merah - Kendaraan Pemerintah,2025-07-22,2026-07-18,BELUM LUNAS,BELUM DIKUNJUNGI
KANTOR KESEHATAN PELABUHAN KELAS II,Pemerintahan,BL-1065-N,ACEH,JL.PELABUHAN LAMA NO.1A KP.JAWA KOTA LHOKSEUMAWE,800000000,DP,Merah - Kendaraan Pemerintah,2025-07-23,2026-02-08,BELUM LUNAS,BELUM DIKUNJUNGI
KANTOR KEMENTRIAN AGAMA KAB BENER M,Pemerintahan,BL-8039-Y,ACEH,JL.BANDARA REMBELE-PANTE RAYA REDELONG WONOSOBO,82272542545,F,Merah - Kendaraan Pemerintah,2025-03-20,2026-02-15,BELUM LUNAS,BELUM DIKUNJUNGI
KANTOR KEMENTERIAN AGAMA KOTA LHOKS,Pemerintahan,BL-2595-ND,ACEH,JL. NYAK ADAM KAMIL NO. 01 KEL. SIMPANG EMPAT KEC. BANDA SAKTI KO,852776013160,C1,Merah - Kendaraan Pemerintah,2024-12-11,2025-11-23,BELUM LUNAS,BELUM DIKUNJUNGI
KANTOR KEMENTERIAN AGAMA KABAUTAR,Pemerintahan,BL-2126-KC,ACEH,JL.MEDAN-BANDA ACEH KOTA LHOKSUKON KEC.LHOKSUKON KAB.ACEH UTARA,823456566,C1,Merah - Kendaraan Pemerintah,2025-08-04,2026-07-30,BELUM LUNAS,BELUM DIKUNJUNGI
KANTOR KEMENTERIAN AGAMA KABAUTAR,Pemerintahan,BL-2128-KC,ACEH,JL.MEDAN-BANDA ACEH KOTA LHOKSUKON KEC. LHOKSUKON KAB. ACEH UTARA,85260121700,C1,Merah - Kendaraan Pemerintah,2025-08-06,2026-07-30,BELUM LUNAS,BELUM DIKUNJUNGI
KANTOR KEMENTERIAN AGAMA KABAUTAR,Pemerintahan,BL-2131-KC,ACEH,JL.MEDAN-BANDA ACEH KOTA LHOKSUKON,85260044123,C1,Merah - Kendaraan Pemerintah,2025-07-30,2026-07-30,BELUM LUNAS,BELUM DIKUNJUNGI
KANTOR KEMENTERIAN AGAMA KABAUTAR,Pemerintahan,BL-2122-KC,ACEH,JL.MEDAN-BANDA ACEH KOTA LHOKSUKON KEC. LHOKSUKON KAB. ACEH UTARA,85275423773,C1,Merah - Kendaraan Pemerintah,2025-07-29,2026-07-30,BELUM LUNAS,BELUM DIKUNJUNGI
KANTOR KEMENTERIAN AGAMA KABAUTAR,Pemerintahan,BL-2118-KC,ACEH,JL.MEDAN-BANDA ACEH KOTA LHOKSUKON,85260640662,C1,Merah - Kendaraan Pemerintah,2025-09-25,2026-07-30,BELUM LUNAS,BELUM DIKUNJUNGI
KANTOR KEMENTERIAN AGAMA KABAUTAR,Pemerintahan,BL-2121-KC,ACEH,JL.MEDAN-BANDA ACEH KOTA LHOKSUKON,85277212420,C1,Merah - Kendaraan Pemerintah,2025-08-05,2026-07-30,BELUM LUNAS,BELUM DIKUNJUNGI
KANTOR KEMENTERIAN AGAMA KABAUTAR,Pemerintahan,BL-2138-KC,ACEH,JL.MEDAN-BANDA ACEH KOTA LHOKSUKON,82270516622,C1,Merah - Kendaraan Pemerintah,2025-08-05,2026-07-30,BELUM LUNAS,BELUM DIKUNJUNGI
KANTOR KEMENTERIAN AGAMA KABAUTAR,Pemerintahan,BL-2130-KC,ACEH,JL.MEDAN-BANDA ACEH KOTA LHOKSUKON,85277344797,C1,Merah - Kendaraan Pemerintah,2025-09-17,2026-07-30,BELUM LUNAS,BELUM DIKUNJUNGI
KANTOR KELUARGA SEJAHTERA,Pemerintahan,BL-2223-ZB,ACEH,JL.HABIB PUTEH NO.20 KEC. KOTA JUANG KAB. BIREUEN,85240572795,C1,Merah - Kendaraan Pemerintah,2025-01-03,2025-10-28,BELUM LUNAS,BELUM DIKUNJUNGI
KANTOR KELUARGA SEJAHTERA,Pemerintahan,BL-2203-ZB,ACEH,JL.HABIB PUTEH NO.20,85276670914,C1,Merah - Kendaraan Pemerintah,2024-08-20,2025-10-28,BELUM LUNAS,BELUM DIKUNJUNGI
KANTOR KELUARGA SEJAHTERA,Pemerintahan,BL-2213-ZB,ACEH,JL.HABIB PUTEH NO.20 KEC. KOTA JUANG KAB. BIREUEN,81360023940,C1,Merah - Kendaraan Pemerintah,2024-10-25,2025-10-28,BELUM LUNAS,BELUM DIKUNJUNGI
KANTOR IMIGRASI TAKENGON,Pemerintahan,BL-1031-GH,ACEH,JL.SENGEDA NO.131 TAKENGON KEC.KEBAYAKAN KAB. ACEH TENGAH,85230002022,DP,Merah - Kendaraan Pemerintah,2025-06-24,2026-04-22,BELUM LUNAS,BELUM DIKUNJUNGI
DINAS SYARIAT ISLAM KABBIREUEN,Pemerintahan,BL-2397-ZD,ACEH,JL.SULTAN MALIKUSSALEH DS.COT GAPU KEC. KOTA JUANG KAB. BIREUEN,85371684714,C1,Merah - Kendaraan Pemerintah,2025-02-10,2025-12-21,BELUM LUNAS,BELUM DIKUNJUNGI
DINAS SYARIAT ISLAM KABBIREUEN,Pemerintahan,BL-2409-ZD,ACEH,JL.SULTAN MALIKUSSALEH DS.COT GAPU KEC. KOTA JUANG KAB. BIREUEN,85260252235,C1,Merah - Kendaraan Pemerintah,2024-12-03,2025-12-21,BELUM LUNAS,BELUM DIKUNJUNGI
DINAS SYARIAT ISLAM KABBIREUEN,Pemerintahan,BL-2255-ZD,ACEH,JL.SULTAN MALIKUSSALEH DS.COT GAPU,81374027789,C1,Merah - Kendaraan Pemerintah,2024-12-10,2025-11-14,BELUM LUNAS,BELUM DIKUNJUNGI
DINAS SYARIAT ISLAM KABBIREUEN,Pemerintahan,BL-2258-ZD,ACEH,JL.SULTAN MALIKUSSALEH DS.COT GAPU KEC. KOTA JUANG KAB. BIREUEN,81360231136,C1,Merah - Kendaraan Pemerintah,2024-10-22,2025-11-14,BELUM LUNAS,BELUM DIKUNJUNGI
DINAS SYARIAT ISLAM KABBIREUEN,Pemerintahan,BL-2266-ZD,ACEH,JL.SULTAN MALIKUSSALEH DS.COT GAPU KEC. KOTA JUANG KAB. BIREUEN,85277966911,C1,Merah - Kendaraan Pemerintah,2024-12-30,2025-11-16,BELUM LUNAS,BELUM DIKUNJUNGI
DINAS SYARIAT ISLAM KABBIREUEN,Pemerintahan,BL-2246-ZD,ACEH,JL.SULTAN MALIKUSSALEH DS.COT GAPU KEC. KOTA JUANG KAB. BIREUEN,85277852214,C1,Merah - Kendaraan Pemerintah,2025-07-07,2025-11-14,BELUM LUNAS,BELUM DIKUNJUNGI
DINAS SYARIAT ISLAM KABBIREUEN,Pemerintahan,BL-2212-ZD,ACEH,JL.SULTAN MALIKUSSALEH DS.COT GAPU KEC. KOTA JUANG KAB. BIREUEN,85231456721,C1,Merah - Kendaraan Pemerintah,2025-03-05,2025-11-14,BELUM LUNAS,BELUM DIKUNJUNGI
DINAS SYARIAT ISLAM KABBIREUEN,Pemerintahan,BL-2433-ZD,ACEH,JL.SULTAN MALIKUSSALEH DS.COT GAPU KEC KOTA JUANG KAB BIREUEN,85213698752,C1,Merah - Kendaraan Pemerintah,2024-12-04,2025-12-21,BELUM LUNAS,BELUM DIKUNJUNGI
DINAS SYARIAT ISLAM KABBIREUEN,Pemerintahan,BL-2221-ZD,ACEH,JL.SULTAN MALIKUSSALEH DS.COT GAPU KEC. KOTA JUANG KAB. BIREUEN,85260881520,C1,Merah - Kendaraan Pemerintah,2025-07-09,2025-11-14,BELUM LUNAS,BELUM DIKUNJUNGI
DINAS SYARIAT ISLAM KABBIREUEN,Pemerintahan,BL-2310-ZD,ACEH,JL.SULTAN MALIKUSSALEH DS.COT GAPU KEC. KOTA JUANG KAB. BIREUEN,85260211111,C1,Merah - Kendaraan Pemerintah,2024-11-07,2025-11-16,BELUM LUNAS,BELUM DIKUNJUNGI
DINAS SYARIAT ISLAM KABBIREUEN,Pemerintahan,BL-2248-ZD,ACEH,JL.SULTAN MALIKUSSALEH DS.COT GAPU KEC KOTA JUANG KAB BIREUEN,82236065494,C1,Merah - Kendaraan Pemerintah,2025-05-05,2025-11-14,BELUM LUNAS,BELUM DIKUNJUNGI
DINAS SYARIAT ISLAM KABBIREUEN,Pemerintahan,BL-2447-ZD,ACEH,JL.SULTAN MALIKUSSALEH DS.COT GAPU KEC KOTA JUANG KAB BIREUEN,85260009027,C1,Merah - Kendaraan Pemerintah,2024-12-27,2025-12-29,BELUM LUNAS,BELUM DIKUNJUNGI
DINAS SYARIAT ISLAM KABBIREUEN,Pemerintahan,BL-2244-ZD,ACEH,JL.SULTAN MALIKUSSALEH DS.COT GAPU KEC KOTA JUANG KAB BIREUEN,85223606710,C1,Merah - Kendaraan Pemerintah,2024-11-13,2025-11-14,BELUM LUNAS,BELUM DIKUNJUNGI
DINAS SYARIAT ISLAM KABBIREUEN,Pemerintahan,BL-2870-ZB,ACEH,JL.SULTAN MALIKUSSALEH DS.COT GAPU KEC. KOTA JUANG KAB. BIREUEN,85277812149,C1,Merah - Kendaraan Pemerintah,2024-11-18,2025-11-16,BELUM LUNAS,BELUM DIKUNJUNGI
DINAS SYARIAT ISLAM KABBIREUEN,Pemerintahan,BL-2239-ZD,ACEH,JL.SULTAN MALIKUSSALEH DS.COT GAPU KEC. KOTA JUANG KAB. BIREUEN,85260834076,C1,Merah - Kendaraan Pemerintah,2025-05-14,2025-11-14,BELUM LUNAS,BELUM DIKUNJUNGI
DINAS SYARIAT ISLAM KABBIREUEN,Pemerintahan,BL-2303-ZD,ACEH,JL.SULTAN MALIKUSSALEH DS.COT GAPU KEC. KOTA JUANG KAB. BIREUEN,85262404386,C1,Merah - Kendaraan Pemerintah,2024-11-18,2025-11-16,BELUM LUNAS,BELUM DIKUNJUNGI
DINAS SYARIAT ISLAM KABBIREUEN,Pemerintahan,BL-2294-ZD,ACEH,JL.SULTAN MALIKUSSALEH DS.COT GAPU KEC. KOTA JUANG KAB. BIREUEN,82167834861,C1,Merah - Kendaraan Pemerintah,2024-11-12,2025-11-16,BELUM LUNAS,BELUM DIKUNJUNGI
DINAS SYARIAT ISLAM KABBIREUEN,Pemerintahan,BL-2279-ZD,ACEH,JL.SULTAN MALIKUSSALEH DS.COT GAPU KEC. KOTA JUANG KAB. BIREUEN,85277966911,C1,Merah - Kendaraan Pemerintah,2024-11-18,2025-11-16,BELUM LUNAS,BELUM DIKUNJUNGI
DINAS SYARIAT ISLAM KABBIREUEN,Pemerintahan,BL-2127-ZD,ACEH,JL.SULTAN MALIKUSSALEH DS COT GAPU KEC. KOTA JUANG KAB. BIREUEN,81122222222,C1,Merah - Kendaraan Pemerintah,2025-01-14,2025-11-27,BELUM LUNAS,BELUM DIKUNJUNGI
DINAS SYARIAT ISLAM KABBIREUEN,Pemerintahan,BL-2245-ZD,ACEH,JL.SULTAN MALIKUSSALEH DS.COT GAPU KEC. KOTA JUANG KAB. BIREUEN,85271562113,C1,Merah - Kendaraan Pemerintah,2025-06-04,2025-11-14,BELUM LUNAS,BELUM DIKUNJUNGI
DINAS SYARIAT ISLAM KABBIREUEN,Pemerintahan,BL-2321-ZD,ACEH,JL.SULTAN MALIKUSSALEH DS.COT GAPU KEC. KOTA JUANG KAB. BIREUEN,85296915749,C1,Merah - Kendaraan Pemerintah,2024-11-26,2025-11-16,BELUM LUNAS,BELUM DIKUNJUNGI
DINAS SYARIAT ISLAM KABBIREUEN,Pemerintahan,BL-2396-ZD,ACEH,JL.SULTAN MALIKUSSALEH DS.COT GAPU KEC KOTA JUANG KAB BIREUEN,85261665509,C1,Merah - Kendaraan Pemerintah,2024-12-17,2025-12-21,BELUM LUNAS,BELUM DIKUNJUNGI
DINAS SYARIAT ISLAM KABBIREUEN,Pemerintahan,BL-2306-ZD,ACEH,JL.SULTAN MALIKUSSALEH DS. COT GAPU KEC. KOTA JUANG KAB. BIREUEN,85288387222,C1,Merah - Kendaraan Pemerintah,2024-11-15,2025-11-16,BELUM LUNAS,BELUM DIKUNJUNGI
DINAS SYARIAT ISLAM KABBIREUEN,Pemerintahan,BL-2296-ZD,ACEH,JL.SULTAN MALIKUSSALEH DS. COT GAPU KEC. KOTA JUANG KAB. BIREUEN,81360498003,C1,Merah - Kendaraan Pemerintah,2024-11-08,2025-11-16,BELUM LUNAS,BELUM DIKUNJUNGI
DINAS SYARIAT ISLAM KAB BIREUEN,Pemerintahan,BL-7020-Z,ACEH,JL. SULTAN MALIKUSSALEH COT GAPU KEC. KOTA JUANG KAB. BIREUEN,8126976995,EP,Merah - Kendaraan Pemerintah,2025-09-22,2026-01-22,BELUM LUNAS,BELUM DIKUNJUNGI
DINAS SYARIAT ISLAM KAB BIREUEN,Pemerintahan,BL-2163-ZD,ACEH,JL. SULTAN MALIKUSSALEH DS COT GAPU KEC. KOTA JUANG KAB. BIREUEN,85260424342,C1,Merah - Kendaraan Pemerintah,2024-11-15,2025-11-27,BELUM LUNAS,BELUM DIKUNJUNGI
DINAS SYARIAT ISLAM KAB BIREUEN,Pemerintahan,BL-2110-ZD,ACEH,JL. SULTAN MALIKUSSALEH DS COT GAPU KEC. KOTA JUANG KAB. BIREUEN,85296947858,C1,Merah - Kendaraan Pemerintah,2024-12-03,2025-11-27,BELUM LUNAS,BELUM DIKUNJUNGI
DINAS SYARIAT ISLAM KAB BIREUEN,Pemerintahan,BL-2368-ZD,ACEH,JL.SULTAN MALIKUSSALEH DS COT GAPU KEC. KOTA JUANG KAB. BIREUEN,85277041151,C1,Merah - Kendaraan Pemerintah,2024-12-06,2025-12-21,BELUM LUNAS,BELUM DIKUNJUNGI
DINAS SYARIAT ISLAM KAB BIREUEN,Pemerintahan,BL-2363-ZD,ACEH,JL.SULTAN MALIKUSSALEH DS COT GAPU KEC. KOTA JUANG KAB. BIREUEN,81260939960,C1,Merah - Kendaraan Pemerintah,2025-01-02,2025-12-21,BELUM LUNAS,BELUM DIKUNJUNGI
DINAS SYARIAT ISLAM KAB BIREUEN,Pemerintahan,BL-2102-ZD,ACEH,JL. SULTAN MALIKUSSALEH DS COT GAPU KEC KOTA JUANG KAB BIREUEN,82386830849,C1,Merah - Kendaraan Pemerintah,2024-11-25,2025-11-27,BELUM LUNAS,BELUM DIKUNJUNGI
DINAS SYARIAT ISLAM KAB BIREUEN,Pemerintahan,BL-2181-ZD,ACEH,JL.SULTAN MALIKUSSALEH DS COT GAPU KEC. KOTA JUANG KAB. BIREUEN,85362639288,C1,Merah - Kendaraan Pemerintah,2025-01-02,2025-11-27,BELUM LUNAS,BELUM DIKUNJUNGI
DINAS SYARIAT ISLAM KAB BIREUEN,Pemerintahan,BL-2165-ZD,ACEH,JL. SULTAN MALIKUSSALEH DS COT GAPU KEC. KOTA JUANG KAB. BIREUEN,82384436005,C1,Merah - Kendaraan Pemerintah,2024-12-02,2025-11-27,BELUM LUNAS,BELUM DIKUNJUNGI
DINAS SYARIAT ISLAM KAB BIREUEN,Pemerintahan,BL-2111-ZD,ACEH,JL. SULTAN MALIKUSSALEH DS COT GAPU KEC. KOTA JUANG KAB. BIREUEN,82166804685,C1,Merah - Kendaraan Pemerintah,2024-12-31,2025-11-27,BELUM LUNAS,BELUM DIKUNJUNGI
DINAS SYARIAT ISLAM KAB BIREUEN,Pemerintahan,BL-2186-ZD,ACEH,JL.SULTAN MALIKUSSALEH DS COT GAPU KEC. KOTA JUANG KAB. BIREUEN,85249610121,C1,Merah - Kendaraan Pemerintah,2024-11-07,2025-11-27,BELUM LUNAS,BELUM DIKUNJUNGI
DINAS SYARIAT ISLAM KAB BIREUEN,Pemerintahan,BL-2088-ZD,ACEH,JL. SULTAN MALIKUSSALEH DS COT GAPU KEC. KOTA JUANG KAB. BIREUEN,81260682055,C1,Merah - Kendaraan Pemerintah,2024-12-24,2025-11-27,BELUM LUNAS,BELUM DIKUNJUNGI
DINAS SYARIAT ISLAM KAB BIREUEN,Pemerintahan,BL-2108-ZD,ACEH,JL. SULTAN MALIKUSSALEH DS COT GAPU KEC. KOTA JUANG KAB. BIREUEN,85260745874,C1,Merah - Kendaraan Pemerintah,2025-06-20,2025-11-27,BELUM LUNAS,BELUM DIKUNJUNGI
DINAS SYARIAT ISLAM KAB BIREUEN,Pemerintahan,BL-2350-ZD,ACEH,JL.SULTAN MALIKUSSALEH DS COT GAPU KEC. KOTA JUANG KAB. BIREUEN,81122222222,C1,Merah - Kendaraan Pemerintah,2025-05-08,2025-12-21,BELUM LUNAS,BELUM DIKUNJUNGI
DINAS SYARIAT ISLAM KAB BIREUEN,Pemerintahan,BL-2354-ZD,ACEH,JL.SULTAN MALIKUSSALEH DS COT GAPU KEC.KOTA JUANG KAB.BIREUEN,82260240665,C1,Merah - Kendaraan Pemerintah,2025-03-24,2025-12-21,BELUM LUNAS,BELUM DIKUNJUNGI
DINAS SYARIAT ISLAM KAB BIREUEN,Pemerintahan,BL-2195-ZD,ACEH,JL.SULTAN MALIKUSSALEH DS COT GAPU KEC KOTA JUANG KAB BIREUEN,85277175252,C1,Merah - Kendaraan Pemerintah,2025-05-26,2025-11-27,BELUM LUNAS,BELUM DIKUNJUNGI
DINAS SYARIAT ISLAM KAB BIREUEN,Pemerintahan,BL-2010-ZD,ACEH,JL.SULTAN MALIKUSSALEH DS COT GAPU KEC. KOTA JUANG KAB. BIREUEN,85260211111,C1,Merah - Kendaraan Pemerintah,2024-12-27,2025-11-27,BELUM LUNAS,BELUM DIKUNJUNGI
DINAS SYARIAT ISLAM KAB BIREUEN,Pemerintahan,BL-2182-ZD,ACEH,JL.SULTAN MALIKUSSALEH DS COT GAPU KEC KOTA JUANG KAB BIREUEN,85277684208,C1,Merah - Kendaraan Pemerintah,2024-11-26,2025-11-27,BELUM LUNAS,BELUM DIKUNJUNGI
DINAS SYARIAT ISLAM KAB BIREUEN,Pemerintahan,BL-2194-ZD,ACEH,JL.SULTAN MALIKUSSALEH DS COT GAPU KEC. KOTA JUANG KAB. BIREUEN,82278825040,C1,Merah - Kendaraan Pemerintah,2024-11-06,2025-11-27,BELUM LUNAS,BELUM DIKUNJUNGI
DINAS SYARIAT ISLAM KAB BIREUEN,Pemerintahan,BL-2174-ZD,ACEH,JL.SULTAN MALIKUSSALEH DS COT GAPU KEC. KOTA JUANG KAB. BIREUEN,85227105769,C1,Merah - Kendaraan Pemerintah,2025-08-15,2025-11-27,BELUM LUNAS,BELUM DIKUNJUNGI
DINAS SYARIAT ISLAM KAB BIREUEN,Pemerintahan,BL-2335-ZD,ACEH,JL.SULTAN MALIKUSSALEH DS COT GAPU KEC. KOTA JUANG KAB. BIREUEN,85277659832,C1,Merah - Kendaraan Pemerintah,2025-06-17,2025-12-21,BELUM LUNAS,BELUM DIKUNJUNGI
DINAS SYARIAT ISLAM KAB BIREUEN,Pemerintahan,BL-2192-ZD,ACEH,JL.SULTAN MALIKUSSALEH DS COT GAPU KEC. KOTA JUANG KAB. BIREUEN,85256211111,C1,Merah - Kendaraan Pemerintah,2024-12-02,2025-11-27,BELUM LUNAS,BELUM DIKUNJUNGI
DINAS SYARIAT ISLAM KAB BIREUEN,Pemerintahan,BL-2015-ZD,ACEH,JL.SULTAN MALIKUSSALEH DS COT GAPU KEC KOTA JUANG KAB BIREUEN,81321654781,C1,Merah - Kendaraan Pemerintah,2024-10-17,2025-11-27,BELUM LUNAS,BELUM DIKUNJUNGI
DINAS SYARIAT ISLAM KAB BIREUEN,Pemerintahan,BL-2112-ZD,ACEH,JL. SULTAN MALIKUSSALEH DS COT GAPU KEC. KOTA JUANG KAB. BIREUEN,82366217870,C1,Merah - Kendaraan Pemerintah,2024-11-20,2025-11-27,BELUM LUNAS,BELUM DIKUNJUNGI
DINAS SYARIAT ISLAM KAB BIREUEN,Pemerintahan,BL-2166-ZD,ACEH,JL. SULTAN MALIKUSSALEH DS COT GAPU KEC. KOTA JUANG KAB. BIREUEN,81236547984,C1,Merah - Kendaraan Pemerintah,2024-08-22,2025-11-27,BELUM LUNAS,BELUM DIKUNJUNGI
DINAS SYARIAT ISLAM KAB BIREUEN,Pemerintahan,BL-2006-ZD,ACEH,JL.SULTAN MALIKUSSALEH DS COT GAPU KEC. KOTA JUANG KAB. BIREUEN,85211444444,C1,Merah - Kendaraan Pemerintah,2025-04-28,2025-11-27,BELUM LUNAS,BELUM DIKUNJUNGI
DINAS SYARIAT ISLAM KAB BIREUEN,Pemerintahan,BL-2142-ZD,ACEH,JL. SULTAN MALIKUSSALEH DS COT GAPU KEC. KOTA JUANG KAB. BIREUEN,85277218926,C1,Merah - Kendaraan Pemerintah,2024-10-17,2025-11-27,BELUM LUNAS,BELUM DIKUNJUNGI
DINAS SYARIAT ISLAM KAB BIREUEN,Pemerintahan,BL-2185-ZD,ACEH,JL.SULTAN MALIKUSSALEH DS COT GAPU KEC. KOTA JUANG KAB. BIREUEN,81122222111,C1,Merah - Kendaraan Pemerintah,2024-11-05,2025-11-27,BELUM LUNAS,BELUM DIKUNJUNGI
DINAS SYARIAT ISLAM KAB ACEH,Pemerintahan,BL-2362-KD,ACEH,LHOKSUKON KEL. KOTA LHOKSUKON KEC. LHOKSUKON KAB. ACEH UTARA,8723456789,C1,Merah - Kendaraan Pemerintah,2024-11-13,2025-10-19,BELUM LUNAS,BELUM DIKUNJUNGI
DINAS SYARIAT ISLAM BIREUEN,Pemerintahan,BL-2819-ZB,ACEH,JLN. SULTAN MALIKUSSALEH DS. COT GAPU KEC. KOTA JUANG KAB. BIREUE,85261531205,C1,Merah - Kendaraan Pemerintah,2025-02-28,2026-03-02,BELUM LUNAS,BELUM DIKUNJUNGI
DINAS SYARIAT ISLAM BIREUEN,Pemerintahan,BL-2748-ZB,ACEH,JLN. SULTAN MALIKUSSALEH DS. COT GAPU KEC. KOTA JUANG KAB. BIREUE,82273767189,C1,Merah - Kendaraan Pemerintah,2025-09-11,2026-03-02,BELUM LUNAS,BELUM DIKUNJUNGI
DINAS SYARIAT ISLAM BIREUEN,Pemerintahan,BL-2756-ZB,ACEH,JLN. SULTAN MALIKUSSALEH DS. COT GAPU KEC.KOTA JUANG KAB.BIREUEN,82260240665,C1,Merah - Kendaraan Pemerintah,2025-06-02,2026-03-02,BELUM LUNAS,BELUM DIKUNJUNGI
DINAS SYARIAT ISLAM BIREUEN,Pemerintahan,BL-2864-ZB,ACEH,JLN. SULTAN MALIKUSSALEH DS. COT GAPU KEC. KOTA JUANG KAB. BIREUE,85359793478,C1,Merah - Kendaraan Pemerintah,2025-05-21,2026-03-02,BELUM LUNAS,BELUM DIKUNJUNGI
DINAS SYARIAT ISLAM BIREUEN,Pemerintahan,BL-2763-ZB,ACEH,JLN. SULTAN MALIKUSSALEH DS. COT GAPU KEC. KOTA JUANG KAB. BIREUE,852766496663,C1,Merah - Kendaraan Pemerintah,2025-03-13,2026-03-02,BELUM LUNAS,BELUM DIKUNJUNGI
DINAS SYARIAT ISLAM BIREUEN,Pemerintahan,BL-2783-ZB,ACEH,JLN. SULTAN MALIKUSSALEH DS. COT GAPU KEC. KOTA JUANG KAB. BIREUE,852970715324,C1,Merah - Kendaraan Pemerintah,2025-06-30,2026-03-02,BELUM LUNAS,BELUM DIKUNJUNGI
DINAS SYARIAT ISLAM BIREUEN,Pemerintahan,BL-2725-ZB,ACEH,JLN. SULTAN MALIKUSSALEH DS. COT GAPU KEC. KOTA JUANG KAB. BIREUE,81263022549,C1,Merah - Kendaraan Pemerintah,2025-12-19,2026-03-02,BELUM LUNAS,BELUM DIKUNJUNGI
DINAS SYARIAT ISLAM BIREUEN,Pemerintahan,BL-2818-ZB,ACEH,JLN. SULTAN MALIKUSSALEH DS. COT GAPU KEC. KOTA JUANG KAB. BIREUE,81262680408,C1,Merah - Kendaraan Pemerintah,2025-11-22,2026-03-02,BELUM LUNAS,BELUM DIKUNJUNGI
DINAS SYARIAT ISLAM BIREUEN,Pemerintahan,BL-2829-ZB,ACEH,JLN. SULTAN MALIKUSSALEH DS. COT GAPU KEC. KOTA JUANG KAB. BIREUE,85277405922,C1,Merah - Kendaraan Pemerintah,2024-12-18,2026-03-02,BELUM LUNAS,BELUM DIKUNJUNGI
DINAS SYARIAT ISLAM BIREUEN,Pemerintahan,BL-2841-ZB,ACEH,JLN. SULTAN MALIKUSSALEH DS. COT GAPU KEC. KOTA JUANG KAB. BIREUE,85021111111,C1,Merah - Kendaraan Pemerintah,2025-06-13,2026-03-02,BELUM LUNAS,BELUM DIKUNJUNGI
DINAS SYARIAT ISLAM BIREUEN,Pemerintahan,BL-2724-ZB,ACEH,JLN. SULTAN MALIKUSSALEH DS. COT GAPU KEC. KOTA JUANG KAB. BIREUE,85370799994,C1,Merah - Kendaraan Pemerintah,2025-02-25,2026-03-02,BELUM LUNAS,BELUM DIKUNJUNGI
DINAS SYARIAT ISLAM BIREUEN,Pemerintahan,BL-2727-ZB,ACEH,JLN. SULTAN MALIKUSSALEH DS. COT GAPU KEC. KOTA JUANG KAB. BIREUE,85324021293,C1,Merah - Kendaraan Pemerintah,2025-05-26,2026-03-02,LUNAS,BELUM DIKUNJUNGI
DINAS SYARIAT ISLAM BIREUEN,Pemerintahan,BL-2747-ZB,ACEH,JLN. SULTAN MALIKUSSALEH DS. COT GAPU KEC. KOTA JUANG KAB. BIREUE,85361867470,C1,Merah - Kendaraan Pemerintah,2025-07-22,2026-03-02,BELUM LUNAS,BELUM DIKUNJUNGI
DINAS SYARIAT ISLAM BIREUEN,Pemerintahan,BL-2821-ZB,ACEH,JLN. SULTAN MALIKUSSALEH DS. COT GAPU KEC. KOTA JUANG KAB. BIREUE,85260111111,C1,Merah - Kendaraan Pemerintah,2025-05-28,2026-03-02,BELUM LUNAS,BELUM DIKUNJUNGI
DINAS SYARIAT ISLAM BIREUEN,Pemerintahan,BL-2843-ZB,ACEH,JLN. SULTAN MALIKUSSALEH DS. COT GAPU KEC. KOTA JUANG KAB. BIREUE,82363230647,C1,Merah - Kendaraan Pemerintah,2025-04-09,2026-03-02,BELUM LUNAS,BELUM DIKUNJUNGI
DINAS SYARIAT ISLAM BIREUEN,Pemerintahan,BL-2858-ZB,ACEH,JLN. SULTAN MALIKUSSALEH DS. COT GAPU KEC. KOTA JUANG KAB. BIREUE,85361886161,C1,Merah - Kendaraan Pemerintah,2025-11-14,2026-03-02,BELUM LUNAS,BELUM DIKUNJUNGI
DINAS SYARIAT ISLAM BIREUEN,Pemerintahan,BL-2774-ZB,ACEH,JLN. SULTAN MALIKUSSALEH DS. COT GAPU KEC. KOTA JUANG KAB. BIREUE,85136061800,C1,Merah - Kendaraan Pemerintah,2025-01-02,2026-03-02,BELUM LUNAS,BELUM DIKUNJUNGI
DINAS SYARIAT ISLAM BIREUEN,Pemerintahan,BL-2862-ZB,ACEH,JLN. SULTAN MALIKUSSALEH DS. COT GAPU KEC. KOTA JUANG KAB. BIREUE,8122222221,C1,Merah - Kendaraan Pemerintah,2025-04-28,2026-03-02,BELUM LUNAS,BELUM DIKUNJUNGI
DINAS SYARIAT ISLAM BIREUEN,Pemerintahan,BL-2827-ZB,ACEH,JLN. SULTAN MALIKUSSALEH DS. COT GAPU KEC. KOTA JUANG KAB. BIREUN,81269430606,C1,Merah - Kendaraan Pemerintah,2025-11-05,2026-03-02,BELUM LUNAS,BELUM DIKUNJUNGI
DINAS SYARIAT ISLAM BIREUEN,Pemerintahan,BL-2854-ZB,ACEH,JLN. SULTAN MALIKUSSALEH DS. COT GAPU KEC. KOTA JUANG KAB. BIREUE,85260691145,C1,Merah - Kendaraan Pemerintah,2025-06-04,2026-03-02,BELUM LUNAS,BELUM DIKUNJUNGI
DINAS SYARIAT ISLAM BIREUEN,Pemerintahan,BL-2761-ZB,ACEH,JLN. SULTAN MALIKUSSALEH DS. COT GAPU KEC. KOTA JUANG KAB. BIREUE,85277445859,C1,Merah - Kendaraan Pemerintah,2025-05-09,2026-03-02,BELUM LUNAS,BELUM DIKUNJUNGI
DINAS SYARIAT ISLAM BIREUEN,Pemerintahan,BL-2735-ZB,ACEH,JLN. SULTAN MALIKUSSALEH DS. COT GAPU KEC. KOTA JUANG KAB. BIREUE,85260310680,C1,Merah - Kendaraan Pemerintah,2025-08-13,2026-03-02,BELUM LUNAS,BELUM DIKUNJUNGI
DINAS SYARIAT ISLAM BIREUEN,Pemerintahan,BL-2734-ZB,ACEH,JLN. SULTAN MALIKUSSALEH DS. COT GAPU KEC. KOTA JUANG KAB. BIREUE,85220237804,C1,Merah - Kendaraan Pemerintah,2025-05-08,2026-03-02,BELUM LUNAS,BELUM DIKUNJUNGI
DINAS SYARIAT ISLAM BIREUEN,Pemerintahan,BL-2722-ZB,ACEH,JLN. SULTAN MALIKUSSALEH DS. COT GAPU KEC. KOTA JUANG KAB. BIREUE,85260523056,C1,Merah - Kendaraan Pemerintah,2025-06-23,2026-03-02,BELUM LUNAS,BELUM DIKUNJUNGI
DINAS SYARIAT ISLAM BIREUEN,Pemerintahan,BL-2757-ZB,ACEH,JLN. SULTAN MALIKUSSALEH DS. COT GAPU,85277233565,C1,Merah - Kendaraan Pemerintah,2025-05-19,2026-03-02,BELUM LUNAS,BELUM DIKUNJUNGI
DINAS SYARIAT ISLAM BIREUEN,Pemerintahan,BL-2800-ZB,ACEH,JLN. SULTAN MALIKUSSALEH DS. COT GAPU KEC KOTA JUANG KAB. BIREUEN,81260972215,C1,Hitam - Kendaraan Pribadi,2025-07-18,2026-03-02,BELUM LUNAS,BELUM DIKUNJUNGI
DINAS SYARIAT ISLAM BIREUEN,Pemerintahan,BL-2753-ZB,ACEH,JLN. SULTAN MALIKUSSALEH DS. COT GAPU KEC. KOTA JUANG KAB. BIREUE,85260111111,C1,Merah - Kendaraan Pemerintah,2024-12-31,2026-03-02,BELUM LUNAS,BELUM DIKUNJUNGI
DINAS SYARIAT ISLAM BENER MERIAH,Pemerintahan,BL-2025-YB,ACEH,KOMPLEK PERKANTORAN PEMDA BENER MERIAH KEL SERULE KAYU KEC.BUKIT,882022415422,C1,Merah - Kendaraan Pemerintah,2025-08-29,2026-05-20,BELUM LUNAS,BELUM DIKUNJUNGI
DINAS SYARIAT ISLAM,Pemerintahan,BL-2670-ZB,ACEH,JL SULTAN MALIKUSSALEH DS COT GAPU KEC KOTA JUANG KAB BIREUEN,81263479399,C1,Merah - Kendaraan Pemerintah,2025-01-14,2025-08-04,LUNAS,BELUM DIKUNJUNGI
DINAS SYARIAT ISLAM,Pemerintahan,BL-2564-ZB,ACEH,JL SULTAN MALIKUSSALEH DS COT GAPU KEC. KOTA JUANG KAB. BIREUEN,85260291444,C1,Merah - Kendaraan Pemerintah,2024-12-31,2025-12-16,BELUM LUNAS,BELUM DIKUNJUNGI
DINAS SYARIAT ISLAM,Pemerintahan,BL-2648-ZB,ACEH,JL SULTAN MALIKUSSALEH DS COT GAPU KEC. KOTA JUANG KAB. BIREUEN,85263625242,C1,Merah - Kendaraan Pemerintah,2025-01-15,2025-08-04,LUNAS,BELUM DIKUNJUNGI
DINAS SYARIAT ISLAM,Pemerintahan,BL-2653-ZB,ACEH,JL SULTAN MALIKUSSALEH DS COT GAPU,85372995291,C1,Merah - Kendaraan Pemerintah,2024-08-01,2025-08-04,LUNAS,BELUM DIKUNJUNGI
DINAS SYARIAT ISLAM,Pemerintahan,BL-2667-ZB,ACEH,JL SULTAN MALIKUSSALEH DS COT GAPU,82246856584,C1,Merah - Kendaraan Pemerintah,2024-08-06,2025-08-04,LUNAS,BELUM DIKUNJUNGI
DINAS SYARIAT ISLAM,Pemerintahan,BL-2548-ZB,ACEH,JL SULTAN MALIKUSSALEH DESA COT GAPU KEC KOTA JUANG KAB BIREUEN,81375232967,C1,Merah - Kendaraan Pemerintah,2024-12-13,2025-12-16,BELUM LUNAS,BELUM DIKUNJUNGI
DINAS SYARIAT ISLAM,Pemerintahan,BL-2516-ZB,ACEH,JL SULTAN MALIKUSSALEH DS. COT GAPU KEC. KOTA JUANG KAB. BIREUEN,85270835380,C1,Merah - Kendaraan Pemerintah,2024-12-17,2025-12-16,BELUM LUNAS,BELUM DIKUNJUNGI
DINAS SEKRETARIAT DAERAH KABACEH T,Pemerintahan,BL-2959-GC,ACEH,JALAN COMMODORRE YOS SUDARSO NO 01 TAKENGON DS.BLANG KOLAK I KEC.,82163546684,C1,Merah - Kendaraan Pemerintah,2025-03-18,2026-02-16,BELUM LUNAS,BELUM DIKUNJUNGI
DINAS PP PA DAN KB KABBENER MERIAH,Pemerintahan,BL-2116-YB,ACEH,KOMP.PERKANTORAN PEMDA BENER MERIAH DS.SERULE KAYU KEC. BUKIT KAB,85372028802,C1,Merah - Kendaraan Pemerintah,2025-01-02,2025-11-07,BELUM LUNAS,BELUM DIKUNJUNGI
DINAS PP PA DAN KB KABBENER MERIAH,Pemerintahan,BL-2078-YB,ACEH,KOMP.PERKANTORAN PEMDA BENER MERIAH DS.SERULE KAYU,85372028802,C1,Merah - Kendaraan Pemerintah,2024-12-31,2025-10-31,BELUM LUNAS,BELUM DIKUNJUNGI
DINAS PP PA DAN KB KAB BENER MERIAH,Pemerintahan,BL-2087-YB,ACEH,KOMP.PERKANTORAN PEMDA BENER MERIAH DS.SERULE KAYU,85372028802,C1,Merah - Kendaraan Pemerintah,2024-12-31,2025-10-24,BELUM LUNAS,BELUM DIKUNJUNGI
DINAS PP PA DAN KB KAB BENER MERIAH,Pemerintahan,BL-2051-YB,ACEH,KOMP PERKANTORAN PEMDA DS SERULE KAYU KEC BUKIT KAB. BENER MERIAH,85372028802,C1,Merah - Kendaraan Pemerintah,2025-01-03,2025-10-11,BELUM LUNAS,BELUM DIKUNJUNGI
DINAS PP PA DAN KB KAB BENER MERIAH,Pemerintahan,BL-2053-YB,ACEH,KOMP PERKANTORAN PEMDA DS SERULE KAYU KEC. BUKIT KAB. BENER MERIA,85372028802,C1,Merah - Kendaraan Pemerintah,2024-12-31,2025-10-11,BELUM LUNAS,BELUM DIKUNJUNGI
DINAS PP PA DAN KB KAB BENER MERIAH,Pemerintahan,BL-2058-YB,ACEH,KOMP PERKANTORAN PEMDA DS SERULE KAYU KEC BUKIT KAB BENER MERIAH,85372028802,C1,Merah - Kendaraan Pemerintah,2024-12-31,2025-10-11,BELUM LUNAS,BELUM DIKUNJUNGI
DINAS PP PA DAN KB KAB BENER MERIAH,Pemerintahan,BL-2089-YB,ACEH,KOMP.PERKANTORAN PEMDA BENER MERIAH DS.SERULE KAYU KEC.BUKIT KAB.,85372028802,C1,Merah - Kendaraan Pemerintah,2025-01-03,2025-10-24,BELUM LUNAS,BELUM DIKUNJUNGI
DINAS PP PA DAN KB KAB BENER MERIAH,Pemerintahan,BL-2059-YB,ACEH,KOMP PERKANTORAN PEMDA DS SERULE KAYU KEC BUKIT KAB BENER MERIAH,85370028802,C1,Merah - Kendaraan Pemerintah,2025-01-02,2025-10-11,BELUM LUNAS,BELUM DIKUNJUNGI
DINAS PP PA DAN KB KAB BENER MERIAH,Pemerintahan,BL-2060-YB,ACEH,KOMP PERKANTORAN PEMDA DS SERULE KAYU KEC BUKIT KAB BENER MERIAH,85372028802,C1,Merah - Kendaraan Pemerintah,2024-12-31,2025-10-11,BELUM LUNAS,BELUM DIKUNJUNGI
DINAS PP PA DAN KB KAB BENER MERIAH,Pemerintahan,BL-2088-YB,ACEH,KOMP.PERKANTORAN PEMDA BENER MERIAH DS.SERULE KAYU KEC.BUKIT KAB.,85372028802,C1,Merah - Kendaraan Pemerintah,2024-12-31,2025-10-24,BELUM LUNAS,BELUM DIKUNJUNGI
DINAS PP PA DAN KB KAB BENER MERIAH,Pemerintahan,BL-2052-YB,ACEH,KOMP PERKANTORAN PEMDA DS SERULE KAYU KEC. BUKIT KAB BENER MERIAH,85372028802,C1,Merah - Kendaraan Pemerintah,2025-01-03,2025-10-11,BELUM LUNAS,BELUM DIKUNJUNGI
DINAS PP PA DAN KB KAB BENER MERIAH,Pemerintahan,BL-2056-YB,ACEH,KOMP PERKANTORAN PEMDA DS SERULE KAYU KEC BUKIT KAB BENER MERIAH,85372028802,C1,Merah - Kendaraan Pemerintah,2025-01-02,2025-10-11,BELUM LUNAS,BELUM DIKUNJUNGI
DINAS PP PA DAN KB KAB BENER MERIAH,Pemerintahan,BL-2057-YB,ACEH,KOMP PERKANTORAN PEMDA DS SERULE KAYU KEC BUKIT KAB BENER MERIAH,85372028802,C1,Merah - Kendaraan Pemerintah,2024-12-31,2025-10-11,BELUM LUNAS,BELUM DIKUNJUNGI
DINAS PP PA DAN KB KAB BENER MERIAH,Pemerintahan,BL-2061-YB,ACEH,KOMP PERKANTORAN PEMDA DS SERULE KAYU KEC BUKIT KAB. BENER MERIAH,85372028802,C1,Merah - Kendaraan Pemerintah,2024-12-31,2025-10-11,BELUM LUNAS,BELUM DIKUNJUNGI
DINAS PP PA DAN KB KAB BENER MERIAH,Pemerintahan,BL-2055-YB,ACEH,KOMP PERKANTORAN PEMDA DS SERULE KAYU KEC BUKIT KAB BENER MERIAH,85372028802,C1,Merah - Kendaraan Pemerintah,2025-01-02,2025-10-11,BELUM LUNAS,BELUM DIKUNJUNGI
DINAS PP PA DAN KB KAB BENER MERIAH,Pemerintahan,BL-2054-YB,ACEH,KOMP PERKANTORAN PEMDA DS SERULE KAYU KEC BUKIT KAB BENER MERIAH,85372028802,C1,Merah - Kendaraan Pemerintah,2024-12-31,2025-10-11,BELUM LUNAS,BELUM DIKUNJUNGI
DINAS PPPA DAN KB,Pemerintahan,BL-2140-YB,ACEH,JLN SIMPANG TERITIT DS.PONDOK BARU KOMPLEK PERKANTORAN PEMDA KEC.,85372028802,C1,Merah - Kendaraan Pemerintah,2025-01-02,2025-09-29,BELUM LUNAS,BELUM DIKUNJUNGI
DINAS PPPA DAN KB,Pemerintahan,BL-2141-YB,ACEH,JLN SIMPANG TERITIT DS.PONDOK BARU KOMPLEK PERKANTORAN PEMDA KEC.,85372028802,C1,Merah - Kendaraan Pemerintah,2024-12-31,2025-09-29,BELUM LUNAS,BELUM DIKUNJUNGI
DINAS PETERNAKAN DAN PERIKANAN,Pemerintahan,BL-2500-GC,ACEH,JL.LUKUP BADAK KOMP.BBI LUKUB BADAK KEC PEGASING KAB ACEH TENGAH,85260859467,C1,Merah - Kendaraan Pemerintah,2024-12-23,2025-12-19,BELUM LUNAS,BELUM DIKUNJUNGI
DINAS PETERNAKAN DAN PERIKANAN,Pemerintahan,BL-2498-GC,ACEH,JL.LUKUP BADAK KOMP.BBI LUKUP BADAK KEC PEGASING KAB ACEH TENGAH,82237490001,C1,Merah - Kendaraan Pemerintah,2024-12-16,2025-12-19,BELUM LUNAS,BELUM DIKUNJUNGI
DINAS PETERNAKAN DAN PERIKANAN,Pemerintahan,BL-2503-GC,ACEH,JL.LUKUP BADAK KOMP.BBI LUKUB BADAK KEC. PEGASING KAB. ACEH TENGA,82218986398,C1,Merah - Kendaraan Pemerintah,2024-12-27,2025-12-23,BELUM LUNAS,BELUM DIKUNJUNGI
DINAS PERTANIAN TP  PETERNAKAN KAB,Pemerintahan,BL-2168-KC,ACEH,JL.MEDAN B.ACEH KEL.KOTA LHOKSUKON,85262606617,C1,Merah - Kendaraan Pemerintah,2025-05-15,2025-10-22,BELUM LUNAS,BELUM DIKUNJUNGI
DINAS PERTANIAN TP  PETERNAKAN KAB,Pemerintahan,BL-2147-KC,ACEH,JL.MEDAN-B.ACEH KEL KOTA LHOKSUKON,823456789,C1,Merah - Kendaraan Pemerintah,2026-04-21,2026-07-22,BELUM LUNAS,BELUM DIKUNJUNGI
DINAS PERTANIAN TANAMAN PANGAN  PE,Pemerintahan,BL-2491-ND,ACEH,JL. ISKANDAR MUDA NO. 1A KEL. KAMPUNG JAWA LAMA KEC. BANDA SAKTI,85295877451,C1,Merah - Kendaraan Pemerintah,2025-06-16,2026-06-20,BELUM LUNAS,BELUM DIKUNJUNGI
DINAS PERTANIAN TANAMAN PANGAN KAB,Pemerintahan,BL-2678-GC,ACEH,JL TAKENGON-ISAQ KM 7 DS KUNG KEC PEGASING KAB ACEH TENGAH,85249355845,C1,Merah - Kendaraan Pemerintah,2024-12-03,2025-10-15,BELUM LUNAS,BELUM DIKUNJUNGI
DINAS PERTANIAN TANAMAN PANGAN,Pemerintahan,BL-2983-Q,ACEH,LHOKSUKON ACEH UTARA,85236598741,C1,Merah - Kendaraan Pemerintah,2025-01-14,2025-10-17,BELUM LUNAS,BELUM DIKUNJUNGI
DINAS PERTANIAN TANAMAN PANGAN,Pemerintahan,BL-8007-KI,ACEH,JLN MEDAN B ACEH LHOKSUKON,0,DP,Merah - Kendaraan Pemerintah,2025-05-06,2026-01-31,BELUM LUNAS,BELUM DIKUNJUNGI
DINAS PERTANIAN KAB BIREUEN,Pemerintahan,BL-2523-ZD,ACEH,JL.B. ACEH - MEDAN KM.214 KEL. BLANG BLADEH KEC. JEUMPA KAB. BIRE,85260369940,C1,Merah - Kendaraan Pemerintah,2024-12-30,2025-10-20,BELUM LUNAS,BELUM DIKUNJUNGI
DINAS PERTANIAN KAB BIREUEN,Pemerintahan,BL-2529-ZD,ACEH,JL.B. ACEH - MEDAN KM.214 KEL. BLANG BLADEH KEC. JEUMPA KAB. BIRE,85260563069,C1,Merah - Kendaraan Pemerintah,2024-10-15,2025-10-20,BELUM LUNAS,BELUM DIKUNJUNGI
DINAS PERTANIAN KAB BIREUEN,Pemerintahan,BL-2527-ZD,ACEH,JL.B. ACEH - MEDAN KM.214 KEL. BLANG BLADEH KEC. JEUMPA KAB. BIRE,85762563545,C1,Merah - Kendaraan Pemerintah,2024-10-17,2025-10-20,BELUM LUNAS,BELUM DIKUNJUNGI
DINAS PERTANIAN DAN PANGAN KAB BEN,Pemerintahan,BL-2038-YE,ACEH,JL. KOMPLEK PERKANTORAN PEMDA BENER MERIAH KEL SERULE KAYU KEC BU,8,C1,Merah - Kendaraan Pemerintah,2024-11-26,2025-11-01,BELUM LUNAS,BELUM DIKUNJUNGI
DINAS PERTANIAN DAN PANGAN KAB BEN,Pemerintahan,BL-2087-YA,ACEH,JL. KOMPLEK PERKANTORAN PEMDA BENER MERIAH KEL SERULE KAYU KEC BU,8,C1,Merah - Kendaraan Pemerintah,2024-12-17,2025-11-28,BELUM LUNAS,BELUM DIKUNJUNGI
DINAS PERTANIAN DAN PANGAN KABACEH,Pemerintahan,BL-2361-NE,ACEH,JL.ISKANDAR MUDA NO.1 KAMPUNG JAWA LAMA,80000000000,C1,Merah - Kendaraan Pemerintah,2025-08-15,2026-07-22,LUNAS,BELUM DIKUNJUNGI
DINAS PERTANIAN DAN PANGAN KAB ACE,Pemerintahan,BL-2932-NE,ACEH,JL ISKANDAR MUDA NO 1 KEL. KAMPUNG JAWA LAMA,85236598741,C1,Merah - Kendaraan Pemerintah,2025-04-29,2026-05-17,BELUM LUNAS,BELUM DIKUNJUNGI
DINAS PERTANIAN DAN PANGAN KAB ACE,Pemerintahan,BL-2822-NE,ACEH,JL ISKANDAR MUDA NO 1 KAMPUNG JAWA LAMA KEL. KAMPUNG JAWA LHOKSEU,85260024524,C1,Merah - Kendaraan Pemerintah,2025-03-10,2026-02-28,BELUM LUNAS,BELUM DIKUNJUNGI
DINAS PERTANIAN DAN PANGAN KAB ACE,Pemerintahan,BL-2852-NE,ACEH,JL ISKANDAR MUDA NO 1 A KEL. KAMPUNG JAWA,85236598741,C1,Merah - Kendaraan Pemerintah,2025-06-20,2026-02-28,BELUM LUNAS,BELUM DIKUNJUNGI
DINAS PERHUBUNGAN KAB BIREUEN,Pemerintahan,BL-8073-Z,ACEH,JL. MEDAN BANDA ACEH KM.210 KEL. BLANG BLADEH KEC. JEUMPA KAB. BI,85260691145,F,Merah - Kendaraan Pemerintah,2025-09-23,2026-07-29,BELUM LUNAS,BELUM DIKUNJUNGI
DINAS PERHUBUNGAN KAB ACEH TENGAH,Pemerintahan,BL-7088-GB,ACEH,JL. YOS SUDARSO NO.222 TAKENGON KEC. BEBESEN KAB. ACEH TENGAH,81360697770,EP,Merah - Kendaraan Pemerintah,2025-09-12,2025-12-01,BELUM LUNAS,BELUM DIKUNJUNGI
DINAS PENGELOLA KEUANGAN DAN ASET D,Pemerintahan,BL-1074-NV,ACEH,JL. MERDEKA NO. 145 LHOKSEUMAWE KEC. BANDA SAKTI KOTA LHOKSEUMAWE,81360016002,DP,Merah - Kendaraan Pemerintah,2025-06-16,2026-03-02,BELUM LUNAS,BELUM DIKUNJUNGI
DINAS PENGELOLA KEUANGAN DAN ASET D,Pemerintahan,BL-2006-ND,ACEH,JL. MERDEKA NO. 2 LHOKSEUMAWE KEC. BANDA SAKTI KOTA LHOKSEUMAWE,81260646645,C1,Merah - Kendaraan Pemerintah,2025-12-10,2026-06-28,BELUM LUNAS,BELUM DIKUNJUNGI
DINAS PENGELOLA KEUANGAN  ASET DAE,Pemerintahan,BL-2367-ND,ACEH,JL. MERDEKA NO. 145 KEL. KUTA BLANG KEC. BANDA SAKTI KOTA LHOKSEU,81111111111,C1,Merah - Kendaraan Pemerintah,2025-08-14,2026-07-09,BELUM LUNAS,BELUM DIKUNJUNGI
DINAS PENGELOLA KEUANGAN  ASET DAE,Pemerintahan,BL-2354-ND,ACEH,JL. MERDEKA NO. 145 KEL. KUTA BLANG KEC. BANDA SAKTI KOTA LHOKSEU,81111111111,C1,Merah - Kendaraan Pemerintah,2025-08-14,2026-07-09,BELUM LUNAS,BELUM DIKUNJUNGI
DINAS PENGELOLA KEUANGAN  ASET DAE,Pemerintahan,BL-2375-ND,ACEH,JL.MERDEKA NO.145 KUTA BLANG,85371666515,C1,Merah - Kendaraan Pemerintah,2025-06-25,2026-07-09,BELUM LUNAS,BELUM DIKUNJUNGI
DINAS PENGELOLAAN KEU DAN ASET DAER,Pemerintahan,BL-1097-NK,ACEH,JL. PASAR INPRES NO. 13-14 KEC. BANDA SAKTI KOTA LHOKSEUMAWE,823566767,DP,Merah - Kendaraan Pemerintah,2025-08-11,2026-08-02,LUNAS,BELUM DIKUNJUNGI
DINAS PENGELOLAAN KEUANGAN  KEKAYA,Pemerintahan,BL-1040-YV,ACEH,JL SERULE KAYU BALE ATU KEC.BUKIT. KAB.BENER MERIAH,85263212320,DP,Merah - Kendaraan Pemerintah,2026-04-20,2026-08-02,BELUM LUNAS,BELUM DIKUNJUNGI
DINAS PENGELOLAAN KEUANGAN KABATE,Pemerintahan,BL-2495-GC,ACEH,JL.LEMBAGA NO.130 TAKENGON DS.BLANG KOLAK II KEC. BEBESEN KAB. AC,85260664307,C1,Merah - Kendaraan Pemerintah,2024-12-03,2025-11-28,BELUM LUNAS,BELUM DIKUNJUNGI
DINAS PENGELOLAAN KEUANGAN KABATE,Pemerintahan,BL-2497-GC,ACEH,DS.BLANG KOLAK II KEC. BEBESEN KAB. ACEH TENGAH,82272875857,C1,Merah - Kendaraan Pemerintah,2024-11-19,2025-11-24,BELUM LUNAS,BELUM DIKUNJUNGI
DINAS PENGELOLAAN KEUANGAN KABATE,Pemerintahan,BL-2496-GC,ACEH,DS.BLANG KOLAK II KEC. BEBESEN KAB. ACEH TENGAH,85236642740,C1,Merah - Kendaraan Pemerintah,2024-11-28,2025-11-27,BELUM LUNAS,BELUM DIKUNJUNGI
DINAS PENGELOLAAN KEUANGAN KABACEH,Pemerintahan,BL-2762-GC,ACEH,JL.LEMBAGA NO.130 TAKENGON DS.BLANG KOLAK II KEC. BEBESEN KAB. AC,81360014171,C1,Merah - Kendaraan Pemerintah,2025-08-26,2026-07-12,BELUM LUNAS,BELUM DIKUNJUNGI
DINAS PENGAIRAN  ESDM KABACEH UTA,Pemerintahan,BL-2248-KD,ACEH,KOMPLEK PERKANTORAN KEL.KOTA LHOKSUKON,81362848089,C1,Merah - Kendaraan Pemerintah,2025-07-29,2026-02-15,BELUM LUNAS,BELUM DIKUNJUNGI
DINAS PENDIDIKAN KABACEH TENGAH,Pemerintahan,BL-2386-GC,ACEH,DS.KUNG KEC. PEGASING KAB. ACEH TENGAH,8116810550,C1,Merah - Kendaraan Pemerintah,2024-12-02,2025-08-21,LUNAS,BELUM DIKUNJUNGI
DINAS PENDIDIKAN KABACEH TENGAH,Pemerintahan,BL-2384-GC,ACEH,JL.TAKENGON-ISAQ DS.KUNG KEC. PEGASING KAB. ACEH TENGAH,80000000000,C1,Merah - Kendaraan Pemerintah,2024-08-21,2025-08-25,LUNAS,BELUM DIKUNJUNGI
DINAS PENDIDIKAN KABACEH TENGAH,Pemerintahan,BL-2389-GC,ACEH,DS.KUNG KEC. ATU LINTANG KAB. ACEH TENGAH,85263251463,C1,Merah - Kendaraan Pemerintah,2024-09-17,2025-08-21,LUNAS,BELUM DIKUNJUNGI
DINAS PENDIDIKAN KABACEH TENGAH,Pemerintahan,BL-2531-GC,ACEH,JL.TAKENGON-ISAQ DS.KUNG,85261923502,C1,Merah - Kendaraan Pemerintah,2024-10-17,2025-08-17,LUNAS,BELUM DIKUNJUNGI
DINAS PENDIDIKAN,Pemerintahan,BL-2209-GC,ACEH,DS.LUKUP BADAK KEC. PEGASING KAB. ACEH TENGAH,85277196036,C1,Merah - Kendaraan Pemerintah,2025-01-20,2026-01-20,BELUM LUNAS,BELUM DIKUNJUNGI
DINAS PENDAPATAN  ASET KABATENGA,Pemerintahan,BL-2350-GC,ACEH,JL.YOS SUDARSO NO.165 BLANG KOLAK I KEC. BEBESEN KAB. ACEH TENGAH,85276352620,C1,Merah - Kendaraan Pemerintah,2025-07-25,2026-07-30,BELUM LUNAS,BELUM DIKUNJUNGI
DINAS PENDAPATAN  ASET KABATENGA,Pemerintahan,BL-2349-GC,ACEH,JL.YOS SUDARSO NO.165 BLANG KOLAK KEC. BEBESEN KAB. ACEH TENGAH,8116704484,C1,Merah - Kendaraan Pemerintah,2025-08-05,2026-07-30,BELUM LUNAS,BELUM DIKUNJUNGI
DINAS PENDAPATAN  ASET KABATENGA,Pemerintahan,BL-2348-GC,ACEH,DS BLANG KOLAK I KEC. BEBESEN KAB. ACEH TENGAH,81377161921,C1,Merah - Kendaraan Pemerintah,2025-07-24,2026-07-30,BELUM LUNAS,BELUM DIKUNJUNGI
DINAS PEMBERDAYAAN MASYARAKAT PENGE,Pemerintahan,BL-2383-KD,ACEH,JLN. BANDA ACEH-MEDAN KEL. SIMPANG LANDENG,81360658281,C1,Merah - Kendaraan Pemerintah,2024-10-09,2025-08-28,BELUM LUNAS,BELUM DIKUNJUNGI
DINAS PEMBERDAYAAN MASYARAKAT PENGE,Pemerintahan,BL-2402-KD,ACEH,JLN BANDA ACEH - MEDAN KEL. SIMPANG LANDENG KEC. LHOKSUKON KAB.AC,85262603994,C1,Merah - Kendaraan Pemerintah,2024-09-24,2025-09-24,BELUM LUNAS,BELUM DIKUNJUNGI
DINAS PEMBERDAYAAN MASYARAKAT PENGE,Pemerintahan,BL-2394-KD,ACEH,JLN BANDA ACEH - MEDAN KEL. SIMPANG LANDENG KEC. LHOKSUKON KAB.AC,81377108680,C1,Merah - Kendaraan Pemerintah,2024-10-02,2025-09-24,BELUM LUNAS,BELUM DIKUNJUNGI
DINAS PEMBERDAYAAN MASYARAKAT PENGE,Pemerintahan,BL-2434-KD,ACEH,JL. BANDA ACEH-MEDAN DS. SIMPANG LANDENG KEC. LHOKSUKON KAB. ACEH,81108134107,C1,Merah - Kendaraan Pemerintah,2024-10-07,2025-08-13,LUNAS,BELUM DIKUNJUNGI
DINAS PEMBERDAYAAN MASYARAKAT PENGE,Pemerintahan,BL-2381-KD,ACEH,JLN. BANDA ACEH-MEDAN KEL. SIMPANG LANDENG KEC. LHOKSUKON,85211081041,C1,Merah - Kendaraan Pemerintah,2024-08-26,2025-08-28,BELUM LUNAS,BELUM DIKUNJUNGI
DINAS PEMBERDAYAAN MASYARAKAT PENGE,Pemerintahan,BL-2379-KD,ACEH,JLN. BANDA ACEH-MEDAN KEL. SIMPANG LANDENG,85265848228,C1,Merah - Kendaraan Pemerintah,2024-10-03,2025-08-28,BELUM LUNAS,BELUM DIKUNJUNGI
DINAS PEMBERDAYAAN MASYARAKAT PENGE,Pemerintahan,BL-2399-KD,ACEH,JLN BANDA ACEH - MEDAN KEL. SIMPANG LANDENG KEC. LHOKSUKON KAB.AC,85372154885,C1,Merah - Kendaraan Pemerintah,2024-08-22,2025-09-24,BELUM LUNAS,BELUM DIKUNJUNGI
DINAS PEMBERDAYAAN MASYARAKAT PENGE,Pemerintahan,BL-2453-KD,ACEH,JL BANDA ACEH - MEDAN KEL. SIMPANG LANDENG KEC. LHOKSUKON KAB. AC,8111111111,C1,Merah - Kendaraan Pemerintah,2024-10-02,2025-08-13,LUNAS,BELUM DIKUNJUNGI
DINAS PEMBERDAYAAN MASYARAKAT PENGE,Pemerintahan,BL-2408-KD,ACEH,JLN BANDA ACEH - MEDAN KEL. SIMPANG LANDENG,81108080107,C1,Merah - Kendaraan Pemerintah,2024-10-04,2025-09-24,BELUM LUNAS,BELUM DIKUNJUNGI
DINAS PEMBERDAYAAN MASYARAKAT PENGE,Pemerintahan,BL-2437-KD,ACEH,JL. BANDA ACEH-MEDAN DS. SIMPANG LANDENG KEC. LHOKSUKON KAB. ACEH,82370316575,C1,Merah - Kendaraan Pemerintah,2024-10-04,2025-08-13,LUNAS,BELUM DIKUNJUNGI
DINAS PEMBERDAYAAN MASYARAKAT PENGE,Pemerintahan,BL-2393-KD,ACEH,JLN. BANDA ACEH-MEDAN KEL. SIMPANG LANDENG KEC. LHOKSUKON,8123456789,C1,Merah - Kendaraan Pemerintah,2024-10-04,2025-08-28,BELUM LUNAS,BELUM DIKUNJUNGI
DINAS PEMBERDAYAAN MASYARAKAT PENGE,Pemerintahan,BL-2442-KD,ACEH,JL. BANDA ACEH-MEDAN DS. SIMPANG LANDENG KEC. LHOKSUKON KAB. ACEH,85277800000,C1,Merah - Kendaraan Pemerintah,2024-10-07,2025-08-13,LUNAS,BELUM DIKUNJUNGI
DINAS PEMBERDAYAAN MASYARAKAT PENGE,Pemerintahan,BL-2395-KD,ACEH,JLN BANDA ACEH - MEDAN KEL. SIMPANG LANDENG,85240565140,C1,Merah - Kendaraan Pemerintah,2024-10-04,2025-09-24,BELUM LUNAS,BELUM DIKUNJUNGI
DINAS PEMBERDAYAAN MASYARAKAT PENGE,Pemerintahan,BL-2418-KD,ACEH,JLN BANDA ACEH - MEDAN KEL. SIMPANG LANDENG,81108043011,C1,Merah - Kendaraan Pemerintah,2024-09-26,2025-09-24,BELUM LUNAS,BELUM DIKUNJUNGI
DINAS PANGAN KABACEH TENGAH,Pemerintahan,BL-2690-GC,ACEH,LUKUP BADAK DS.WIH NAREH KEC. PEGASING KAB. ACEH TENGAH,85277874063,C1,Merah - Kendaraan Pemerintah,2025-08-06,2026-07-27,BELUM LUNAS,BELUM DIKUNJUNGI
DINAS LINGKUNGAN HIDUP KABUPATEN AC,Pemerintahan,BL-8072-GB,ACEH,JL. COMMODORE YOS SUDARSO NO. 05 TAKENGON KAB ACEH TENGAH,8,F,Merah - Kendaraan Pemerintah,2025-03-24,2026-03-13,BELUM LUNAS,BELUM DIKUNJUNGI
DINAS LINGKUNGAN HIDUP KAB ACEH TEN,Pemerintahan,BL-2029-GA,ACEH,JL. YOS SUDARSO NO.5 KEL BLANG KOLAK II KEC BEBESEN KABUPATEN ACE,8,C1,Merah - Kendaraan Pemerintah,2025-02-19,2026-01-25,BELUM LUNAS,BELUM DIKUNJUNGI
DINAS LINGKUNGAN HIDUP DAN KEHUTANA,Pemerintahan,BL-2034-Z,ACEH,JALAN T. CHIEK DI TIRO KEC KOTA JUANG KABUPATEN BIREUEN,8,C1,Merah - Kendaraan Pemerintah,2025-05-21,2026-05-08,BELUM LUNAS,BELUM DIKUNJUNGI
DINAS LINGKUNGAN HIDUP DAN KEHUTANA,Pemerintahan,BL-2035-Z,ACEH,JALAN T. CHIEK DI TIRO KEC KOTA JUANG KABUPATEN BIREUEN,8,C1,Merah - Kendaraan Pemerintah,2025-05-21,2026-05-08,BELUM LUNAS,BELUM DIKUNJUNGI
DINAS LINGKUNGAN HIDUP DAN KEBERSIH,Pemerintahan,BL-1018-KG,ACEH,JL. EXXON MOBIL LADING,85111081801,DP,Merah - Kendaraan Pemerintah,2024-10-25,2025-10-23,BELUM LUNAS,BELUM DIKUNJUNGI
DINAS KOMUNIKASI DAN INFORMATIKA KA,Pemerintahan,BL-8014-GC,ACEH,JL. TAKENGON-ISAQ KOMP. PERKANTORAN PEGASING KAB. ACEH TENGAH,81343209551,F,Merah - Kendaraan Pemerintah,2026-02-04,2026-05-05,BELUM LUNAS,BELUM DIKUNJUNGI
DINAS KESEHATAN PEMERINTAH KOTA LHO,Pemerintahan,BL-2395-ND,ACEH,JL. SAMUDERA KOTA LHOKSEUMAWE KEC. BANDA SAKTI KOTA LHOKSEUMAWE,85260155815,C1,Merah - Kendaraan Pemerintah,2024-12-30,2025-12-27,BELUM LUNAS,BELUM DIKUNJUNGI
DINAS KESEHATAN PEMERINTAH KOTA LHO,Pemerintahan,BL-2387-ND,ACEH,JL. SAMUDERA KEL. KOTA LHOKSEUMAWE KEC. BANDA SAKTI KOTA LHOKSEUM,81360719904,C1,Merah - Kendaraan Pemerintah,2024-12-12,2025-12-27,BELUM LUNAS,BELUM DIKUNJUNGI
DINAS KESEHATAN PEMERINTAH KOTA LHO,Pemerintahan,BL-2403-ND,ACEH,JL.SAMUDERA KOTA LHOKSEUMAWE,82316854036,C1,Merah - Kendaraan Pemerintah,2024-12-30,2025-12-27,BELUM LUNAS,BELUM DIKUNJUNGI
DINAS KESEHATAN PEMERINTAH KOTA LHO,Pemerintahan,BL-2393-ND,ACEH,JL. SAMUDERA KEL. KOTA LHOKSEUMAWE KEC. BANDA SAKTI KOTA LHOKSEUM,85260121700,C1,Merah - Kendaraan Pemerintah,2024-12-23,2025-12-27,BELUM LUNAS,BELUM DIKUNJUNGI
DINAS KESEHATAN PEMERINTAHAN KOTA L,Pemerintahan,BL-2396-ND,ACEH,JL. SAMUDERA KEL. KOTA LHOKSEUMAWE KEC. BANDA SAKTI KOTA LHOKSEUM,85214964560,C1,Merah - Kendaraan Pemerintah,2024-12-04,2025-12-27,BELUM LUNAS,BELUM DIKUNJUNGI
DINAS KESEHATAN  KESSOS KABBENER,Pemerintahan,BL-1035-YV,ACEH,JL.RAMBELE NO.PANTE RAYA KEC.WIH PESAM KAB.BENER MERIAH,85260577434,A,Merah - Kendaraan Pemerintah,2025-02-12,2026-01-10,BELUM LUNAS,BELUM DIKUNJUNGI
DINAS KESEHATAN KABUPATEN BIREUN,Pemerintahan,BL-8086-Z,ACEH,JL.BANDA ACEH - MEDAN KM216 DESA BLANG COT TUNONG KEC. JEUMPA KAB,85270517038,F,Merah - Kendaraan Pemerintah,2024-11-21,2025-11-04,BELUM LUNAS,BELUM DIKUNJUNGI
DINAS KESEHATAN KABUPATEN BIREUEN,Pemerintahan,BL-9049-ZA,ACEH,JL.MAYJEND T.HAMZAH BENDAHARA NO.13 KEC. KOTA JUANG KAB. BIREUEN,85260573124,A,Merah - Kendaraan Pemerintah,2025-05-19,2026-03-14,BELUM LUNAS,BELUM DIKUNJUNGI
DINAS KESEHATAN KABUPATEN BIREUEN,Pemerintahan,BL-9057-ZA,ACEH,JL LINTAS MEDAN-BANDA ACEH DS. COT KEUTAPANG KEC. JEUMPA KAB. BIR,81394772754,A,Merah - Kendaraan Pemerintah,2025-09-16,2026-07-27,BELUM LUNAS,BELUM DIKUNJUNGI
DINAS KESEHATAN KABUPATEN BIREUEN,Pemerintahan,BL-9003-Z,ACEH,JL BANDA ACEH - MEDAN KM 216 DESA BLANG COT TUNONG KEC JEUMPA KAB,80000000000,A,Merah - Kendaraan Pemerintah,2024-10-14,2025-09-30,BELUM LUNAS,BELUM DIKUNJUNGI
DINAS KESEHATAN KABUPATEN BIREUEN,Pemerintahan,BL-9002-Z,ACEH,JL BANDA ACEH - MEDAN KM 216 DESA BLANG COT TUNONG KEC JEUMPA KAB,80000000000,A,Merah - Kendaraan Pemerintah,2024-10-14,2025-09-30,BELUM LUNAS,BELUM DIKUNJUNGI
DINAS KESEHATAN KABUPATEN BIREUEN,Pemerintahan,BL-9005-Z,ACEH,JL BANDA ACEH - MEDAN KM 216 DESA BLANG COT TUNONG KEC JEUMPA KAB,80000000000,A,Merah - Kendaraan Pemerintah,2024-10-14,2025-09-30,BELUM LUNAS,BELUM DIKUNJUNGI
DINAS KESEHATAN KABUPATEN BIREUEN,Pemerintahan,BL-9002-ZK,ACEH,JL. MAYJEND T. HAMZAH BENDAHARA NO.13 KEC. JEUMPA KAB. BIREUEN,85261958640,A,Merah - Kendaraan Pemerintah,2025-11-08,2026-01-16,BELUM LUNAS,BELUM DIKUNJUNGI
DINAS KESEHATAN KABUPATEN BIREUEN,Pemerintahan,BL-2445-ZD,ACEH,JL MEDAN BANDA ACEH KM 216 KEL.BLANG COT TUNONG KEC. JEUMPA KAB.,85361789331,C1,Merah - Kendaraan Pemerintah,2025-07-16,2026-01-05,BELUM LUNAS,BELUM DIKUNJUNGI
DINAS KESEHATAN KABUPATEN BENER MER,Pemerintahan,BL-2202-YD,ACEH,JL PONDOK BARU TERITIT KOMP PERKANTORAN PEMDA KEL SERULE KAYU KEC,81360212762,C1,Merah - Kendaraan Pemerintah,2024-12-24,2025-12-16,BELUM LUNAS,BELUM DIKUNJUNGI
DINAS KESEHATAN KABUPATEN BENER MER,Pemerintahan,BL-2203-YD,ACEH,JL PONDOK BARU TERITIT KOMP PERKANTORAN PEMDA KEL SERULE KAYU KEC,81360828171,C1,Merah - Kendaraan Pemerintah,2024-12-24,2025-12-16,BELUM LUNAS,BELUM DIKUNJUNGI
DINAS KESEHATAN KABUPATEN ACEH UTAR,Pemerintahan,BL-8025-KB,ACEH,JL. MEDAN-BANDA ACEH KM. 304 KEL. ALUE MUDEM KEC. LHOKSUKON KAB.,80000000000,DP,Merah - Kendaraan Pemerintah,2024-11-11,2025-11-08,BELUM LUNAS,BELUM DIKUNJUNGI
DINAS KESEHATAN KABUPATEN ACEH UTAR,Pemerintahan,BL-8024-KB,ACEH,JL. MEDAN - BANDA ACEH KM. 304 KEL. ALUE MUDEM (LANDING) KEC. LHO,80000000000,DP,Merah - Kendaraan Pemerintah,2024-11-11,2025-11-08,BELUM LUNAS,BELUM DIKUNJUNGI
DINAS KESEHATAN KABUPATEN ACEH UTAR,Pemerintahan,BL-2363-KD,ACEH,JALAN MEDAN-BANDA ACEH KM 304 LANDING KEL. ALUE MUDEM KEC. LHOKSU,8,C1,Merah - Kendaraan Pemerintah,2025-02-21,2026-02-17,BELUM LUNAS,BELUM DIKUNJUNGI
DINAS KESEHATAN KABUPATEN ACEH UTAR,Pemerintahan,BL-8062-KI,ACEH,JL. MEDAN - BANDA ACEH KM. 304 KEL. ALUE MUDEM (LANDING) KEC. LHO,80000000000,F,Merah - Kendaraan Pemerintah,2024-10-22,2025-10-21,BELUM LUNAS,BELUM DIKUNJUNGI
DINAS KESEHATAN KABUPATEN ACEH UTAR,Pemerintahan,BL-8023-KB,ACEH,JL. MEDAN - BANDA ACEH KM. 304 KEL. ALUE MUDEM (LANDING) KEC. LHO,0,DP,Merah - Kendaraan Pemerintah,2024-11-11,2025-11-08,BELUM LUNAS,BELUM DIKUNJUNGI
DINAS KESEHATAN KABUPATEN ACEH UTAR,Pemerintahan,BL-9004-KS,ACEH,JL.T.HAMZAH BENDAHARA,85261723678,A,Merah - Kendaraan Pemerintah,2024-12-13,2026-02-05,BELUM LUNAS,BELUM DIKUNJUNGI
DINAS KESEHATAN KABUPATEN ACEH UTAR,Pemerintahan,BL-1012-KG,ACEH,JL. MEDAN - B. ACEH KM. 304 ALUE MUDEM,85270609122,A,Merah - Kendaraan Pemerintah,2025-02-14,2026-02-21,BELUM LUNAS,BELUM DIKUNJUNGI
DINAS KESEHATAN KABUPATEN ACEH TENG,Pemerintahan,BL-9094-GB,ACEH,JLN. ABD. WAHAB NO.151 KEBAYAKAN TAKENGON LOT KALA KEBAYAKAN KAB,82259040070,A,Merah - Kendaraan Pemerintah,2025-01-08,2026-01-12,BELUM LUNAS,BELUM DIKUNJUNGI
DINAS KESEHATAN KABBIREUN,Pemerintahan,BL-9184-Z,ACEH,JL B.ACEH-MEDAN KM 216 DS BLANG COT TUNONG KEC. JEUMPA KAB. BIREU,85276100339,A,Merah - Kendaraan Pemerintah,2024-08-08,2025-11-08,BELUM LUNAS,BELUM DIKUNJUNGI
DINAS KESEHATAN KAB BIREUN,Pemerintahan,BL-8067-Z,ACEH,JL. BANDA ACEH - MEDAN KM.216 DS. BLANG COT TUNONG KEC. JEUMPA KA,85296907212,F,Merah - Kendaraan Pemerintah,2025-08-12,2026-07-25,LUNAS,BELUM DIKUNJUNGI
DINAS KESEHATAN KABBIREUEN,Pemerintahan,BL-9163-Z,ACEH,JL.B.ACEH-MEDAN KM 216 KEL BLANG COT TUNONG KEC. JEUMPA KAB. BIRE,811685050,A,Merah - Kendaraan Pemerintah,2025-09-11,2026-01-16,BELUM LUNAS,BELUM DIKUNJUNGI
DINAS KESEHATAN KABBIREUEN,Pemerintahan,BL-8024-Z,ACEH,JL.BANDA ACEH-MEDAN KEC. KOTA JUANG KAB. BIREUEN,81396241290,F,Merah - Kendaraan Pemerintah,2025-08-12,2026-06-10,LUNAS,BELUM DIKUNJUNGI
DINAS KESEHATAN KAB BIREUEN,Pemerintahan,BL-2058-Z,ACEH,JL. BANDA ACEH - MEDAN KM. 216 BLANG COT TEUNONG KEC JEUMPA KAB B,8000000000,C1,Merah - Kendaraan Pemerintah,2024-10-24,2025-10-09,BELUM LUNAS,BELUM DIKUNJUNGI
DINAS KESEHATAN KAB BIREUEN,Pemerintahan,BL-9172-Z,ACEH,JL.B.ACEH-MEDAN KM 216 DS BLANG COT TEUNONG KEC. JEUMPA KAB. BIRE,8236525145,A,Merah - Kendaraan Pemerintah,2025-05-26,2025-10-28,BELUM LUNAS,BELUM DIKUNJUNGI
DINAS KESEHATAN KAB BIREUEN,Pemerintahan,BL-9166-Z,ACEH,JL.B.ACEH-MEDAN KM 216 KEL BLANG COT TUNONG KEC. JEUMPA KAB. BIRE,85260573124,A,Merah - Kendaraan Pemerintah,2025-05-19,2026-01-16,BELUM LUNAS,BELUM DIKUNJUNGI
DINAS KESEHATAN KAB BIREUEN,Pemerintahan,BL-9176-Z,ACEH,JL.B.ACEH-MEDAN KM 216 DS BLANG COT TEUNONG KEC. JEUMPA KAB. BIRE,85260231234,A,Merah - Kendaraan Pemerintah,2024-07-23,2025-10-28,BELUM LUNAS,BELUM DIKUNJUNGI
DINAS KESEHATAN KAB BIREUEN,Pemerintahan,BL-0271-Z,ACEH,JL.B.ACEH-MEDAN KM 216 DS BLG COT TUNONG KEC. JEUMPA KAB.BIREUEN,82238207283,DP,Merah - Kendaraan Pemerintah,2024-10-24,2025-09-26,BELUM LUNAS,BELUM DIKUNJUNGI
DINAS KESEHATAN KABBENER MERIAH,Pemerintahan,BL-2075-YB,ACEH,KOMPLEK PERKANTORAN PEMDA DS. SERULE KAYU KEC. BUKIT KAB. BENER M,85265487521,C1,Merah - Kendaraan Pemerintah,2025-07-08,2025-10-29,BELUM LUNAS,BELUM DIKUNJUNGI
DINAS KESEHATAN KABBENER MERIAH,Pemerintahan,BL-2032-YB,ACEH,"JL.SP TERITIT-PONDOK BARU,KOMP,PEMDA DS.SERULE KAYU KEC.BUKIT KAB",82276761579,C1,Merah - Kendaraan Pemerintah,2024-11-07,2025-11-14,BELUM LUNAS,BELUM DIKUNJUNGI
DINAS KESEHATAN KABBENER MERIAH,Pemerintahan,BL-2100-YB,ACEH,KOMP.PERKANTORAN PEMDA DS.SERULE KAYU KEC BUKIT KAB BENER MERIAH,85277666828,C1,Merah - Kendaraan Pemerintah,2024-12-19,2025-10-29,BELUM LUNAS,BELUM DIKUNJUNGI
DINAS KESEHATAN KAB BENER MERIAH,Pemerintahan,BL-7012-Y,ACEH,JL.PONDOK BARU - SP TERITIT KOMPLEK PERKANTORAN SERULE KAYU KEC.,82304668666,A,Merah - Kendaraan Pemerintah,2024-11-18,2026-02-24,BELUM LUNAS,BELUM DIKUNJUNGI
DINAS KESEHATAN KAB BENER MERIAH,Pemerintahan,BL-2123-YB,ACEH,KOMP PERKANTORAN PEMDA DS. SERULE KAYU KEC. BUKIT KAB. BENER MERI,85260578146,C1,Merah - Kendaraan Pemerintah,2024-11-06,2025-11-28,BELUM LUNAS,BELUM DIKUNJUNGI
DINAS KESEHATAN KAB BENER MERIAH,Pemerintahan,BL-2124-YB,ACEH,KOMP PERKANTORAN PEMDA DS. SERULE KAYU KEC. BUKIT KAB. BENER MERI,85277049748,C1,Merah - Kendaraan Pemerintah,2024-12-19,2025-11-28,BELUM LUNAS,BELUM DIKUNJUNGI
DINAS KESEHATAN KAB BENER MERIAH,Pemerintahan,BL-8042-Y,ACEH,JL. SP. TERITIT PONDOK BARU KOMP. PERKANTORAN PEMDA KEC BENER KEL,85265847952,F,Merah - Kendaraan Pemerintah,2024-08-20,2025-08-19,LUNAS,BELUM DIKUNJUNGI
DINAS KESEHATAN KABATENGAH,Pemerintahan,BL-1090-GH,ACEH,JL.ABDUL WAHAB NO.151 TAKENGON KEC KEBAYAKAN KAB ACEH TENGAH,85362227209,DP,Merah - Kendaraan Pemerintah,2024-10-31,2025-11-14,BELUM LUNAS,BELUM DIKUNJUNGI
DINAS KESEHATAN KABA TENGAH,Pemerintahan,BL-1069-GU,ACEH,JL ABDUL WAHAB NO.151 KEL. KUTE LOT KEC. KEBAYAKAN KAB. ACEH TENG,85260783082,DP,Merah - Kendaraan Pemerintah,2025-03-18,2026-02-21,BELUM LUNAS,BELUM DIKUNJUNGI
DINAS KESEHATAN KABACEH UTARA,Pemerintahan,BL-2318-KD,ACEH,JL.MEDAN-B.ACEH KM.304 DS. ALUE MEUDEM,85236597874,C1,Merah - Kendaraan Pemerintah,2024-12-11,2025-11-27,BELUM LUNAS,BELUM DIKUNJUNGI
DINAS KESEHATAN KABACEH UTARA,Pemerintahan,BL-2259-KC,ACEH,JL.MEDAN-B.ACEH KM.304 DS.ALUE MEUDEM,81377463938,C1,Merah - Kendaraan Pemerintah,2024-12-31,2026-03-25,BELUM LUNAS,BELUM DIKUNJUNGI
DINAS KESEHATAN KABACEH UTARA,Pemerintahan,BL-2228-KC,ACEH,JL.MEDAN-B.ACEH KM.304 DS.ALUE MEUDEUM,82343031025,C1,Merah - Kendaraan Pemerintah,2025-03-13,2026-03-30,BELUM LUNAS,BELUM DIKUNJUNGI
DINAS KESEHATAN KABACEH UTARA,Pemerintahan,BL-2320-KD,ACEH,JL.MEDAN-B.ACEH KM.304 DS. ALUE MEUDEM (MUDEM) KEC. LHOKSUKON KAB,811676978,C1,Merah - Kendaraan Pemerintah,2025-05-23,2025-11-27,BELUM LUNAS,BELUM DIKUNJUNGI
DINAS KESEHATAN KABACEH UTARA,Pemerintahan,BL-2224-KC,ACEH,JL. MEDAN-B. ACEH KM. 304 KEL. ALUE MEUDEM KEC. LHOKSUKON KAB. AC,85260124521,C1,Merah - Kendaraan Pemerintah,2025-03-19,2026-03-30,BELUM LUNAS,BELUM DIKUNJUNGI
DINAS KESEHATAN KABACEH UTARA,Pemerintahan,BL-2258-KC,ACEH,JL.MEDAN-B.ACEH KM.304 DS.ALUE MEUDEM KEC. LHOKSUKON KAB. ACEH UT,85260119475,C1,Merah - Kendaraan Pemerintah,2025-03-25,2026-03-25,BELUM LUNAS,BELUM DIKUNJUNGI
DINAS KESEHATAN KABACEH UTARA,Pemerintahan,BL-8003-KV,ACEH,JL.T.HAMZAH BENDAHARA KOTA LHOKSUKON,85252122012,F,Merah - Kendaraan Pemerintah,2025-09-17,2026-07-31,BELUM LUNAS,BELUM DIKUNJUNGI
DINAS KESEHATAN KABACEH UTARA,Pemerintahan,BL-2315-KD,ACEH,JL.MEDAN-B.ACEH KM.304 DS. ALUE MEUDEM,82361780550,C1,Merah - Kendaraan Pemerintah,2024-11-25,2025-11-27,BELUM LUNAS,BELUM DIKUNJUNGI
DINAS KESEHATAN KABACEH UTARA,Pemerintahan,BL-2230-KC,ACEH,JL.MEDAN-B.ACEH KM.304 DS.ALUE MEUDEUM KEC. LHOKSUKON KAB. ACEH U,85265255655,C1,Merah - Kendaraan Pemerintah,2025-06-26,2026-03-30,BELUM LUNAS,BELUM DIKUNJUNGI
DINAS KESEHATAN KABACEH UTARA,Pemerintahan,BL-2321-KD,ACEH,JL MEDAN-B.ACEH KM 304 KEL. ALUE MEUDEM(MUDEM) KEC. LHOKSUKON KAB,85262567646,C1,Merah - Kendaraan Pemerintah,2024-12-13,2025-11-27,BELUM LUNAS,BELUM DIKUNJUNGI
DINAS KESEHATAN KABACEH UTARA,Pemerintahan,BL-2245-KC,ACEH,JL.MEDAN-B.ACEH KM.304 DS.ALUE MEUDEM,82277623910,C1,Merah - Kendaraan Pemerintah,2025-12-31,2026-03-25,BELUM LUNAS,BELUM DIKUNJUNGI
DINAS KESEHATAN KABACEH UTARA,Pemerintahan,BL-2319-KD,ACEH,JL.MEDAN-B.ACEH KM.304 DS.ALUE MEUDEM (MUDEM),85235987419,C1,Merah - Kendaraan Pemerintah,2024-12-23,2025-11-27,BELUM LUNAS,BELUM DIKUNJUNGI
DINAS KESEHATAN KABACEH UTARA,Pemerintahan,BL-2906-KB,ACEH,JL.MEDAN.B.ACEH DESA ALUE MUDEM,85260518260,C1,Merah - Kendaraan Pemerintah,2024-12-20,2025-12-22,BELUM LUNAS,BELUM DIKUNJUNGI
DINAS KESEHATAN KABACEH UTARA,Pemerintahan,BL-2247-KC,ACEH,JL.MEDAN-B.ACEH KM.304 DS.ALUE MEUDEM,85277095854,C1,Merah - Kendaraan Pemerintah,2025-03-25,2026-03-25,BELUM LUNAS,BELUM DIKUNJUNGI
DINAS KESEHATAN KABACEH UTARA,Pemerintahan,BL-2261-KC,ACEH,JL.MEDAN-B.ACEH KM.304 DS.ALUE MEUDEM KEC. LHOKSUKON KAB. ACEH UT,85280450166,C1,Merah - Kendaraan Pemerintah,2025-09-22,2026-03-25,BELUM LUNAS,BELUM DIKUNJUNGI
DINAS KESEHATAN KABACEH UTARA,Pemerintahan,BL-2311-KD,ACEH,JL.MEDAN-B.ACEH KM.304 DS. ALUE MEUDEM,85260433441,C1,Merah - Kendaraan Pemerintah,2024-11-12,2025-11-27,BELUM LUNAS,BELUM DIKUNJUNGI
DINAS KESEHATAN KABACEH UTARA,Pemerintahan,BL-2240-KC,ACEH,JL.MEDAN-B.ACEH KM.304 DS.ALUE MEUDEM,85277692105,C1,Merah - Kendaraan Pemerintah,2024-12-23,2026-03-30,BELUM LUNAS,BELUM DIKUNJUNGI
DINAS KESEHATAN KABACEH UTARA,Pemerintahan,BL-2244-KC,ACEH,JL. MEDAN-B. ACEH KM. 304 KEL. ALUE MEUDEUM KEC. LHOKSUKON KAB. A,85277994888,C1,Merah - Kendaraan Pemerintah,2025-03-19,2026-03-30,BELUM LUNAS,BELUM DIKUNJUNGI
DINAS KESEHATAN KABACEH UTARA,Pemerintahan,BL-2328-KD,ACEH,JL.MEDAN-B.ACEH KM.304 DS. ALUE MEUDEM (MUDEM) KEC. LHOKSUKON KAB,85214628931,C1,Merah - Kendaraan Pemerintah,2025-04-29,2025-11-27,BELUM LUNAS,BELUM DIKUNJUNGI
DINAS KESEHATAN KAB ACEH UTARA,Pemerintahan,BL-9020-KI,ACEH,JL. MEDAN BANDA ACEH KM. 304 ALUE MUDEM LANDING,8526052525,A,Merah - Kendaraan Pemerintah,2025-08-14,2026-05-09,LUNAS,BELUM DIKUNJUNGI
DINAS KESEHATAN KAB ACEH UTARA,Pemerintahan,BL-9003-KI,ACEH,JL.MEDAN-B.ACEH KM 304 ALUE MUDEM(LANDING),85235215411,A,Merah - Kendaraan Pemerintah,2025-02-04,2026-02-06,BELUM LUNAS,BELUM DIKUNJUNGI
DINAS KESEHATAN KAB ACEH UTARA,Pemerintahan,BL-2027-KC,ACEH,JL.MEDAN-B.ACEH KM 304 DS ALUE MEUDEM,82261845984,C1,Merah - Kendaraan Pemerintah,2024-11-21,2025-11-20,BELUM LUNAS,BELUM DIKUNJUNGI
DINAS KESEHATAN KAB ACEH UTARA,Pemerintahan,BL-9015-KI,ACEH,JL.MEDAN-B.ACEH KM 304 ALUE MUDEM (LANDING) KEC. LHOKSUKON KAB. A,85361161551,A,Merah - Kendaraan Pemerintah,2025-05-16,2026-04-07,BELUM LUNAS,BELUM DIKUNJUNGI
DINAS KESEHATAN KAB ACEH UTARA,Pemerintahan,BL-9040-KI,ACEH,JL MEDAN BANDA ACEH KM 304 LANDING ALUE MUDEM,85213511080,A,Merah - Kendaraan Pemerintah,2024-09-30,2025-09-30,BELUM LUNAS,BELUM DIKUNJUNGI
DINAS KESEHATAN KAB ACEH UTARA,Pemerintahan,BL-9016-KI,ACEH,JL.MEDAN-B.ACEH KM 304 ALUE MUDEM(LANDING) KEC.LHOKSUKON KAB.ACEH,85260900956,A,Merah - Kendaraan Pemerintah,2025-04-30,2026-04-07,LUNAS,BELUM DIKUNJUNGI
DINAS KESEHATAN KAB ACEH UTARA,Pemerintahan,BL-2026-KC,ACEH,JL.MEDAN-B.ACEH KM 304 DS ALUE MEUDEM,85235110810,C1,Merah - Kendaraan Pemerintah,2024-11-20,2025-11-20,BELUM LUNAS,BELUM DIKUNJUNGI
DINAS KESEHATAN KAB ACEH UTARA,Pemerintahan,BL-2458-KD,ACEH,JLN MEDAN - BANDA ACEH KM 304 LANDING KEL. ALUE MEUDEM (MUDEM) KE,81108095707,C1,Merah - Kendaraan Pemerintah,2024-10-02,2025-08-30,BELUM LUNAS,BELUM DIKUNJUNGI
DINAS KESEHATAN KAB ACEH UTARA,Pemerintahan,BL-9058-KI,ACEH,JLN. MEDAN - B. ACEH KM. 304 LANDING ALUE MUDEM,85260387209,A,Merah - Kendaraan Pemerintah,2025-02-05,2026-02-15,BELUM LUNAS,BELUM DIKUNJUNGI
DINAS KESEHATAN KAB ACEH UTARA,Pemerintahan,BL-9056-KI,ACEH,JLN. MEDAN - B. ACEH KM. 304 LANDING ALUE MUDEM,85270609122,A,Merah - Kendaraan Pemerintah,2025-02-14,2026-02-15,BELUM LUNAS,BELUM DIKUNJUNGI
DINAS KESEHATAN KAB ACEH UTARA,Pemerintahan,BL-9033-KI,ACEH,JL MEDAN-B.ACEH KM 304 DS ALUE MUDEM (LANDING),85261723678,A,Merah - Kendaraan Pemerintah,2024-12-13,2025-11-08,BELUM LUNAS,BELUM DIKUNJUNGI
DINAS KESEHATAN KAB ACEH UTARA,Pemerintahan,BL-2121-ND,ACEH,JL. T. HAMZAH BENDAHARA KEL. MON GEUDONG,85258949885,C1,Merah - Kendaraan Pemerintah,2024-10-25,2025-10-28,BELUM LUNAS,BELUM DIKUNJUNGI
DINAS KESEHATAN KAB ACEH UTARA,Pemerintahan,BL-9050-KT,ACEH,JALAN BANDA ACEH-MEDAN KM 295 LANDING-LHOKSUKON KAB ACEH UTARA,85211080420,A,Merah - Kendaraan Pemerintah,2024-11-14,2025-11-23,BELUM LUNAS,BELUM DIKUNJUNGI
DINAS KESEHATAN KAB ACEH UTARA,Pemerintahan,BL-1013-KG,ACEH,JL. MEDAN - B. ACEH KM 304 KEL. ALUE MEUDEM,85260463135,DP,Merah - Kendaraan Pemerintah,2024-08-19,2025-08-18,LUNAS,BELUM DIKUNJUNGI
DINAS KESEHATAN KAB ACEH UTARA,Pemerintahan,BL-9042-KI,ACEH,JL MEDAN-BANDA ACEH KM 304 LANDING DS. ALUE MUDEM KEC. LHOKSUKON,81111111111,A,Merah - Kendaraan Pemerintah,2024-09-19,2025-09-30,BELUM LUNAS,BELUM DIKUNJUNGI
DINAS KESEHATAN KAB ACEH UTARA,Pemerintahan,BL-2325-KD,ACEH,JL.MEDAN-B.ACEH KM.304 DS.ALUE MEUDEM (MUDEM) KEC. LHOKSUKON KAB.,85489652365,C1,Merah - Kendaraan Pemerintah,2024-12-27,2025-11-27,BELUM LUNAS,BELUM DIKUNJUNGI
DINAS KESEHATAN KABACEH TENGAH,Pemerintahan,BL-2175-GC,ACEH,JL.ABDUL WAHAB NO.151 DS.KEBAYAKAN KEC. KEBAYAKAN KAB ACEH TENGAH,85234532111,C1,Merah - Kendaraan Pemerintah,2024-11-28,2025-11-05,BELUM LUNAS,BELUM DIKUNJUNGI
DINAS KESEHATAN KABACEH TENGAH,Pemerintahan,BL-2184-GC,ACEH,DS KEBAYAKAN  KEC. KEBAYAKAN KAB. ACEH TENGAH,81362851647,C1,Merah - Kendaraan Pemerintah,2025-02-11,2025-11-05,BELUM LUNAS,BELUM DIKUNJUNGI
DINAS KESEHATAN KABACEH TENGAH,Pemerintahan,BL-2093-GC,ACEH,JL.ABDUL WAHAB NO.151 DS.KEBAYAKAN KEC. KEBAYAKAN KAB. ACEH TENGA,8527560774,C1,Merah - Kendaraan Pemerintah,2024-11-22,2025-11-26,BELUM LUNAS,BELUM DIKUNJUNGI
DINAS KESEHATAN KABACEH TENGAH,Pemerintahan,BL-2166-GC,ACEH,DS.KUTE LOT KEC. KEBAYAKAN KAB. ACEH TENGAH,80000000000,C1,Merah - Kendaraan Pemerintah,2024-08-19,2025-11-05,BELUM LUNAS,BELUM DIKUNJUNGI
DINAS KESEHATAN KABACEH TENGAH,Pemerintahan,BL-2912-GB,ACEH,JLN.ABDUL WAHAB 151 TAKENGON KEC. KEBAYAKAN KAB. ACEH TENGAH,85269854121,C1,Merah - Kendaraan Pemerintah,2024-09-18,2025-11-17,BELUM LUNAS,BELUM DIKUNJUNGI
DINAS KESEHATAN KABACEH TENGAH,Pemerintahan,BL-2025-GC,ACEH,JL.ABDUL WAHAB NO.151 DS.KEBAYAKAN,85277270568,C1,Merah - Kendaraan Pemerintah,2024-08-19,2025-11-26,BELUM LUNAS,BELUM DIKUNJUNGI
DINAS KESEHATAN KABACEH TENGAH,Pemerintahan,BL-2040-GC,ACEH,JL.ABDUL WAHAB NO.151 DS.KEBAYAKAN KEC. KEBAYAKAN KAB. ACEH TENGA,82260306873,C1,Merah - Kendaraan Pemerintah,2024-11-25,2025-11-26,BELUM LUNAS,BELUM DIKUNJUNGI
DINAS KESEHATAN KABACEH TENGAH,Pemerintahan,BL-2011-GC,ACEH,JL.ABDUL WAHAB NO.151 DS.KEBAYAKAN KEC. KEBAYAKAN KAB. ACEH TENGA,85277461775,C1,Merah - Kendaraan Pemerintah,2024-10-21,2025-11-26,BELUM LUNAS,BELUM DIKUNJUNGI
DINAS KESEHATAN KAB ACEH TENGAH,Pemerintahan,BL-9085-GB,ACEH,JL. ABDUL WAHAB NO.151 KEC. KEBAYAKAN KAB. ACEH TENGAH,85261828959,A,Merah - Kendaraan Pemerintah,2024-11-12,2025-11-15,BELUM LUNAS,BELUM DIKUNJUNGI
DINAS KESEHATAN BIREUEN,Pemerintahan,BL-1038-ZT,ACEH,JLN.RUMAH SAKIT BIREUEN KEC. KOTA JUANG KAB. BIREUEN,85261544667,DP,Merah - Kendaraan Pemerintah,2025-08-12,2026-07-21,LUNAS,BELUM DIKUNJUNGI
DINAS KESEHATAN BIREUEN,Pemerintahan,BL-1039-ZT,ACEH,JL.RUMAH SAKIT BIREUEN KEC. KOTA JUANG KAB. BIREUEN,82365251454,DP,Merah - Kendaraan Pemerintah,2024-10-24,2025-08-06,LUNAS,BELUM DIKUNJUNGI
DINAS KESEHATAN BIREUEN,Pemerintahan,BL-8003-Z,ACEH,JL.RSUD FAUZIAH BIREUEN KEC. KOTA JUANG KAB. BIREUEN,8139614290,A,Merah - Kendaraan Pemerintah,2025-08-12,2026-07-23,BELUM LUNAS,BELUM DIKUNJUNGI
DINAS KESEHATAN,Pemerintahan,BL-7014-Y,ACEH,JL.PONDOK BARU-SP.TERITIT KOMP PERKANTORAN PEMDA SERULE KAYU DESA,81396025433,A,Merah - Kendaraan Pemerintah,2024-12-17,2025-10-11,BELUM LUNAS,BELUM DIKUNJUNGI
DINAS KESEHATAN,Pemerintahan,BL-7015-Y,ACEH,JL.PONDOK BARU-SP.TERITIT KOMP PERKANTORAN PEMDA SERULE KAYU DESA,82271574431,A,Merah - Kendaraan Pemerintah,2024-12-24,2025-10-11,BELUM LUNAS,BELUM DIKUNJUNGI
DINAS KEPENDUDUKAN DAN CATATAN SIPI,Pemerintahan,BL-2619-ZB,ACEH,JL SULTAN ISKANDAR MUDA KEL BIREUEN KEC. KOTA JUANG KAB. BIREUEN,82237592026,C1,Merah - Kendaraan Pemerintah,2025-05-09,2026-05-05,BELUM LUNAS,BELUM DIKUNJUNGI
"DINAS KELAUTAN ,PERIKANANPERTANIAN",Pemerintahan,BL-2450-ND,ACEH,JL.BALAI KOTA NO.1 SP EMPAT,822558899552,C1,Merah - Kendaraan Pemerintah,2025-01-15,2025-09-29,BELUM LUNAS,BELUM DIKUNJUNGI
DINAS KELAUTAN  PERIKANAN KABACEH,Pemerintahan,BL-2664-ND,ACEH,JL. MAYJEND T. HAMZAH BENDAHARA KEL. MON GEUDONG KEC. BANDA SAKTI,85227134228,C1,Merah - Kendaraan Pemerintah,2024-08-23,2025-08-23,LUNAS,BELUM DIKUNJUNGI
DINAS KELAUTAN PERIKANAN DAN PERTAN,Pemerintahan,BL-2303-GC,ACEH,JL.TAKENGON ISAQ KM.7 DS.PEGASING KAB. ACEH TENGAH,85262524125,C1,Merah - Kendaraan Pemerintah,2024-12-23,2025-10-09,BELUM LUNAS,BELUM DIKUNJUNGI
DINAS KELAUTAN DAN PERIKANAN KABUPA,Pemerintahan,BL-2751-N,ACEH,JL. MAYJEND T. HAMZAH BENDAHARA DS. MON GEUDONG KEC. BANDA SAKTI,8,C2,Merah - Kendaraan Pemerintah,2025-06-16,2026-05-30,BELUM LUNAS,BELUM DIKUNJUNGI
DINAS KELAUTAN DAN PERIKANAN KABUPA,Pemerintahan,BL-2034-N,ACEH,JL. MAYJEND T. HAMZAH BENDAHARA DS. MON GEUDONG KEC. BANDA SAKTI,8,C2,Merah - Kendaraan Pemerintah,2025-05-21,2026-05-08,BELUM LUNAS,BELUM DIKUNJUNGI
DINAS KELAUTAN DAN PERIKANAN KABUPA,Pemerintahan,BL-2032-N,ACEH,JL. MAYJEND T. HAMZAH BENDAHARA DS. MON GEUDONG KEC. BANDA SAKTI,8,C2,Merah - Kendaraan Pemerintah,2025-05-21,2026-05-08,BELUM LUNAS,BELUM DIKUNJUNGI
DINAS KELAUTAN DAN PERIKANAN KABUPA,Pemerintahan,BL-2512-N,ACEH,JL. MAYJEND T. HAMZAH BENDAHARA DS. MON GEUDONG KEC. BANDA SAKTI,8,C2,Merah - Kendaraan Pemerintah,2025-06-16,2026-05-30,BELUM LUNAS,BELUM DIKUNJUNGI
DINAS KELAUTAN DAN PERIKANAN KABUPA,Pemerintahan,BL-2241-N,ACEH,JL. MAYJEND T. HAMZAH BENDAHARA DS. MON GEUDONG KEC. BANDA SAKTI,8,C2,Merah - Kendaraan Pemerintah,2025-05-21,2026-05-08,BELUM LUNAS,BELUM DIKUNJUNGI
DINAS KELAUTAN DAN PERIKANAN KAB A,Pemerintahan,BL-2486-ND,ACEH,JL.MAYJEN T HAMZAH BENDH MON GEUDONG,81000000000,C1,Merah - Kendaraan Pemerintah,2025-12-23,2026-06-16,BELUM LUNAS,BELUM DIKUNJUNGI
DINAS KELAUTAN DAN PERIKANAN KAB A,Pemerintahan,BL-2515-ND,ACEH,JL. MAYJEN T. HAMZAH BENDAHARA LHOKSEUMAWE KEL. MON GEUDONG KEC.,81360257711,C1,Merah - Kendaraan Pemerintah,2025-06-12,2026-06-18,BELUM LUNAS,BELUM DIKUNJUNGI
DINAS KELAUTAN DAN PERIKANAN KAB A,Pemerintahan,BL-2936-NE,ACEH,JL MAYJEND T HAMZAH BENDAHARA KEL. MON GEUDONG KEC. BANDA SAKTI K,85278780000,C1,Merah - Kendaraan Pemerintah,2025-11-15,2026-06-30,BELUM LUNAS,BELUM DIKUNJUNGI
DINAS KEHUTANAN  PERKEBUNAN KABA,Pemerintahan,BL-2137-KC,ACEH,JL.B.ACEH-MEDAN KOTA LHOKSUKON KEC. LHOKSUKON KAB. ACEH UTARA,82365592751,C1,Merah - Kendaraan Pemerintah,2025-12-22,2026-07-30,BELUM LUNAS,BELUM DIKUNJUNGI
DINAS KEHUTANAN  PERIKANAN KABAU,Pemerintahan,BL-2166-KC,ACEH,JL.MEDAN-B.ACEH KOTA LHOKSUKON,8234567890,C1,Merah - Kendaraan Pemerintah,2024-11-12,2025-10-22,BELUM LUNAS,BELUM DIKUNJUNGI
DINAS KBPPPA PEMERINTAHAN KABACEH,Pemerintahan,BL-2914-GC,ACEH,JL SP-KELAPING -LUKUP BADAK NO. DS.SIMPANG KELAPING KEC.PEGASING,81377190483,C1,Merah - Kendaraan Pemerintah,2025-10-14,2026-02-16,BELUM LUNAS,BELUM DIKUNJUNGI
DINAS KBPPPA PEMERINTAHAN KABACEH,Pemerintahan,BL-2910-GC,ACEH,JL SP-KELAPING -LUKUP BADAK NO. DS.SIMPANG KELAPING KEC.PEGASING,81263320085,C1,Merah - Kendaraan Pemerintah,2025-04-16,2026-02-16,BELUM LUNAS,BELUM DIKUNJUNGI
DINAS KBPPPA PEMERINTAHAN KABACEH,Pemerintahan,BL-2917-GC,ACEH,JL SP-KELAPING -LUKUB BADAK NO. DS.SIMPANG KELAPING KEC.PEGASING,85319141373,C1,Merah - Kendaraan Pemerintah,2024-12-13,2026-02-16,BELUM LUNAS,BELUM DIKUNJUNGI
DINASARI,Pemerintahan,BL-4102-GAH,ACEH,DESA GELELUNGI KEC.PEGASING KAB.ACEH TENGAH,85223564499,C1,Hitam - Kendaraan Pribadi,2025-07-30,2026-07-11,BELUM LUNAS,BELUM DIKUNJUNGI
DESA RAYEUK KAREUNG KECAMATAN BLANG,Pemerintahan,BL-2829-NE,ACEH,JL PUNTEUT KAREUNG KEL. RAYEK KAREUNG KEC. BLANG MANGAT KOTA LHOK,85273536626,C1,Merah - Kendaraan Pemerintah,2025-11-10,2026-07-31,BELUM LUNAS,BELUM DIKUNJUNGI
DESA MEUNASAH LINCAH,Pemerintahan,BL-2567-ZE,ACEH,KEL. MEUNASAH LINCAH KEL. MEUNASAH LINCAH KEC SAMALANGA KAB. BIRE,8,C1,Merah - Kendaraan Pemerintah,2025-08-14,2026-07-31,BELUM LUNAS,BELUM DIKUNJUNGI
DESA HAGU SELATAN,Pemerintahan,BL-2758-NE,ACEH,JALAN DARUSSALAM GANG PANTI ASUHAN NO 51 KEL. HAGU SELATAN KEC. B,8126949014,C1,Merah - Kendaraan Pemerintah,2025-02-05,2026-01-28,BELUM LUNAS,BELUM DIKUNJUNGI
DESA HAGU BARAT LAUT,Pemerintahan,BL-2756-NE,ACEH,JALAN TGK DAOD BEUREUEH KEL. HAGU BARAT LAUT KEC. BANDA SAKTI KOT,8,C1,Merah - Kendaraan Pemerintah,2024-10-16,2025-10-14,BELUM LUNAS,BELUM DIKUNJUNGI
DESA DAMARAN BARU,Pemerintahan,BL-2117-YF,ACEH,KANTOR DESA DAMARAN BARU,8,C1,Merah - Kendaraan Pemerintah,2024-12-24,2025-12-13,BELUM LUNAS,BELUM DIKUNJUNGI
DESA COT GIREK KANDANG KECAMATAN MU,Pemerintahan,BL-8429-NG,ACEH,JALAN CUT NYAK SADA COT GIREK KANDANG KEC. MUARA DUA KOTA LHOKSEU,852868687989,DP,Hitam - Kendaraan Pribadi,2025-12-09,2026-06-20,BELUM LUNAS,BELUM DIKUNJUNGI
DESA BLANG WEU PANJOE,Pemerintahan,BL-2876-NE,ACEH,DESA BLANG WEU PANJOE KEL. BLANG WEU PANJOU KEC. BLANG MANGAT KOT,8,C1,Merah - Kendaraan Pemerintah,2024-11-25,2025-11-06,BELUM LUNAS,BELUM DIKUNJUNGI
CV RIFKY JAYA,Perusahaan,BL-8156-KD,ACEH,JL. COT GIREK BATU XII GP. BATU XII KEC.COT GIREK KAB.ACEH UTARA,85278780000,F,Hitam - Kendaraan Pribadi,2025-02-18,2026-03-16,BELUM LUNAS,BELUM DIKUNJUNGI
CV RAMBONG JAYA,Perusahaan,BL-8321-NS,ACEH,JL. MEDAN - BANDA ACEH NO. 3 BUKIT RATA KEL. MESJID PUNTEUET KEC.,82168649410,DP,Hitam - Kendaraan Pribadi,2025-02-04,2026-02-14,BELUM LUNAS,BELUM DIKUNJUNGI
CV MITRA ABADI JAYA,Perusahaan,BL-8247-KA,ACEH,JL. GAMPONG KEUDE BLANG JRUEN KEL. KEUDE BLANG JRUEN KEC. TANAH L,85280804188,F,Hitam - Kendaraan Pribadi,2024-10-31,2026-01-07,BELUM LUNAS,BELUM DIKUNJUNGI
CV KLINIK UTAMA AL IHSAN,Perusahaan,BL-1566-KL,ACEH,JL. MEDAN-BANDA ACEH GAMPONG MEUNYE MATANG UBI,85213545110,A,Hitam - Kendaraan Pribadi,2025-05-27,2026-03-20,BELUM LUNAS,BELUM DIKUNJUNGI
CV KEVIN PRATAMA JAYA,Perusahaan,BL-1493-KT,ACEH,DESA SEURIWEUK DESA SEURIWEUK KEC MATANGKULI KAB ACEH UTARA,8,DP,Hitam - Kendaraan Pribadi,2025-03-14,2026-03-01,BELUM LUNAS,BELUM DIKUNJUNGI
CV KEVIN PRATAMA JAYA,Perusahaan,BL-8477-KV,ACEH,DESA SEURIWEUK KEL SEURIWEUK KEC MATANGKULI KABUPATEN ACEH UTARA,8,DP,Hitam - Kendaraan Pribadi,2025-04-30,2026-04-21,BELUM LUNAS,BELUM DIKUNJUNGI
CV KARYA MADI JAYA,Perusahaan,BL-1903-NU,ACEH,JALAN KUTA MANCANG NOMOR 2 DUSUN TGK DI BANGKA DESA MEUNASAH MESJ,8527878000,DP,Hitam - Kendaraan Pribadi,2025-01-31,2026-01-03,BELUM LUNAS,BELUM DIKUNJUNGI
CV KARYA MADI JAYA,Perusahaan,BL-8407-NG,ACEH,JALAN KUTA MANCANG NOMOR 2 DUSUN TGK DI BANGKA DESA MEUNASAH MESJ,85200000000,DP,Hitam - Kendaraan Pribadi,2025-04-29,2026-04-14,BELUM LUNAS,BELUM DIKUNJUNGI
CV KARYA MADI JAYA,Perusahaan,BL-1292-NR,ACEH,JL. MEDAN-BANDA ACEH DESA MEUNASAH MESJID KEC. MUARA DUA KOTA LHO,85200000000,DP,Hitam - Kendaraan Pribadi,2024-10-01,2025-09-29,BELUM LUNAS,BELUM DIKUNJUNGI
CV KARYA MADI JAYA,Perusahaan,BL-1863-NR,ACEH,JALAN KUTA MANCANG NOMOR 2 DUSUN TGK DI BANGKA DESA MEUNASAH MESJ,85260733377,DP,Hitam - Kendaraan Pribadi,2025-04-14,2026-02-10,BELUM LUNAS,BELUM DIKUNJUNGI
CV JURONGME COMPANY,Perusahaan,BL-8277-KA,ACEH,JL DESA MNS DRANG KEL MEUNASAH DRANG KEC MUARA BATU KAB ACEH UTAR,85260820014,F,Hitam - Kendaraan Pribadi,2025-08-28,2026-07-27,BELUM LUNAS,BELUM DIKUNJUNGI
CV INDO KARYA TEKNIK,Perusahaan,BL-8265-KA,ACEH,DUSUN JURONG MEE KEL.MEUNASAH BARO KEC.MUARA BATU KAB ACEH UTARA,811111111,F,Hitam - Kendaraan Pribadi,2025-04-15,2026-02-06,BELUM LUNAS,BELUM DIKUNJUNGI
CV HONDA MOTOR,Perusahaan,BL-4006-ZAN,ACEH,JL.T. HAMZAH BENDAHARA NO.8 DS. BANDAR BIREUEN KEC. KOTA JUANG KA,85262223938,C1,Hitam - Kendaraan Pribadi,2024-11-25,2025-11-27,BELUM LUNAS,BELUM DIKUNJUNGI
CV  GENERATION,Perusahaan,BL-1381-ZT,ACEH,JL MAYJEN T HAMZAH BENDAHARA GP BANDAR BIREUEN KEC. KOTA JUANG KA,82163467184,DP,Hitam - Kendaraan Pribadi,2025-08-04,2026-08-03,LUNAS,BELUM DIKUNJUNGI
CV GAYO DUMP,Perusahaan,BL-8715-GB,ACEH,JL.BIREUEN-TAKENGON KP.PAYA TUMPI I KEC.KEBAYAKAN KAB. ACEH TENGA,85354702231,F,Hitam - Kendaraan Pribadi,2025-01-15,2025-12-11,BELUM LUNAS,BELUM DIKUNJUNGI
CV ERBUST MANDIRI,Perusahaan,BL-1140-NY,ACEH,JL. SUKA RAMAI NO. 11 KEL. LHOKSEUMAWE,813700530,DP,Hitam - Kendaraan Pribadi,2024-12-20,2025-09-08,LUNAS,BELUM DIKUNJUNGI
CVDATINGGA COFFE PROCESSING,Perusahaan,BL-8325-GB,ACEH,DS TAN SARIL KEC. BEBESEN KAB. ACEH TENGAH,82274213032,F,Hitam - Kendaraan Pribadi,2024-12-31,2025-12-15,BELUM LUNAS,BELUM DIKUNJUNGI
CV CAKRA EXPRES CABANG,Perusahaan,BL-8654-KB,ACEH,JL. MEDAN-B.ACEH KM 268 KEL. KRUENG GEUKUEH KEC. DEWANTARA KAB. A,85260121700,F,Hitam - Kendaraan Pribadi,2024-11-12,2025-11-10,BELUM LUNAS,BELUM DIKUNJUNGI
CVATLAS,Perusahaan,BL-1153-GZ,ACEH,JLN.ABDUL WAHAB NO.07 TAKENGON KEC. KEBAYAKAN KAB. ACEH TENGAH,81262200055,DP,Hitam - Kendaraan Pribadi,2025-03-24,2025-08-13,LUNAS,BELUM DIKUNJUNGI
CV ATJEH MEDIATAMA INDONESIA,Perusahaan,BL-8304-NG,ACEH,JALN MEDAN - BANDA ACEH KEL. MEUNASAH MEE KEC. MUARA DUA KOTA LHO,81111111111,F,Hitam - Kendaraan Pribadi,2025-08-21,2026-07-25,LUNAS,BELUM DIKUNJUNGI
CV ARABICA GAYO BENGI,Perusahaan,BL-5791-GAD,ACEH,JLN.MESS TIME RUANG DS.KEMILI KEC.BEBESEN KAB.ACEH TENGAH,81269123318,C1,Hitam - Kendaraan Pribadi,2025-06-13,2025-12-15,BELUM LUNAS,BELUM DIKUNJUNGI
BPBD KABUPATEN BENER MERIAH,Pemerintahan,BL-8072-Y,ACEH,KP. TINGKEM BENYER KEC. BUKIT KABUPATEN BENER MERIAH,82248668905,F,Merah - Kendaraan Pemerintah,2025-11-13,2026-03-06,BELUM LUNAS,BELUM DIKUNJUNGI
BADAN USAHA MILIK GAMPONG BUMG SA,Pemerintahan,BL-8369-NF,ACEH,JL. TGK CHIK DITUNONG NO.26 GAMPONG MON GEUDONG,8117542100,DP,Hitam - Kendaraan Pribadi,2025-01-02,2026-01-30,BELUM LUNAS,BELUM DIKUNJUNGI
BADAN PUSAT STATISTIK KABBIREUEN,Pemerintahan,BL-2360-ZB,ACEH,"JL.B.ACEH-MEDAN KM.216,5 DS. BIREUEN MNS BLANG KEC. KOTA JUANG KA",85362298287,C1,Merah - Kendaraan Pemerintah,2025-01-31,2025-11-05,BELUM LUNAS,BELUM DIKUNJUNGI
BADAN PUSAT STATISTIK KAB BIREUEN,Pemerintahan,BL-2415-ZB,ACEH,"JL.B.ACEH MEDAN KM 216,5 BIREUEN MEUNASAH BLANG KEC KOTA JUANG KA",85207676700,C1,Merah - Kendaraan Pemerintah,2025-08-22,2026-06-25,BELUM LUNAS,BELUM DIKUNJUNGI
BADAN PUSAT STATISTIK KAB BIREUEN,Pemerintahan,BL-2343-ZB,ACEH,"JL.B.ACEH-MEDAN KM.216,5 MNS BLANG KEC KOTA JUANG KAB BIREUEN",81263022549,C1,Merah - Kendaraan Pemerintah,2026-02-25,2026-06-23,BELUM LUNAS,BELUM DIKUNJUNGI
BADAN PUSAT STATISTIK KABBENER MER,Pemerintahan,BL-2152-YB,ACEH,JL.BANDARA REMBELE PANTE RAYA DS.WONOSOBO KEC. WIH PESAM KAB. BEN,85288285825,C1,Merah - Kendaraan Pemerintah,2025-11-19,2026-04-07,BELUM LUNAS,BELUM DIKUNJUNGI
BADAN PUSAT STATISTIK KABBENER MER,Pemerintahan,BL-2151-YB,ACEH,JL.BANDARA REMBELE PANTE RAYA DS.WONOSOBO KEC. WIH PESAM KAB. BEN,82288285825,C1,Merah - Kendaraan Pemerintah,2025-04-24,2026-04-07,BELUM LUNAS,BELUM DIKUNJUNGI
BADAN PUSAT STATISTIK KABBENER MER,Pemerintahan,BL-2278-Y,ACEH,JL.BIREUEN TAKENGON KM.81 KOMP.KLK KEC.WIH PESAM KAB.BENER MERIAH,82288285825,C1,Merah - Kendaraan Pemerintah,2025-06-30,2026-06-30,BELUM LUNAS,BELUM DIKUNJUNGI
BADANPUSAT STATISTIK KABATENGAH,Pemerintahan,BL-2260-GC,ACEH,JL.PAHLAWAN NO.690 BALE ATU KEC. LAUT TAWAR KAB. ACEH TENGAH,8526052532,C1,Merah - Kendaraan Pemerintah,2025-02-25,2025-11-05,BELUM LUNAS,BELUM DIKUNJUNGI
BADAN PUSAT STATISTIK KABACEH UTAR,Pemerintahan,BL-2335-KD,ACEH,"JL.MEDAN-B.ACEH KM 297,5",85260101696,C1,Merah - Kendaraan Pemerintah,2025-02-05,2026-02-12,BELUM LUNAS,BELUM DIKUNJUNGI
BADAN PUSAT STATISTIK KABACEH UTAR,Pemerintahan,BL-2334-KD,ACEH,"JL.MEDAN-B.ACEH KM 297,5",85240565140,C1,Merah - Kendaraan Pemerintah,2025-02-05,2026-02-12,BELUM LUNAS,BELUM DIKUNJUNGI
BADAN PUSAT STATISTIK KABACEH UTAR,Pemerintahan,BL-2337-KD,ACEH,"JL.MEDAN-B.ACEH KM 297,5 KEL.MEUNASAH ALUE DRIEN",85260101696,C1,Merah - Kendaraan Pemerintah,2025-02-05,2026-02-12,BELUM LUNAS,BELUM DIKUNJUNGI
BADAN PUSAT STATISTIK KABACEH UTAR,Pemerintahan,BL-2333-KD,ACEH,"JL.MEDAN-B.ACEH KM 297,5",85260101696,C1,Merah - Kendaraan Pemerintah,2025-02-05,2026-02-12,BELUM LUNAS,BELUM DIKUNJUNGI
BADAN PUSAT STATISTIK KABACEH UTAR,Pemerintahan,BL-2336-KD,ACEH,"JL.MEDAN-B.ACEH KM 297,5",85236598741,C1,Merah - Kendaraan Pemerintah,2025-02-05,2026-02-12,BELUM LUNAS,BELUM DIKUNJUNGI
BADAN PUSAT STATISTIK KABACEH UTAR,Pemerintahan,BL-2332-KD,ACEH,"JL.MEDAN-B.ACEH KM 297,5",81377190744,C1,Merah - Kendaraan Pemerintah,2025-02-05,2026-02-12,BELUM LUNAS,BELUM DIKUNJUNGI
BADAN PERENCANAAN PEMBANGUNAN DAERA,Pemerintahan,BL-2478-KB,ACEH,JL. SAMUDERA NO. 53 LHOKSEUMAWE,85241021452,C1,Merah - Kendaraan Pemerintah,2025-07-30,2026-07-29,BELUM LUNAS,BELUM DIKUNJUNGI
BADAN PERBERDAYAAN MASYKABACEH TE,Pemerintahan,BL-1038-GH,ACEH,JL.PAHLAWAN NO.737 TAKENGON KEC. LUT TAWAR KAB. ACEH TENGAH,82362261393,DP,Merah - Kendaraan Pemerintah,2025-07-31,2026-07-19,BELUM LUNAS,BELUM DIKUNJUNGI
BADAN PENAGGULBENCANA DAERAH KABA,Pemerintahan,BL-1087-GH,ACEH,JL.PAYA ILANG,85200000000,DP,Merah - Kendaraan Pemerintah,2025-07-23,2026-05-25,BELUM LUNAS,BELUM DIKUNJUNGI
BADAN NARKOTIKA NASIONAL KABBRN,Pemerintahan,BL-2490-ZB,ACEH,JLN.B.ACEH-MEDAN KM.223 COT BADA TUNONG,82167716386,C1,Merah - Kendaraan Pemerintah,2025-08-05,2026-07-07,LUNAS,BELUM DIKUNJUNGI
BADAN NARKOTIKA NASIONAL KABBRN,Pemerintahan,BL-2491-ZB,ACEH,JLN.B.ACEH-MEDAN KM.223 COT BADA TUNONG KEC. PEUSANGAN KAB. BIREU,85260111111,C1,Merah - Kendaraan Pemerintah,2025-08-05,2026-07-07,LUNAS,BELUM DIKUNJUNGI
BADAN NARKOTIKA NASIONAL KABBIREUE,Pemerintahan,BL-2414-ZB,ACEH,JL.DAYAH DARUL ISTIQAMAH NO.66 GEULANGGANG GAMPONG KEC. KOTA JUAN,88950892913,C1,Merah - Kendaraan Pemerintah,2025-08-05,2026-05-15,LUNAS,BELUM DIKUNJUNGI
BADAN LINGKUNGAN HIDUP KEBERSIHANP,Pemerintahan,BL-8074-GB,ACEH,JLN.C.YOS SUDARSO NO.5 TAKENGON KEC. BEBESEN KAB. ACEH TENGAH,85297314241,F,Merah - Kendaraan Pemerintah,2025-05-16,2026-03-19,BELUM LUNAS,BELUM DIKUNJUNGI
BADAN LINGKUNGAN HIDUP DAN KEBERSIH,Pemerintahan,BL-1053-NV,ACEH,JL. LISTRIK NO. 02 LHOKSEUMAWE KEC. BANDA SAKTI KOTA LHOKSEUMAWE,852787800,DP,Merah - Kendaraan Pemerintah,2025-07-24,2025-11-03,BELUM LUNAS,BELUM DIKUNJUNGI
BADAN LAYANAN UMUM RS DAERAH DRFAU,Pemerintahan,BL-1043-ZT,ACEH,JL MAYJEN T HAMZAH BENDAHARA NO.13 DS. BANDAR BIREUEN KEC. KOTA J,81111111111,A,Merah - Kendaraan Pemerintah,2025-06-12,2026-02-06,BELUM LUNAS,BELUM DIKUNJUNGI
BADAN KETAHANA PANGAN  PENYULUHAN,Pemerintahan,BL-2054-KC,ACEH,JL.MEDAN B.ACEH KEL.KOTA LHOKSUKON KAB. ACEH UTARA,0,C1,Merah - Kendaraan Pemerintah,2025-08-21,2026-07-06,BELUM LUNAS,BELUM DIKUNJUNGI
BADAN KETAHANAN PANGAN  PENYULUHAN,Pemerintahan,BL-2045-KC,ACEH,JL.MEDAN B.ACEH KEL.KUTA LHOKSUKON KEC. LHOKSUKON KAB.ACEH UTARA,85277919067,C1,Merah - Kendaraan Pemerintah,2025-07-04,2026-07-06,LUNAS,BELUM DIKUNJUNGI
BADAN KETAHANAN PANGAN  PENYULUHAN,Pemerintahan,BL-2063-KC,ACEH,JL.MEDAN B.ACEH KEL.KOTA LHOKSUKON,85260905066,C1,Merah - Kendaraan Pemerintah,2026-04-30,2026-07-06,BELUM LUNAS,BELUM DIKUNJUNGI
BADAN KETAHANAN PANGAN  PENYULUHAN,Pemerintahan,BL-2061-KC,ACEH,JL.MEDAN B.ACEH KEL.KOTA LHOKSUKON,85371181434,C1,Merah - Kendaraan Pemerintah,2025-12-24,2026-07-06,BELUM LUNAS,BELUM DIKUNJUNGI
BADAN KETAHANAN PANGAN  PENYULUHAN,Pemerintahan,BL-2055-KC,ACEH,JL.MEDAN B.ACEH KEL.KOTA LHOKSUKON KEC. LHOKSUKON KAB.ACEH UTARA,85288553772,C1,Merah - Kendaraan Pemerintah,2025-07-01,2026-07-06,BELUM LUNAS,BELUM DIKUNJUNGI
BADAN KETAHANAN PANGAN  PENYULUHAN,Pemerintahan,BL-2043-KC,ACEH,JL.MEDAN B.ACEH KEL.KOTA LHOKSUKON KEC. LHOKSUKON KAB.ACEH UTARA,85298489489,C1,Merah - Kendaraan Pemerintah,2025-07-18,2026-07-06,BELUM LUNAS,BELUM DIKUNJUNGI
BADAN KETAHANAN PANGAN  PENYULUHAN,Pemerintahan,BL-2071-KC,ACEH,JL.MEDAN B.ACEH KEL.KOTA LHOKSUKON KEC. LHOKSUKON KAB. ACEH UTARA,85206684335,C1,Merah - Kendaraan Pemerintah,2026-04-06,2026-07-06,BELUM LUNAS,BELUM DIKUNJUNGI
BADAN KETAHANAN PANGAN  PENYULUHAN,Pemerintahan,BL-2572-ND,ACEH,JL. T HAMZAH BENDAHARA KEL. MON GEUDONG KEC. BANDA SAKTI KOTA LHO,81375464779,C1,Merah - Kendaraan Pemerintah,2026-04-16,2026-07-04,BELUM LUNAS,BELUM DIKUNJUNGI
BADAN KETAHANAN PANGAN  PENYULUHAN,Pemerintahan,BL-2058-KC,ACEH,JL.MEDAN B.ACEH KEL.KOTA LHOKSUKON KEC. LHOKSUKON KAB. ACEH UTARA,85260121898,C1,Merah - Kendaraan Pemerintah,2025-09-01,2026-07-06,BELUM LUNAS,BELUM DIKUNJUNGI
BADAN KETAHANAN PANGAN  PENYULUHAN,Pemerintahan,BL-2067-KC,ACEH,JL MEDAN B ACEH KEL KOTA LHOKSUKON,85222918736,C1,Merah - Kendaraan Pemerintah,2025-05-08,2026-07-06,BELUM LUNAS,BELUM DIKUNJUNGI
BADAN KETAHANAN PANGAN DAN PENYULUH,Pemerintahan,BL-2559-ND,ACEH,JL. T. HAMZAH BENDAHARA KEL. MON GEUDONG KEC. BANDA SAKTI KOTA LH,85261436888,C1,Merah - Kendaraan Pemerintah,2025-12-23,2026-07-04,LUNAS,BELUM DIKUNJUNGI
BADAN BAITUL MAL KABACEH UTARA,Pemerintahan,BL-2541-N,ACEH,JL.MAYJEN NYAK ADAM KAMIL NO.5,85278780000,C1,Merah - Kendaraan Pemerintah,2024-09-11,2025-10-02,BELUM LUNAS,BELUM DIKUNJUNGI
